OPENED     | CLOSED     | PX OPEN| PX CLOSE|L/S STRIKES | EXP        | DTE| DEBIT| Value| P/L    | REASON      | MULT
2020-06-05 | 2020-07-08 | 240.18 | 259.24 | 252.0/260.0 | 2020-07-10 | 35 | 1.10 | 5.84 | 474.00 | take profit | 5.31
2020-06-12 | 2020-07-17 | 233.87 | 259.91 | 250.0/261.0 | 2020-07-17 | 35 | 1.69 | 9.83 | 814.00 | take profit | 5.82
2020-06-19 | 2020-07-24 | 244.45 | 255.15 | 259.0/270.0 | 2020-07-24 | 35 | 1.59 | 0.00 | -159.00 | stop loss | 0.00
2020-06-26 | 2020-07-31 | 241.04 | 264.49 | 258.0/269.0 | 2020-07-31 | 35 | 1.66 | 6.37 | 471.00 | expiration | 3.84
2020-07-10 | 2020-07-24 | 263.65 | 255.15 | 281.0/292.5 | 2020-08-14 | 35 | 1.63 | 0.22 | -141.00 | stop loss | 0.13
2020-07-17 | 2020-08-21 | 259.90 | 281.41 | 276.0/288.0 | 2020-08-21 | 35 | 1.65 | 5.19 | 354.00 | expiration | 3.15
2020-07-24 | 2020-08-25 | 254.89 | 285.60 | 272.0/284.0 | 2020-08-28 | 35 | 1.77 | 10.39 | 862.00 | take profit | 5.87
2020-07-31 | 2020-08-31 | 264.45 | 296.16 | 280.0/290.0 | 2020-09-04 | 35 | 1.54 | 8.79 | 725.00 | take profit | 5.71
2020-08-07 | 2020-09-02 | 270.46 | 303.09 | 286.0/297.5 | 2020-09-11 | 35 | 1.68 | 9.19 | 751.00 | take profit | 5.47
2020-08-14 | 2020-09-02 | 271.50 | 303.09 | 288.0/300.0 | 2020-09-18 | 35 | 1.54 | 8.46 | 692.00 | take profit | 5.49
2020-08-21 | 2020-09-11 | 281.99 | 270.43 | 299.0/312.0 | 2020-09-30 | 40 | 1.68 | 0.23 | -145.00 | stop loss | 0.14
2020-08-28 | 2020-09-08 | 292.27 | 271.22 | 312.5/327.5 | 2020-10-02 | 35 | 1.86 | 0.19 | -167.00 | stop loss | 0.10
2020-09-04 | 2020-09-11 | 286.23 | 270.43 | 311.0/329.0 | 2020-10-09 | 35 | 2.31 | 0.16 | -215.00 | stop loss | 0.07
2020-09-11 | 2020-10-16 | 270.84 | 289.75 | 292.0/307.0 | 2020-10-16 | 35 | 2.00 | 0.00 | -200.00 | stop loss | 0.00
2020-09-18 | 2020-10-23 | 266.85 | 284.38 | 287.5/302.5 | 2020-10-23 | 35 | 2.03 | 0.00 | -203.00 | stop loss | 0.00
2020-09-25 | 2020-10-28 | 271.89 | 273.48 | 292.0/307.5 | 2020-10-30 | 35 | 2.11 | 0.00 | -211.00 | stop loss | 0.00
2020-10-02 | 2020-10-30 | 275.35 | 268.32 | 298.0/315.0 | 2020-11-06 | 35 | 2.34 | 0.06 | -228.00 | stop loss | 0.03
2020-10-09 | 2020-10-30 | 285.41 | 268.32 | 306.0/320.0 | 2020-11-13 | 35 | 1.89 | 0.06 | -183.00 | stop loss | 0.03
2020-10-16 | 2020-10-30 | 290.37 | 268.32 | 312.0/330.0 | 2020-11-20 | 35 | 2.22 | 0.10 | -212.00 | stop loss | 0.05
2020-10-23 | 2020-11-02 | 283.99 | 268.34 | 304.0/319.0 | 2020-11-27 | 35 | 2.10 | 0.33 | -177.00 | stop loss | 0.16
2020-10-30 | 2020-12-02 | 267.74 | 303.70 | 291.0/306.0 | 2020-12-04 | 35 | 2.25 | 11.73 | 948.00 | take profit | 5.21
2020-11-06 | 2020-11-18 | 294.11 | 291.12 | 310.0/322.5 | 2020-12-04 | 28 | 1.69 | 0.24 | -145.00 | stop loss | 0.14
2020-11-13 | 2020-12-18 | 290.65 | 308.27 | 308.0/321.0 | 2020-12-18 | 35 | 1.65 | 0.86 | -79.00 | expiration | 0.52
2020-11-20 | 2020-12-24 | 291.32 | 309.56 | 306.0/318.0 | 2020-12-24 | 34 | 1.48 | 3.46 | 198.00 | expiration | 2.34
2020-11-27 | 2020-12-31 | 299.01 | 313.01 | 314.0/327.0 | 2020-12-31 | 34 | 1.52 | 0.05 | -147.00 | stop loss | 0.03
2020-12-04 | 2021-01-04 | 305.09 | 309.09 | 322.0/337.5 | 2021-01-08 | 35 | 1.77 | 0.17 | -160.00 | stop loss | 0.10
2020-12-11 | 2021-01-15 | 301.50 | 311.96 | 319.0/333.0 | 2021-01-15 | 35 | 1.80 | 0.00 | -180.00 | stop loss | 0.00
2020-12-18 | 2021-01-15 | 308.25 | 311.96 | 324.0/336.0 | 2021-01-22 | 35 | 1.75 | 0.21 | -154.00 | stop loss | 0.12
2021-01-08 | 2021-02-12 | 318.22 | 335.69 | 336.0/350.0 | 2021-02-12 | 35 | 1.84 | 0.16 | -168.00 | stop loss | 0.09
2021-01-15 | 2021-02-19 | 312.49 | 331.06 | 330.0/343.0 | 2021-02-19 | 35 | 1.92 | 1.13 | -79.00 | expiration | 0.59
2021-01-22 | 2021-02-19 | 326.24 | 331.06 | 344.0/357.5 | 2021-02-26 | 35 | 1.84 | 0.14 | -170.00 | stop loss | 0.08
2021-01-29 | 2021-02-25 | 316.30 | 313.07 | 337.5/352.0 | 2021-03-05 | 35 | 2.23 | 0.14 | -209.00 | stop loss | 0.06
2021-02-05 | 2021-02-22 | 330.78 | 322.84 | 347.5/361.0 | 2021-03-12 | 35 | 1.70 | 0.22 | -148.00 | stop loss | 0.13
2021-02-12 | 2021-02-25 | 335.14 | 313.07 | 351.0/365.0 | 2021-03-19 | 35 | 1.79 | 0.19 | -160.00 | stop loss | 0.11
2021-02-19 | 2021-03-02 | 331.46 | 319.45 | 348.0/361.0 | 2021-03-26 | 35 | 1.84 | 0.26 | -158.00 | stop loss | 0.14
2021-02-26 | 2021-03-08 | 316.04 | 301.96 | 336.0/349.0 | 2021-04-01 | 34 | 1.95 | 0.25 | -170.00 | stop loss | 0.13
2021-03-05 | 2021-04-09 | 308.58 | 336.44 | 327.5/342.5 | 2021-04-09 | 35 | 2.03 | 8.89 | 686.00 | expiration | 4.38
2021-03-12 | 2021-04-16 | 314.79 | 342.01 | 334.0/350.0 | 2021-04-16 | 35 | 2.06 | 7.96 | 590.00 | expiration | 3.86
2021-03-19 | 2021-04-23 | 313.59 | 340.23 | 333.0/347.5 | 2021-04-23 | 35 | 1.82 | 7.18 | 536.00 | expiration | 3.95
2021-03-26 | 2021-04-15 | 313.20 | 341.60 | 331.0/345.0 | 2021-04-30 | 35 | 1.69 | 9.17 | 748.00 | take profit | 5.43
2021-04-09 | 2021-05-03 | 336.30 | 336.19 | 352.5/365.0 | 2021-05-14 | 35 | 1.58 | 0.15 | -143.00 | stop loss | 0.09
2021-04-16 | 2021-05-03 | 341.93 | 336.19 | 356.0/368.0 | 2021-05-21 | 35 | 1.56 | 0.24 | -132.00 | stop loss | 0.15
2021-04-23 | 2021-05-04 | 340.37 | 328.57 | 355.0/367.0 | 2021-05-28 | 35 | 1.66 | 0.22 | -144.00 | stop loss | 0.13
2021-04-30 | 2021-05-10 | 338.12 | 326.78 | 353.0/365.0 | 2021-06-04 | 35 | 1.54 | 0.20 | -134.00 | stop loss | 0.13
2021-05-07 | 2021-05-19 | 334.71 | 321.11 | 349.0/361.0 | 2021-06-11 | 35 | 1.53 | 0.20 | -133.00 | stop loss | 0.13
2021-05-14 | 2021-06-18 | 326.76 | 343.73 | 342.0/355.0 | 2021-06-18 | 35 | 1.76 | 1.73 | -3.00 | expiration | 0.98
2021-05-21 | 2021-06-25 | 327.89 | 349.19 | 343.0/355.0 | 2021-06-25 | 35 | 1.54 | 6.14 | 460.00 | expiration | 3.99
2021-05-28 | 2021-07-02 | 334.59 | 358.56 | 348.0/360.0 | 2021-07-02 | 35 | 1.39 | 10.45 | 906.00 | take profit | 7.52
2021-06-04 | 2021-07-02 | 335.65 | 358.56 | 348.0/360.0 | 2021-07-07 | 33 | 1.41 | 9.68 | 827.00 | take profit | 6.87
2021-06-11 | 2021-07-06 | 340.60 | 360.25 | 353.0/363.0 | 2021-07-16 | 35 | 1.19 | 6.42 | 523.00 | take profit | 5.39
2021-06-18 | 2021-07-23 | 343.46 | 368.24 | 357.0/368.0 | 2021-07-23 | 35 | 1.45 | 10.82 | 937.00 | take profit | 7.46
2021-06-25 | 2021-07-30 | 349.52 | 364.30 | 362.5/374.0 | 2021-07-30 | 35 | 1.43 | 1.78 | 35.00 | expiration | 1.24
2021-07-02 | 2021-08-02 | 358.39 | 364.17 | 372.0/382.5 | 2021-08-06 | 35 | 1.27 | 0.19 | -108.00 | stop loss | 0.15
2021-07-09 | 2021-08-06 | 361.08 | 367.82 | 376.0/388.0 | 2021-08-13 | 35 | 1.43 | 0.15 | -128.00 | stop loss | 0.10
2021-07-16 | 2021-08-17 | 357.87 | 364.88 | 372.0/384.0 | 2021-08-20 | 35 | 1.65 | 0.14 | -151.00 | stop loss | 0.08
2021-07-23 | 2021-08-11 | 367.93 | 365.90 | 382.0/392.0 | 2021-08-27 | 35 | 1.26 | 0.14 | -112.00 | stop loss | 0.11
2021-07-30 | 2021-09-03 | 364.39 | 381.53 | 379.0/390.0 | 2021-09-03 | 35 | 1.45 | 2.43 | 98.00 | expiration | 1.68
2021-08-06 | 2021-09-10 | 367.98 | 377.12 | 381.0/390.0 | 2021-09-10 | 35 | 1.29 | 0.00 | -129.00 | stop loss | 0.00
2021-08-13 | 2021-09-14 | 368.43 | 374.64 | 380.0/389.0 | 2021-09-15 | 33 | 1.29 | 0.05 | -124.00 | stop loss | 0.04
2021-08-20 | 2021-09-20 | 367.70 | 363.79 | 381.0/390.0 | 2021-09-24 | 35 | 1.30 | 0.09 | -121.00 | stop loss | 0.07
2021-08-27 | 2021-09-20 | 376.38 | 363.79 | 387.5/396.0 | 2021-10-01 | 35 | 1.24 | 0.06 | -118.00 | stop loss | 0.05
2021-09-03 | 2021-09-17 | 381.63 | 374.25 | 394.0/404.0 | 2021-10-08 | 35 | 1.31 | 0.13 | -118.00 | stop loss | 0.10
2021-09-10 | 2021-09-20 | 377.43 | 363.79 | 392.0/402.0 | 2021-10-15 | 35 | 1.37 | 0.13 | -124.00 | stop loss | 0.09
2021-09-17 | 2021-09-28 | 373.31 | 360.72 | 387.0/397.0 | 2021-10-22 | 35 | 1.50 | 0.18 | -132.00 | stop loss | 0.12
2021-09-24 | 2021-10-04 | 373.10 | 352.26 | 386.0/396.0 | 2021-10-29 | 35 | 1.50 | 0.10 | -140.00 | stop loss | 0.07
2021-10-01 | 2021-11-02 | 360.32 | 389.32 | 377.0/387.5 | 2021-11-05 | 35 | 1.65 | 8.92 | 727.00 | take profit | 5.41
2021-10-08 | 2021-11-03 | 362.02 | 392.96 | 377.0/387.0 | 2021-11-12 | 35 | 1.55 | 8.77 | 722.00 | take profit | 5.66
2021-10-15 | 2021-11-03 | 368.57 | 392.96 | 381.0/392.0 | 2021-11-19 | 35 | 1.46 | 8.25 | 679.00 | take profit | 5.65
2021-10-22 | 2021-11-16 | 373.87 | 397.74 | 387.0/397.0 | 2021-11-26 | 35 | 1.39 | 7.41 | 602.00 | take profit | 5.33
2021-10-29 | 2021-12-02 | 384.79 | 391.21 | 399.0/410.0 | 2021-12-03 | 35 | 1.48 | 0.11 | -137.00 | stop loss | 0.07
2021-11-05 | 2021-11-26 | 398.44 | 391.20 | 416.0/430.0 | 2021-12-10 | 35 | 1.66 | 0.11 | -155.00 | stop loss | 0.07
2021-11-12 | 2021-12-03 | 394.87 | 380.23 | 412.0/425.0 | 2021-12-17 | 35 | 1.61 | 0.20 | -141.00 | stop loss | 0.12
2021-11-19 | 2021-12-03 | 404.08 | 380.23 | 420.0/433.0 | 2021-12-23 | 34 | 1.65 | 0.13 | -152.00 | stop loss | 0.08
2021-11-26 | 2021-12-16 | 391.20 | 387.39 | 411.0/425.0 | 2021-12-31 | 35 | 2.23 | 0.33 | -190.00 | stop loss | 0.15
2021-12-03 | 2022-01-04 | 380.55 | 396.99 | 405.0/421.0 | 2022-01-07 | 35 | 2.45 | 0.31 | -214.00 | stop loss | 0.13
2021-12-10 | 2022-01-04 | 396.72 | 396.99 | 415.0/428.0 | 2022-01-14 | 35 | 1.74 | 0.16 | -158.00 | stop loss | 0.09
2021-12-17 | 2022-01-06 | 386.28 | 384.00 | 406.0/422.0 | 2022-01-21 | 35 | 2.05 | 0.32 | -173.00 | stop loss | 0.16
2021-12-31 | 2022-01-07 | 399.00 | 380.32 | 415.0/429.0 | 2022-02-04 | 35 | 1.83 | 0.21 | -162.00 | stop loss | 0.11
2022-01-07 | 2022-01-21 | 380.55 | 353.83 | 400.0/414.0 | 2022-02-11 | 35 | 1.91 | 0.14 | -177.00 | stop loss | 0.07
2022-01-14 | 2022-01-21 | 379.27 | 353.83 | 400.0/412.0 | 2022-02-18 | 35 | 1.66 | 0.23 | -143.00 | stop loss | 0.14
2022-01-21 | 2022-02-11 | 352.60 | 346.58 | 379.0/396.0 | 2022-02-25 | 35 | 2.53 | 0.19 | -234.00 | stop loss | 0.08
2022-01-28 | 2022-02-18 | 347.49 | 342.23 | 369.0/384.0 | 2022-03-04 | 35 | 2.06 | 0.29 | -177.00 | stop loss | 0.14
2022-02-04 | 2022-02-17 | 360.35 | 346.53 | 381.0/396.0 | 2022-03-11 | 35 | 2.02 | 0.22 | -180.00 | stop loss | 0.11
2022-02-11 | 2022-02-23 | 347.72 | 330.01 | 372.0/388.0 | 2022-03-18 | 35 | 2.42 | 0.20 | -222.00 | stop loss | 0.08
2022-02-18 | 2022-03-07 | 341.80 | 326.67 | 364.0/379.0 | 2022-03-25 | 35 | 2.20 | 0.26 | -194.00 | stop loss | 0.12
2022-02-25 | 2022-03-11 | 344.72 | 325.66 | 366.0/382.0 | 2022-04-01 | 35 | 2.19 | 0.17 | -202.00 | stop loss | 0.08
2022-03-04 | 2022-03-14 | 336.25 | 318.68 | 360.0/376.0 | 2022-04-08 | 35 | 2.37 | 0.35 | -202.00 | stop loss | 0.15
2022-03-11 | 2022-03-29 | 326.07 | 371.40 | 349.0/365.0 | 2022-04-14 | 34 | 2.35 | 12.95 | 1060.00 | take profit | 5.51
2022-03-18 | 2022-04-11 | 351.01 | 341.20 | 370.0/385.0 | 2022-04-22 | 35 | 1.98 | 0.13 | -185.00 | stop loss | 0.07
2022-03-25 | 2022-04-11 | 356.71 | 341.20 | 376.0/391.0 | 2022-04-29 | 35 | 2.06 | 0.15 | -191.00 | stop loss | 0.07
2022-04-01 | 2022-04-11 | 359.85 | 341.20 | 379.0/394.0 | 2022-05-06 | 35 | 2.01 | 0.24 | -177.00 | stop loss | 0.12
2022-04-08 | 2022-04-21 | 350.32 | 334.48 | 370.0/385.0 | 2022-05-13 | 35 | 2.02 | 0.29 | -173.00 | stop loss | 0.14
2022-04-22 | 2022-05-06 | 327.27 | 309.06 | 351.0/367.0 | 2022-05-27 | 35 | 2.24 | 0.30 | -194.00 | stop loss | 0.13
2022-04-29 | 2022-05-09 | 315.15 | 297.30 | 340.0/357.0 | 2022-06-03 | 35 | 2.61 | 0.36 | -225.00 | stop loss | 0.14
2022-05-06 | 2022-05-18 | 307.39 | 291.01 | 335.0/354.0 | 2022-06-10 | 35 | 2.74 | 0.20 | -254.00 | stop loss | 0.07
2022-05-13 | 2022-05-20 | 302.77 | 287.00 | 325.0/341.0 | 2022-06-10 | 28 | 2.14 | 0.24 | -190.00 | stop loss | 0.11
2022-05-20 | 2022-06-14 | 284.70 | 276.22 | 307.0/324.0 | 2022-06-24 | 35 | 2.07 | 0.26 | -181.00 | stop loss | 0.13
2022-05-27 | 2022-06-10 | 308.53 | 290.13 | 330.0/347.0 | 2022-07-01 | 35 | 2.24 | 0.20 | -204.00 | stop loss | 0.09
2022-06-03 | 2022-06-13 | 306.08 | 275.32 | 327.0/343.0 | 2022-07-08 | 35 | 2.18 | 0.19 | -199.00 | stop loss | 0.09
2022-06-10 | 2022-06-30 | 291.39 | 280.36 | 313.0/330.0 | 2022-07-15 | 35 | 2.24 | 0.25 | -199.00 | stop loss | 0.11
2022-06-17 | 2022-07-22 | 276.04 | 301.25 | 300.0/318.0 | 2022-07-22 | 35 | 2.15 | 1.26 | -89.00 | expiration | 0.59
2022-06-24 | 2022-07-14 | 292.72 | 286.44 | 315.0/332.0 | 2022-07-29 | 35 | 2.28 | 0.34 | -194.00 | stop loss | 0.15
2022-07-01 | 2022-07-29 | 281.25 | 316.05 | 302.5/320.0 | 2022-08-05 | 35 | 2.29 | 11.92 | 963.00 | take profit | 5.21
2022-07-08 | 2022-08-12 | 295.41 | 330.19 | 316.0/330.0 | 2022-08-12 | 35 | 1.95 | 13.61 | 1166.00 | take profit | 6.98
2022-07-15 | 2022-08-10 | 291.07 | 326.00 | 312.0/326.0 | 2022-08-19 | 35 | 1.81 | 10.26 | 845.00 | take profit | 5.67
2022-07-22 | 2022-08-26 | 302.08 | 307.82 | 324.0/340.0 | 2022-08-26 | 35 | 1.86 | 0.00 | -186.00 | stop loss | 0.00
2022-07-29 | 2022-08-23 | 315.93 | 314.57 | 336.0/350.0 | 2022-09-02 | 35 | 1.77 | 0.27 | -150.00 | stop loss | 0.15
2022-08-05 | 2022-08-26 | 320.86 | 307.82 | 340.0/355.0 | 2022-09-09 | 35 | 1.99 | 0.07 | -192.00 | stop loss | 0.04
2022-08-12 | 2022-08-22 | 330.04 | 313.55 | 350.0/364.0 | 2022-09-16 | 35 | 1.75 | 0.22 | -153.00 | stop loss | 0.13
2022-08-19 | 2022-08-29 | 323.10 | 306.10 | 342.0/356.0 | 2022-09-23 | 35 | 1.98 | 0.27 | -171.00 | stop loss | 0.14
2022-09-02 | 2022-09-21 | 295.25 | 284.67 | 317.0/332.5 | 2022-10-07 | 35 | 2.08 | 0.23 | -185.00 | stop loss | 0.11
2022-09-09 | 2022-09-16 | 307.10 | 289.10 | 326.0/340.0 | 2022-10-12 | 33 | 1.99 | 0.28 | -171.00 | stop loss | 0.14
2022-09-16 | 2022-09-29 | 288.50 | 271.41 | 310.0/327.0 | 2022-10-21 | 35 | 2.22 | 0.30 | -192.00 | stop loss | 0.14
2022-09-23 | 2022-10-11 | 274.19 | 262.69 | 297.5/314.0 | 2022-10-28 | 35 | 2.17 | 0.32 | -185.00 | stop loss | 0.15
2022-09-30 | 2022-11-01 | 269.66 | 275.42 | 293.0/309.0 | 2022-11-04 | 35 | 2.14 | 0.19 | -195.00 | stop loss | 0.09
2022-10-07 | 2022-11-02 | 268.43 | 267.63 | 292.5/310.0 | 2022-11-11 | 35 | 2.31 | 0.30 | -201.00 | stop loss | 0.13
2022-10-14 | 2022-11-09 | 261.68 | 263.60 | 286.0/305.0 | 2022-11-18 | 35 | 2.35 | 0.35 | -200.00 | stop loss | 0.15
2022-10-21 | 2022-11-03 | 275.68 | 261.75 | 298.0/315.0 | 2022-11-21 | 31 | 2.16 | 0.16 | -200.00 | stop loss | 0.07
2022-10-28 | 2022-11-03 | 281.19 | 261.75 | 304.0/320.0 | 2022-12-02 | 35 | 2.03 | 0.25 | -178.00 | stop loss | 0.12
2022-11-04 | 2022-12-09 | 263.25 | 282.85 | 284.0/300.0 | 2022-12-09 | 35 | 2.00 | 0.00 | -200.00 | stop loss | 0.00
2022-11-11 | 2022-11-28 | 287.66 | 282.37 | 310.0/326.0 | 2022-12-16 | 35 | 1.92 | 0.27 | -165.00 | stop loss | 0.14
2022-11-18 | 2022-12-14 | 284.81 | 286.65 | 305.0/320.0 | 2022-12-23 | 35 | 1.93 | 0.16 | -177.00 | stop loss | 0.08
2022-11-25 | 2022-12-15 | 286.92 | 276.33 | 305.0/318.0 | 2022-12-30 | 35 | 1.70 | 0.07 | -163.00 | stop loss | 0.04
2022-12-02 | 2022-12-14 | 292.58 | 286.65 | 308.0/320.0 | 2022-12-30 | 28 | 1.55 | 0.24 | -131.00 | stop loss | 0.15
2022-12-09 | 2022-12-19 | 283.86 | 268.79 | 304.0/318.0 | 2023-01-13 | 35 | 1.84 | 0.19 | -165.00 | stop loss | 0.10
2022-12-16 | 2022-12-28 | 274.81 | 259.84 | 292.0/306.0 | 2023-01-20 | 35 | 1.81 | 0.19 | -162.00 | stop loss | 0.10
2022-12-23 | 2023-01-27 | 266.82 | 297.68 | 285.0/298.0 | 2023-01-27 | 35 | 1.59 | 12.37 | 1078.00 | take profit | 7.78
2022-12-30 | 2023-02-01 | 264.36 | 302.51 | 283.0/295.0 | 2023-02-03 | 35 | 1.75 | 10.96 | 921.00 | take profit | 6.26
2023-01-06 | 2023-02-01 | 269.16 | 302.51 | 288.0/300.0 | 2023-02-10 | 35 | 1.53 | 9.14 | 761.00 | take profit | 5.97
2023-01-13 | 2023-02-07 | 280.71 | 309.46 | 297.0/308.0 | 2023-02-17 | 35 | 1.48 | 7.76 | 628.00 | take profit | 5.24
2023-01-20 | 2023-02-24 | 282.31 | 290.99 | 298.0/310.0 | 2023-02-24 | 35 | 1.67 | 0.00 | -167.00 | stop loss | 0.00
2023-01-27 | 2023-02-17 | 297.89 | 300.66 | 314.0/325.0 | 2023-02-24 | 28 | 1.51 | 0.15 | -136.00 | stop loss | 0.10
2023-02-03 | 2023-02-17 | 306.33 | 300.66 | 325.0/340.0 | 2023-03-10 | 35 | 1.84 | 0.29 | -155.00 | stop loss | 0.16
2023-02-10 | 2023-02-24 | 298.88 | 290.99 | 319.0/334.0 | 2023-03-17 | 35 | 1.91 | 0.23 | -168.00 | stop loss | 0.12
2023-02-17 | 2023-03-09 | 300.37 | 292.99 | 319.0/332.0 | 2023-03-24 | 35 | 1.76 | 0.25 | -151.00 | stop loss | 0.14
2023-02-24 | 2023-03-31 | 291.32 | 320.02 | 310.0/322.0 | 2023-03-31 | 35 | 1.65 | 9.93 | 828.00 | take profit | 6.02
2023-03-03 | 2023-03-28 | 299.57 | 306.40 | 315.0/326.0 | 2023-03-31 | 28 | 1.55 | 0.23 | -132.00 | stop loss | 0.15
2023-03-10 | 2023-03-31 | 289.09 | 320.02 | 308.0/322.0 | 2023-04-14 | 35 | 1.82 | 9.65 | 783.00 | take profit | 5.30
2023-03-17 | 2023-04-19 | 305.65 | 318.92 | 324.0/338.0 | 2023-04-21 | 35 | 1.96 | 0.29 | -167.00 | stop loss | 0.15
2023-03-24 | 2023-04-20 | 310.67 | 315.37 | 330.0/342.0 | 2023-04-28 | 35 | 1.65 | 0.16 | -149.00 | stop loss | 0.10
2023-04-14 | 2023-05-04 | 318.05 | 316.39 | 335.0/347.0 | 2023-05-19 | 35 | 1.60 | 0.22 | -138.00 | stop loss | 0.14
2023-04-21 | 2023-05-25 | 316.30 | 340.58 | 332.0/342.0 | 2023-05-26 | 35 | 1.44 | 7.60 | 616.00 | take profit | 5.28
2023-04-28 | 2023-05-26 | 321.74 | 348.80 | 335.0/344.0 | 2023-05-26 | 28 | 1.32 | 8.89 | 757.00 | take profit | 6.73
2023-05-05 | 2023-05-30 | 323.34 | 350.17 | 338.0/348.0 | 2023-06-09 | 35 | 1.43 | 7.47 | 604.00 | take profit | 5.22
2023-05-12 | 2023-06-02 | 324.11 | 354.64 | 339.0/348.0 | 2023-06-16 | 35 | 1.33 | 7.37 | 604.00 | take profit | 5.54
2023-05-19 | 2023-06-13 | 336.02 | 362.71 | 350.0/360.0 | 2023-06-23 | 35 | 1.42 | 7.49 | 607.00 | take profit | 5.27
2023-05-26 | 2023-06-30 | 348.72 | 370.01 | 366.0/379.0 | 2023-06-30 | 35 | 1.67 | 3.96 | 229.00 | expiration | 2.37
2023-06-02 | 2023-07-07 | 354.60 | 367.17 | 372.0/384.0 | 2023-07-07 | 35 | 1.39 | 0.00 | -139.00 | stop loss | 0.00
2023-06-09 | 2023-07-13 | 354.70 | 379.96 | 372.0/382.0 | 2023-07-14 | 35 | 1.24 | 7.31 | 607.00 | take profit | 5.90
2023-06-16 | 2023-06-26 | 368.38 | 358.80 | 388.0/402.0 | 2023-07-21 | 35 | 1.49 | 0.23 | -126.00 | stop loss | 0.15
2023-06-23 | 2023-07-27 | 362.65 | 375.93 | 382.0/395.0 | 2023-07-28 | 35 | 1.50 | 0.21 | -129.00 | stop loss | 0.14
2023-06-30 | 2023-08-02 | 370.05 | 374.38 | 388.0/402.0 | 2023-08-04 | 35 | 1.72 | 0.05 | -167.00 | stop loss | 0.03
2023-07-07 | 2023-08-04 | 367.89 | 371.76 | 386.0/400.0 | 2023-08-11 | 35 | 1.73 | 0.22 | -151.00 | stop loss | 0.13
2023-07-14 | 2023-08-04 | 378.50 | 371.76 | 397.0/410.0 | 2023-08-18 | 35 | 1.65 | 0.13 | -152.00 | stop loss | 0.08
2023-07-21 | 2023-08-09 | 375.88 | 369.01 | 394.0/408.0 | 2023-08-25 | 35 | 1.83 | 0.19 | -164.00 | stop loss | 0.10
2023-07-28 | 2023-08-08 | 383.33 | 371.87 | 402.0/415.0 | 2023-09-01 | 35 | 1.62 | 0.21 | -141.00 | stop loss | 0.13
2023-08-04 | 2023-08-16 | 372.51 | 363.26 | 391.0/404.0 | 2023-09-08 | 35 | 1.80 | 0.27 | -153.00 | stop loss | 0.15
2023-08-11 | 2023-09-08 | 366.60 | 371.98 | 384.0/396.0 | 2023-09-15 | 35 | 1.74 | 0.24 | -150.00 | stop loss | 0.14
2023-08-18 | 2023-09-20 | 358.25 | 365.31 | 377.0/389.0 | 2023-09-22 | 35 | 1.67 | 0.05 | -162.00 | stop loss | 0.03
2023-08-25 | 2023-09-20 | 364.91 | 365.31 | 383.0/395.0 | 2023-09-29 | 35 | 1.62 | 0.12 | -150.00 | stop loss | 0.07
2023-09-01 | 2023-09-15 | 377.47 | 370.45 | 394.0/405.0 | 2023-10-06 | 35 | 1.52 | 0.18 | -134.00 | stop loss | 0.12
2023-09-08 | 2023-09-21 | 371.81 | 358.74 | 389.0/400.0 | 2023-10-13 | 35 | 1.48 | 0.14 | -134.00 | stop loss | 0.09
2023-09-15 | 2023-09-26 | 370.85 | 353.92 | 387.0/398.0 | 2023-10-20 | 35 | 1.48 | 0.13 | -135.00 | stop loss | 0.09
2023-09-22 | 2023-10-19 | 359.96 | 359.30 | 378.0/389.0 | 2023-10-27 | 35 | 1.61 | 0.21 | -140.00 | stop loss | 0.13
2023-09-29 | 2023-10-25 | 358.57 | 350.31 | 377.0/390.0 | 2023-11-03 | 35 | 1.79 | 0.04 | -175.00 | stop loss | 0.02
2023-10-06 | 2023-10-25 | 365.65 | 350.31 | 387.0/400.0 | 2023-11-17 | 42 | 1.80 | 0.10 | -170.00 | stop loss | 0.06
2023-10-13 | 2023-10-25 | 364.98 | 350.31 | 384.0/396.0 | 2023-11-17 | 35 | 1.71 | 0.15 | -156.00 | stop loss | 0.09
2023-10-20 | 2023-10-27 | 355.47 | 344.19 | 373.0/385.0 | 2023-11-17 | 28 | 1.86 | 0.29 | -157.00 | stop loss | 0.16
2023-10-27 | 2023-11-14 | 345.20 | 385.96 | 365.0/379.0 | 2023-12-01 | 35 | 2.04 | 12.07 | 1003.00 | take profit | 5.92
2023-11-03 | 2023-12-01 | 368.24 | 389.79 | 382.5/392.0 | 2023-12-01 | 28 | 1.39 | 7.26 | 587.00 | take profit | 5.22
2023-11-10 | 2023-12-15 | 378.18 | 405.20 | 395.0/407.0 | 2023-12-15 | 35 | 1.66 | 10.12 | 846.00 | take profit | 6.10
2023-11-17 | 2023-12-22 | 386.32 | 408.25 | 404.0/415.0 | 2023-12-22 | 35 | 1.26 | 4.20 | 294.00 | expiration | 3.33
2023-11-24 | 2023-12-29 | 389.51 | 409.53 | 405.0/416.0 | 2023-12-29 | 35 | 1.35 | 4.51 | 316.00 | expiration | 3.34
2023-12-01 | 2024-01-03 | 390.10 | 398.48 | 406.0/418.0 | 2024-01-05 | 35 | 1.43 | 0.22 | -121.00 | stop loss | 0.15
2023-12-08 | 2024-01-12 | 392.39 | 409.42 | 408.0/420.0 | 2024-01-12 | 35 | 1.53 | 1.40 | -13.00 | expiration | 0.92
2023-12-22 | 2024-01-04 | 408.70 | 397.23 | 430.0/445.0 | 2024-02-02 | 42 | 1.66 | 0.21 | -145.00 | stop loss | 0.13
2023-12-29 | 2024-01-04 | 409.87 | 397.23 | 424.8/434.8 | 2024-01-26 | 28 | 1.23 | 0.15 | -108.00 | stop loss | 0.12
2024-01-12 | 2024-02-07 | 409.13 | 432.18 | 424.0/435.0 | 2024-02-09 | 28 | 1.37 | 7.51 | 614.00 | take profit | 5.48
2024-01-26 | 2024-03-01 | 424.00 | 445.78 | 442.5/455.0 | 2024-03-01 | 35 | 1.64 | 3.24 | 160.00 | expiration | 1.98
2024-02-09 | 2024-03-05 | 437.16 | 434.65 | 456.0/470.0 | 2024-03-15 | 35 | 1.79 | 0.26 | -153.00 | stop loss | 0.15
2024-02-16 | 2024-03-15 | 431.57 | 434.17 | 452.0/466.0 | 2024-03-22 | 35 | 1.60 | 0.23 | -137.00 | stop loss | 0.14
2024-02-23 | 2024-03-25 | 436.43 | 445.67 | 456.0/470.0 | 2024-03-28 | 34 | 1.68 | 0.10 | -158.00 | stop loss | 0.06
2024-03-01 | 2024-03-15 | 445.89 | 434.17 | 465.0/480.0 | 2024-04-05 | 35 | 1.79 | 0.22 | -157.00 | stop loss | 0.12
2024-03-08 | 2024-04-02 | 439.27 | 440.96 | 460.0/475.0 | 2024-04-12 | 35 | 1.95 | 0.22 | -173.00 | stop loss | 0.11
2024-03-15 | 2024-04-12 | 434.68 | 438.26 | 454.8/469.8 | 2024-04-19 | 35 | 1.92 | 0.20 | -172.00 | stop loss | 0.10
2024-04-05 | 2024-04-18 | 440.34 | 424.15 | 464.8/480.0 | 2024-05-17 | 42 | 1.93 | 0.26 | -167.00 | stop loss | 0.13
2024-04-12 | 2024-04-19 | 437.32 | 413.65 | 459.8/474.8 | 2024-05-17 | 35 | 2.05 | 0.11 | -194.00 | stop loss | 0.05
2024-04-19 | 2024-05-20 | 414.67 | 454.81 | 439.0/454.0 | 2024-05-24 | 35 | 2.17 | 12.11 | 994.00 | take profit | 5.58
2024-04-26 | 2024-05-24 | 432.22 | 457.69 | 451.0/465.0 | 2024-05-24 | 28 | 1.83 | 6.62 | 479.00 | expiration | 3.62
2024-05-03 | 2024-06-07 | 435.82 | 463.28 | 455.0/470.0 | 2024-06-07 | 35 | 2.10 | 8.22 | 612.00 | expiration | 3.91
2024-05-10 | 2024-06-13 | 442.21 | 476.96 | 463.0/477.0 | 2024-06-21 | 42 | 1.89 | 11.31 | 942.00 | take profit | 5.98
2024-05-17 | 2024-06-14 | 451.58 | 478.28 | 469.0/482.0 | 2024-06-21 | 35 | 1.66 | 8.74 | 708.00 | take profit | 5.27
2024-05-24 | 2024-06-17 | 457.70 | 486.02 | 474.0/486.0 | 2024-06-28 | 35 | 1.56 | 8.51 | 695.00 | take profit | 5.46
2024-05-31 | 2024-06-17 | 447.12 | 486.02 | 467.0/480.0 | 2024-07-12 | 42 | 1.86 | 10.05 | 819.00 | take profit | 5.40
2024-06-07 | 2024-07-05 | 463.15 | 496.47 | 485.0/500.0 | 2024-07-19 | 42 | 1.63 | 9.90 | 827.00 | take profit | 6.07
2024-06-14 | 2024-07-19 | 478.82 | 475.01 | 500.0/515.0 | 2024-07-26 | 42 | 1.81 | 0.15 | -166.00 | stop loss | 0.08
2024-06-21 | 2024-07-24 | 480.62 | 465.06 | 505.0/520.0 | 2024-08-02 | 42 | 1.81 | 0.07 | -174.00 | stop loss | 0.04
2024-06-28 | 2024-07-19 | 480.49 | 475.01 | 498.0/510.0 | 2024-07-26 | 28 | 1.58 | 0.17 | -141.00 | stop loss | 0.11
2024-07-05 | 2024-07-18 | 496.17 | 479.59 | 515.0/530.0 | 2024-08-02 | 28 | 1.80 | 0.20 | -160.00 | stop loss | 0.11
2024-07-12 | 2024-07-19 | 498.11 | 475.01 | 520.0/535.0 | 2024-08-16 | 35 | 1.91 | 0.24 | -167.00 | stop loss | 0.13
2024-08-02 | 2024-09-03 | 448.54 | 460.99 | 479.0/500.0 | 2024-09-06 | 35 | 2.95 | 0.26 | -269.00 | stop loss | 0.09
2024-08-09 | 2024-09-04 | 450.47 | 461.30 | 475.0/490.0 | 2024-09-06 | 28 | 2.19 | 0.26 | -193.00 | stop loss | 0.12
2024-08-16 | 2024-09-03 | 475.01 | 460.99 | 495.0/510.0 | 2024-09-13 | 28 | 1.96 | 0.09 | -187.00 | stop loss | 0.05
2024-08-30 | 2024-09-06 | 475.15 | 449.37 | 494.8/509.8 | 2024-09-30 | 31 | 1.78 | 0.10 | -168.00 | stop loss | 0.06
2024-09-06 | 2024-10-09 | 450.16 | 492.81 | 476.0/492.5 | 2024-10-11 | 35 | 2.44 | 13.83 | 1139.00 | take profit | 5.67
2024-09-13 | 2024-10-16 | 475.36 | 490.85 | 500.0/515.0 | 2024-10-18 | 35 | 1.81 | 0.22 | -159.00 | stop loss | 0.12
2024-09-20 | 2024-10-21 | 482.60 | 494.29 | 505.0/520.0 | 2024-10-25 | 35 | 1.90 | 0.28 | -162.00 | stop loss | 0.15
2024-09-27 | 2024-10-30 | 487.16 | 497.02 | 510.0/525.0 | 2024-11-01 | 35 | 2.05 | 0.26 | -179.00 | stop loss | 0.13
2024-10-11 | 2024-11-01 | 494.10 | 487.92 | 520.0/535.0 | 2024-11-15 | 35 | 2.08 | 0.33 | -175.00 | stop loss | 0.16
2024-10-18 | 2024-11-15 | 494.71 | 495.59 | 520.0/535.0 | 2024-11-22 | 35 | 2.02 | 0.14 | -188.00 | stop loss | 0.07
2024-10-25 | 2024-11-15 | 495.74 | 495.59 | 520.0/535.0 | 2024-11-22 | 28 | 2.05 | 0.14 | -191.00 | stop loss | 0.07
2024-11-08 | 2024-11-15 | 513.81 | 495.59 | 534.0/549.0 | 2024-12-06 | 28 | 1.81 | 0.17 | -164.00 | stop loss | 0.09
2024-11-15 | 2024-12-16 | 496.24 | 538.66 | 521.0/540.0 | 2024-12-27 | 42 | 2.46 | 14.20 | 1174.00 | take profit | 5.77
2024-11-29 | 2024-12-16 | 509.74 | 538.66 | 528.0/540.0 | 2024-12-31 | 32 | 1.51 | 8.00 | 649.00 | take profit | 5.30
2024-12-06 | 2024-12-27 | 526.22 | 520.42 | 546.0/560.0 | 2025-01-10 | 35 | 1.74 | 0.26 | -148.00 | stop loss | 0.15
2024-12-13 | 2024-12-30 | 530.82 | 516.99 | 555.0/570.0 | 2025-01-24 | 42 | 1.85 | 0.19 | -166.00 | stop loss | 0.10
2024-12-27 | 2025-01-10 | 521.25 | 507.20 | 544.0/560.0 | 2025-01-31 | 35 | 2.25 | 0.34 | -191.00 | stop loss | 0.15
2025-01-10 | 2025-02-14 | 507.12 | 538.17 | 535.0/550.0 | 2025-02-14 | 35 | 2.09 | 3.08 | 99.00 | expiration | 1.47
2025-01-24 | 2025-02-21 | 528.61 | 525.97 | 555.0/575.0 | 2025-03-07 | 42 | 2.37 | 0.22 | -215.00 | stop loss | 0.09
2025-01-31 | 2025-02-24 | 521.71 | 522.04 | 547.0/565.0 | 2025-03-07 | 35 | 2.40 | 0.36 | -204.00 | stop loss | 0.15
2025-02-07 | 2025-02-27 | 522.66 | 501.99 | 546.0/560.0 | 2025-03-14 | 35 | 2.14 | 0.09 | -205.00 | stop loss | 0.04
2025-02-14 | 2025-02-24 | 537.92 | 522.04 | 560.0/575.0 | 2025-03-21 | 35 | 2.14 | 0.33 | -181.00 | stop loss | 0.15
2025-02-21 | 2025-02-27 | 526.64 | 501.99 | 550.0/565.0 | 2025-03-28 | 35 | 2.12 | 0.29 | -183.00 | stop loss | 0.14
2025-02-28 | 2025-03-10 | 504.42 | 471.63 | 529.0/543.0 | 2025-03-28 | 28 | 2.14 | 0.15 | -199.00 | stop loss | 0.07
2025-03-21 | 2025-04-03 | 478.36 | 452.36 | 503.0/520.0 | 2025-04-25 | 35 | 2.54 | 0.25 | -229.00 | stop loss | 0.10
2025-03-28 | 2025-04-04 | 468.96 | 429.72 | 497.0/515.0 | 2025-05-02 | 35 | 2.57 | 0.31 | -226.00 | stop loss | 0.12
2025-04-04 | 2025-05-09 | 428.28 | 488.61 | 469.0/494.0 | 2025-05-09 | 35 | 3.90 | 19.42 | 1552.00 | expiration | 4.98