Entry Time,Symbols,Exit Time,Direction,Entry Price,Exit Price,Quantity,P&L,Fees,MAE,MFE,Drawdown,IsWin,Order Ids
2016-06-01T20:00:00Z,"GLD",2016-07-01T20:00:00Z,Buy,115.94,128.41,859,10711.73,0,-231.93,10711.73,3341.51,1,"	1,3" 
2016-07-01T20:00:00Z,"SHY",2016-08-01T20:00:00Z,Buy,69.361026375,69.279687865,1569,-127.62,0,-280.71,38.28,318.99,0,"	4,6" 
2016-08-01T20:00:00Z,"TECL",2016-09-01T20:00:00Z,Buy,4.0689390399,4.2161076321,27295,4016.97,0,-2529.2,5479.94,2801.96,1,"	7,9" 
2016-09-01T20:00:00Z,"TQQQ",2016-10-03T20:00:00Z,Buy,2.418698742569,2.5419319190006,47133,5808.35,0,-7097.02,7405.18,10785.6,1,"	10,12" 
2016-10-03T20:00:00Z,"TECL",2016-11-01T20:00:00Z,Buy,4.3678184648,4.1861288448,27310,-4961.94,0,-4961.94,2381.73,7343.68,0,"	13,15" 
2016-11-01T20:00:00Z,"TQQQ",2016-12-01T21:00:00Z,Buy,2.3802626714633,2.3220141925711,48639,-2833.15,0,-7506.88,7728.52,10561.67,0,"	16,18" 
2016-12-01T21:00:00Z,"TECL",2017-01-03T21:00:00Z,Buy,4.0135237058,4.6676063378,27771,18164.53,0,0,21292.86,6761.24,1,"	19,21" 
2017-01-03T21:00:00Z,"TQQQ",2017-02-01T21:00:00Z,Buy,2.5817548586514,2.9734375970795,50313,19706.73,0,0,21162.09,4246.45,1,"	22,24" 
2017-02-01T21:00:00Z,"TECL",2017-03-01T21:00:00Z,Buy,5.123647284,5.9694124651,29288,24770.77,0,-505.53,24770.77,2607.45,1,"	25,27" 
2017-03-01T21:00:00Z,"TQQQ",2017-04-03T20:00:00Z,Buy,3.4156492653019,3.4877662219475,50750,3659.94,0,-5711.11,4464.32,7822.61,1,"	28,30" 
2017-04-03T20:00:00Z,"TECL",2017-06-29T20:00:00Z,Buy,6.0638910675,6.45497797455,29406,11500.3,0,-8788.85,42982.54,31482.24,1,"	31,34" 
2017-07-03T17:00:00Z,"TQQQ",2017-09-01T20:00:00Z,Buy,3.7643466380937,4.572294300733,49083,39656.5,0,0,39812.09,18107.01,1,"	35,38" 
2017-09-01T20:00:00Z,"TECL",2017-10-02T20:00:00Z,Buy,7.976174318,8.1660399709,28756,5459.78,0,-9587.26,5459.78,14629.07,1,"	39,41" 
2017-10-02T20:00:00Z,"TQQQ",2017-12-01T21:00:00Z,Buy,4.539802045541,5.3600333656309,51718,42420.72,0,0,54224.75,14857.5,1,"	42,45" 
2017-12-01T21:00:00Z,"TECL",2018-01-02T21:00:00Z,Buy,9.9665841051,10.5795454296,27786,17031.74,0,-13555.03,23702.37,17207.21,1,"	46,48" 
2018-01-02T21:00:00Z,"TQQQ",2018-02-01T21:00:00Z,Buy,5.7788664599956,6.8439784350689,51619,54980.02,0,0,73940.76,18960.74,1,"	49,51" 
2018-02-01T21:00:00Z,"TECL",2018-02-05T21:00:00Z,Buy,12.4601110088,10.994215596,28779,-42187,0,-72100,0,72100,0,"	52,53" 
2018-03-01T21:00:00Z,"TQQQ",2018-03-23T20:00:00Z,Buy,6.269816511006,5.6428348599054,46609,-29222.99,0,-32892.71,52174.01,85066.73,0,"	54,55" 
2018-04-02T20:00:00Z,"TQQQ",2018-05-01T20:00:00Z,Buy,5.1963833486275,5.8632670740919,48723,32492.58,0,0,54308.74,42956.61,1,"	56,58" 
2018-05-01T20:00:00Z,"TECL",2018-07-02T20:00:00Z,Buy,10.6450196664,12.5072585883,29383,54718.17,0,-1122.23,90072.63,56852.47,1,"	59,62" 
2018-07-02T20:00:00Z,"TQQQ",2018-08-01T20:00:00Z,Buy,6.941066727625,7.402298769125,52176,24065.24,0,-12466.79,63822.51,52410.13,1,"	63,65" 
2018-08-01T20:00:00Z,"TECL",2018-10-08T20:00:00Z,Buy,13.1341249035,13.72167430362,29933,17587.12,0,0,73950.06,56362.95,1,"	66,69" 
2018-11-01T20:00:00Z,"SHY",2018-12-03T21:00:00Z,Buy,69.419441592,69.588333792,5857,989.2,0,-636.98,1322.96,636.98,1,"	70,72" 
2018-12-03T21:00:00Z,"GLD",2019-05-01T20:00:00Z,Buy,116.41,120.4,3528,14076.72,0,0,36303.12,23214.24,1,"	73,79" 
2019-05-01T20:00:00Z,"TQQQ",2019-05-09T20:00:00Z,Buy,7.7792906105,7.00136154945,53907,-41935.82,0,-41935.82,14378.73,56314.55,0,"	80,81" 
2019-06-03T20:00:00Z,"TQQQ",2019-08-01T20:00:00Z,Buy,5.5978027185,7.701890658,63477,133561.19,0,0,174302.27,40741.08,1,"	82,85" 
2019-08-01T20:00:00Z,"TECL",2019-08-05T20:00:00Z,Buy,15.638984937,13.623854574,32771,-66037.84,0,-86541.64,0,86541.64,0,"	86,87" 
2019-09-03T20:00:00Z,"TECL",2019-10-01T20:00:00Z,Buy,14.191896315,14.856833579,30394,20210.1,0,0,52156.61,33476.27,1,"	88,90" 
2019-10-01T20:00:00Z,"TQQQ",2019-12-02T21:00:00Z,Buy,7.161281759,8.959342194,65328,117463.69,0,-23959.48,145079.33,27615.64,1,"	91,94" 
2019-12-02T21:00:00Z,"TECL",2020-01-02T21:00:00Z,Buy,18.8265868322,23.3673835706,30782,139774.81,0,-15098.56,139774.81,15098.56,1,"	95,97" 
2020-01-02T21:00:00Z,"TQQQ",2020-02-03T21:00:00Z,Buy,10.8208869165,11.66664095775,66520,56259.56,0,-19571.99,84151.62,69254.72,1,"	98,100" 
2020-02-03T21:00:00Z,"TECL",2020-02-24T21:00:00Z,Buy,25.5225699094,22.97031291846,30347,-77453.34,0,-77453.34,152895.13,230348.47,0,"	101,102" 
2020-03-02T21:00:00Z,"TECL",2020-03-03T21:00:00Z,Buy,22.2696484728,20.04268362552,36964,-82317.53,0,-96754.57,0,96754.57,0,"	103,104" 
2020-04-01T20:00:00Z,"IEF",2020-05-01T20:00:00Z,Buy,103.293090363,103.299999348,6031,41.67,0,-5778.1,2965.75,6340.57,1,"	105,107" 
2020-05-01T20:00:00Z,"TQQQ",2020-06-01T20:00:00Z,Buy,7.565329459125,9.981088889625,74556,180109.36,0,0,180109.36,64743.45,1,"	108,110" 
2020-06-01T20:00:00Z,"TECL",2020-07-01T20:00:00Z,Buy,17.8875998356,21.4344689801,44288,157083.74,0,-6665.39,163749.13,164602.63,1,"	111,113" 
2020-07-01T20:00:00Z,"TQQQ",2020-09-03T20:00:00Z,Buy,12.04782587775,17.2991246319,82022,430722.03,0,0,717055.84,286333.81,1,"	114,117" 
2020-10-01T20:00:00Z,"TECL",2020-10-28T20:00:00Z,Buy,28.9558504829,25.9586772291,49401,-148063.36,0,-245669.11,195755.53,441424.65,0,"	118,119" 
2020-11-02T21:00:00Z,"TECL",2021-01-04T21:00:00Z,Buy,23.6754662507,35.6198914746,52626,628587.32,0,0,745360.2,125178.87,1,"	120,123" 
2021-01-04T21:00:00Z,"TQQQ",2021-03-04T21:00:00Z,Buy,20.709096751875,19.13027381055,90732,-143249.76,0,-146016.62,501168.82,647185.44,0,"	124,127" 
2021-04-01T20:00:00Z,"TQQQ",2021-05-03T20:00:00Z,Buy,22.8473095025,25.2297192525,79244,188791.68,0,0,300367.56,126679.22,1,"	128,130" 
2021-05-03T20:00:00Z,"TECL",2021-05-11T20:00:00Z,Buy,43.667973774,37.615535406,44134,-267118.31,0,-267118.31,0,267118.31,0,"	131,132" 
2021-06-01T20:00:00Z,"TECL",2021-07-01T20:00:00Z,Buy,41.638192614,51.464178684,38941,382633.72,0,-14011.94,382633.72,64311.21,1,"	133,135" 
2021-07-01T20:00:00Z,"TQQQ",2021-09-01T20:00:00Z,Buy,29.198813896,35.81000095225,69239,457751.98,0,-659.82,457751.98,146645.59,1,"	136,139" 
2021-09-01T20:00:00Z,"TECL",2021-09-20T20:00:00Z,Buy,63.172325466,56.41868997,39092,-264013.12,0,-286735.56,25247.16,311982.72,0,"	140,141" 
2021-10-01T20:00:00Z,"TQQQ",2021-11-01T20:00:00Z,Buy,30.218485269,37.32997837275,74794,531897.02,0,-138988.16,531897.02,138988.16,1,"	142,144" 
2021-11-01T20:00:00Z,"TECL",2021-12-01T21:00:00Z,Buy,65.534252634,70.922398986,41534,223791.27,0,0,515409.69,300815.32,1,"	145,147" 
2021-12-01T21:00:00Z,"TQQQ",2022-01-05T21:00:00Z,Buy,36.9511752225,35.66398543155,79629,-102497.64,0,-167133.55,346980.01,456060.54,0,"	148,150" 
2022-02-01T21:00:00Z,"GLD",2022-06-01T20:00:00Z,Buy,168.23,172.23,17081,68324,0,0,397645.68,388080.32,1,"	151,156" 
2022-06-01T20:00:00Z,"SHY",2022-09-01T20:00:00Z,Buy,72.158269836,71.521579994,40403,-25724.18,0,-40681.78,701.41,41383.19,0,"	157,161" 
2022-09-01T20:00:00Z,"IEF",2022-10-03T20:00:00Z,Buy,86.970327948,84.507018464,33260,-81929.67,0,-156264.69,16205.23,172469.92,0,"	162,164" 
2022-10-03T20:00:00Z,"SHY",2023-01-03T21:00:00Z,Buy,70.875647936,71.266473912,39580,15468.89,0,-18982.43,22065.87,20017.84,1,"	165,169" 
2023-01-03T21:00:00Z,"GLD",2023-04-03T20:00:00Z,Buy,171.06,184.54,16771,226073.08,0,-45449.41,246198.28,223389.72,1,"	170,174" 
2023-04-03T20:00:00Z,"TQQQ",2023-04-25T20:00:00Z,Buy,13.517670699,12.1659036291,224100,-302931,0,-308760.75,0,308760.75,0,"	175,176" 
2023-05-01T20:00:00Z,"TECL",2023-06-01T20:00:00Z,Buy,33.994314256,44.147977048,81664,829188.72,0,-186035.93,829188.72,204259.86,1,"	177,179" 
2023-06-01T20:00:00Z,"TQQQ",2023-08-01T20:00:00Z,Buy,17.3475168165,21.72738084,208815,914581.31,0,-103612.73,1051821.61,409629.61,1,"	180,183" 
2023-08-01T20:00:00Z,"TECL",2023-08-04T20:00:00Z,Buy,53.738223,48.3644007,85012,-456839.38,0,-569565.98,0,569565.98,0,"	184,185" 
2023-09-01T20:00:00Z,"TQQQ",2023-09-20T20:00:00Z,Buy,20.4370759725,18.39336837525,197689,-404018.51,0,-421058.95,10508.88,431567.83,0,"	186,187" 
2023-10-02T20:00:00Z,"TQQQ",2023-10-25T20:00:00Z,Buy,17.6864237305,15.91778135745,211385,-373864.47,0,-379297.65,294211.96,673509.61,0,"	188,189" 
2023-11-01T20:00:00Z,"TQQQ",2024-01-02T21:00:00Z,Buy,16.7165074305,23.443709082,206240,1387418.07,0,0,1729978.93,342560.86,1,"	190,193" 
2024-01-02T21:00:00Z,"TECL",2024-03-01T21:00:00Z,Buy,57.3747804,78.344196,79171,1660169.6,0,-253708.73,1660169.6,756701.03,1,"	194,197" 
2024-03-01T21:00:00Z,"TQQQ",2024-04-01T20:00:00Z,Buy,30.750080082,30.279378291,204326,-96176.61,0,-534451.6,0,534451.6,0,"	198,200" 
2024-04-01T20:00:00Z,"TECL",2024-04-15T20:00:00Z,Buy,75.321675858,67.7895082722,82726,-623106.1,0,-685308.66,0,685308.66,0,"	201,202" 
2024-05-01T20:00:00Z,"TECL",2024-07-24T20:00:00Z,Buy,59.369227788,81.8472336588,91538,2057591.7,0,0,4149254.23,2521826.25,1,"	203,206" 
2024-08-01T20:00:00Z,"TECL",2024-08-02T20:00:00Z,Buy,70.489368072,63.4404312648,96564,-680673.53,0,-680673.53,0,680673.53,0,"	207,208" 
2024-09-03T20:00:00Z,"TECL",2024-09-06T20:00:00Z,Buy,66.968635194,60.2717716746,89688,-600628.3,0,-600628.3,0,600628.3,0,"	209,210" 
2024-10-01T20:00:00Z,"TQQQ",2024-11-01T20:00:00Z,Buy,34.175469471,34.9188425465,178649,132802.86,0,0,656098.88,653460.41,1,"	211,213" 
2024-11-01T20:00:00Z,"TECL",2025-01-02T21:00:00Z,Buy,78.063146226,84.08323638,83501,502683.55,0,-18715.21,1476161.98,973478.43,1,"	214,217" 
2025-01-02T21:00:00Z,"TQQQ",2025-02-03T21:00:00Z,Buy,38.8383803235,39.870711684,180448,186282.13,0,-255803.69,865454.29,842280.44,1,"	218,220" 
2025-02-03T21:00:00Z,"TECL",2025-02-28T21:00:00Z,Buy,77.09420862,69.384787758,91743,-707285.4,0,-707285.4,1369824.34,2077109.74,0,"	221,222" 
2025-03-03T21:00:00Z,"TECL",2025-03-10T20:00:00Z,Buy,66.86294472,60.176650248,88669,-592867.04,0,-802806.27,211264.81,1014071.08,0,"	223,224" 
2025-04-01T20:00:00Z,"GLD",2025-06-02T20:00:00Z,Buy,287.57,311.67,20470,493327,0,-283714.2,573569.4,459142.1,1,"	225,228" 
2025-06-02T20:00:00Z,"TECL",2025-07-01T20:00:00Z,Buy,68.921342362,85.603877672,92646,1545570.17,0,0,1759682.41,312578.62,1,"	229,231" 
2025-07-01T20:00:00Z,"TQQQ",2025-11-07T21:00:00Z,Buy,40.184728336,52.16219636,197551,2366160.79,0,0,3909409.06,1543248.27,1,"	232,237" 
2025-12-01T21:00:00Z,"TECL",2026-01-02T21:00:00Z,Buy,116.812841854,117.934066264,88279,98980.57,0,-887853.69,1216217.93,2104071.62,1,"	238,240" 
2026-01-02T21:00:00Z,"TQQQ",2026-02-02T21:00:00Z,Buy,52.143829995,54.88299967,196756,538948.07,0,-317489.41,923071.06,1011262.56,1,"	241,243" 
2026-02-02T21:00:00Z,"TECL",2026-02-03T21:00:00Z,Buy,118.303358787,106.4730229083,92992,-1100126.59,0,-1100126.59,0,1100126.59,0,"	244,245" 
2026-03-02T21:00:00Z,"TECL",2026-03-20T20:00:00Z,Buy,102.363895024,92.1275055216,97660,-999685.8,0,-999685.8,128664.71,1128350.51,0,"	246,247" 
2026-04-01T20:00:00Z,"GLD",2026-05-01T20:00:00Z,Buy,437.82,423.18,20530,-300559.2,0,-419017.3,166498.3,585515.6,0,"	248,250" 
2026-05-01T20:00:00Z,"TECL",2026-06-01T20:00:00Z,Buy,152.526987342,263.440264329,58467,6484766.57,0,0,6484766.57,1245430.35,1,"	251,253" 
2026-06-01T20:00:00Z,"TQQQ",2026-06-05T20:00:00Z,Buy,85.842090792,77.2578817128,165205,-1418154.26,0,-2141076.69,194493.49,2335570.19,0,"	254,255" 
