No.,Opened,Closed,Premium,Profit/loss,Underlying Price at Open,Underlying Price at Close,Close reason,Buying power,Fees,ROI
1,1/4/2013,1/24/2013,-130,-155.38,66.58,66.67,stop loss,130,25.38,-119.52
2,1/11/2013,1/24/2013,-200,-205.38,67.28,66.67,stop loss,200,25.38,-102.69
3,1/18/2013,2/4/2013,-280,-245.38,67.03,66.54,stop loss,280,25.38,-87.64
4,1/25/2013,2/20/2013,-220,-215.38,66.94,67.04,stop loss,220,25.38,-97.9
5,2/1/2013,2/20/2013,-300,-295.38,67.64,67.04,stop loss,300,25.38,-98.46
6,2/8/2013,2/20/2013,-230,-215.38,67.95,67.04,stop loss,230,25.38,-93.64
7,2/15/2013,3/18/2013,-220,-195.38,67.76,68.47,stop loss,220,25.38,-88.81
8,2/22/2013,3/27/2013,-270,-235.38,67.15,68.8,stop loss,270,25.38,-87.18
9,3/1/2013,4/1/2013,-200,-185.38,67.41,68.46,stop loss,200,25.38,-92.69
10,3/8/2013,3/19/2013,-140,-125.38,68.73,68.24,stop loss,140,25.38,-89.56
11,3/15/2013,4/5/2013,-290,-265.38,68.51,67.86,stop loss,290,25.38,-91.51
12,3/22/2013,4/5/2013,-120,-105.38,68.56,67.86,stop loss,120,25.38,-87.82
13,4/5/2013,5/3/2013,-190,1277.31,67.86,72.12,exercised,14300,32.69,8.93
14,4/12/2013,4/18/2013,-230,-165.38,69.9,67.35,stop loss,230,25.38,-71.9
15,4/19/2013,5/24/2013,-340,1627.31,68.03,73.41,exercised,14400,32.69,11.3
16,4/26/2013,5/31/2013,-260,1207.31,69.52,73.25,exercised,14600,32.69,8.27
17,5/3/2013,6/5/2013,-310,-325.38,72.1,72.2,stop loss,310,25.38,-104.96
18,5/10/2013,5/31/2013,-240,-215.38,73.05,73.125,stop loss,240,25.38,-89.74
19,5/17/2013,6/4/2013,-310,-275.38,74.27,72.9945,stop loss,310,25.38,-88.83
20,5/24/2013,6/5/2013,-190,-165.38,73.48,72.2,stop loss,190,25.38,-87.04
21,5/31/2013,6/20/2013,-340,-345.38,73.125,70.94,stop loss,340,25.38,-101.58
22,6/7/2013,6/20/2013,-280,-285.38,73.28,70.94,stop loss,280,25.38,-101.92
23,6/14/2013,6/21/2013,-240,-215.38,72.27,70.36,stop loss,240,25.38,-89.74
24,6/21/2013,7/26/2013,-340,1627.31,70.36,75.37,exercised,15000,32.69,10.85
25,6/28/2013,8/2/2013,-240,1727.31,71.2,76.97,exercised,15200,32.69,11.36
26,7/5/2013,8/2/2013,-140,827.31,72.59,76.97,exercised,15200,32.69,5.44
27,7/12/2013,7/22/2013,-120,-105.38,75.2,74.81,stop loss,120,25.38,-87.82
28,7/19/2013,8/19/2013,-240,-235.38,74.69,75.39,stop loss,240,25.38,-98.07
29,7/26/2013,8/16/2013,-120,-115.38,75.38,75.37,stop loss,120,25.38,-96.15
30,8/2/2013,8/15/2013,-270,-255.38,77.01,75.44,stop loss,270,25.38,-94.59
31,8/9/2013,8/21/2013,-310,-275.38,76.46,75.28,stop loss,310,25.38,-88.83
32,8/16/2013,9/23/2013,-220,582.31,75.37,78.83,exercised,16000,27.69,3.64
33,8/23/2013,9/27/2013,-250,-207.69,76.65,79.07,exercised,16200,27.69,-1.28
34,8/30/2013,10/4/2013,-340,1032.31,75.4551,79.4,exercised,16000,27.69,6.45
35,9/6/2013,10/4/2013,-280,92.31,76.95,79.4,exercised,16200,27.69,0.57
36,9/13/2013,10/9/2013,-320,-285.38,78.06,76.96,stop loss,320,25.38,-89.18
37,9/20/2013,10/9/2013,-320,-275.38,78.93,76.96,stop loss,320,25.38,-86.06
38,9/27/2013,11/1/2013,-330,922.31,79.12,82.78,exercised,16800,27.69,5.49
39,10/4/2013,10/9/2013,-280,-245.38,79.45,76.96,stop loss,280,25.38,-87.64
40,10/11/2013,11/18/2013,-310,802.31,79.26,83.14,exercised,16800,27.69,4.78
41,10/18/2013,11/7/2013,-190,-185.38,82.07,81.51,stop loss,190,25.38,-97.57
42,10/25/2013,11/7/2013,-370,-325.38,82.84,81.51,stop loss,370,25.38,-87.94
43,11/1/2013,12/6/2013,-290,682.31,82.66,86,exercised,17400,27.69,3.92
44,11/8/2013,12/6/2013,-200,772.31,82.52,86,exercised,17400,27.69,4.44
45,11/15/2013,12/23/2013,-280,1102.31,83.89,87.41,exercised,17600,27.69,6.26
46,11/22/2013,12/27/2013,-280,1212.31,83.97,87.52,exercised,17600,27.69,6.89
47,11/29/2013,1/2/2014,-240,-245.38,85.73,87.28,stop loss,240,25.38,-102.24
48,12/6/2013,1/2/2014,-250,-255.38,86.05,87.28,stop loss,250,25.38,-102.15
49,12/13/2013,1/13/2014,-210,-205.38,84.9,86.1,stop loss,210,25.38,-97.8
50,12/20/2013,1/13/2014,-280,-275.38,86.57,86.1,stop loss,280,25.38,-98.35
51,12/27/2013,1/13/2014,-290,-275.38,87.49,86.1,stop loss,290,25.38,-94.96
52,1/3/2014,1/27/2014,-210,-225.38,86.63,85.97,stop loss,210,25.38,-107.32
53,1/10/2014,1/27/2014,-210,-225.38,87.36,85.97,stop loss,210,25.38,-107.32
54,1/17/2014,1/28/2014,-210,-195.38,87.94,85.89,stop loss,210,25.38,-93.04
55,1/24/2014,2/3/2014,-290,-255.38,86.64,84.19,stop loss,290,25.38,-88.06
56,1/31/2014,3/7/2014,-250,252.31,86.28,90.53,exercised,18400,27.69,1.37
57,2/7/2014,3/14/2014,-310,-332.69,87.34,88.67,expired,310,22.69,-107.32
58,2/14/2014,3/13/2014,-430,-415.38,89.85,89.21,stop loss,430,25.38,-96.6
59,2/21/2014,3/20/2014,-220,-235.38,89.92,90.43,stop loss,220,25.38,-106.99
60,2/28/2014,3/21/2014,-420,-415.38,90.36,88.95,stop loss,420,25.38,-98.9
61,3/7/2014,3/24/2014,-290,-295.38,90.53,88.27,stop loss,290,25.38,-101.86
62,3/14/2014,3/28/2014,-410,-365.38,88.65,87.11,stop loss,410,25.38,-89.12
63,3/21/2014,4/4/2014,-360,-335.38,88.95,86.55,stop loss,360,25.38,-93.16
64,3/28/2014,4/11/2014,-330,-295.38,87.11,84.23,stop loss,330,25.38,-89.51
65,4/4/2014,4/23/2014,-390,-285.38,86.55,86.91,stop loss,390,25.38,-73.17
66,4/11/2014,5/15/2014,-500,-485.38,84.23,87.14,stop loss,500,25.38,-97.08
67,4/25/2014,5/30/2014,-380,1402.31,86.33,91.31,exercised,18400,27.69,7.62
68,5/2/2014,6/6/2014,-350,1942.31,87.5,92.82,exercised,18600,27.69,10.44
69,5/9/2014,6/13/2014,-280,1687.31,86.78,92.32,exercised,18400,32.69,9.17
70,5/16/2014,6/23/2014,-260,1707.31,87.64,92.79,exercised,18526,32.69,9.22
71,5/23/2014,6/27/2014,-340,1382.31,89.85,93.75,exercised,18800,27.69,7.35
72,5/30/2014,7/3/2014,-340,1832.31,91.21,95.7,exercised,19200,27.69,9.54
73,6/6/2014,7/11/2014,-340,-97.69,92.85,95.27,exercised,19500,27.69,-0.5
74,6/13/2014,7/21/2014,-230,742.31,92.32,96,exercised,19400,27.69,3.83
75,6/20/2014,7/25/2014,-290,1422.31,92.7,96.74,exercised,19400,27.69,7.33
76,6/27/2014,8/1/2014,-270,-295.38,93.7,94.64,stop loss,270,25.38,-109.4
77,7/11/2014,8/1/2014,-270,-235.38,95.26,94.64,stop loss,270,25.38,-87.18
78,7/18/2014,8/5/2014,-310,-275.38,96.08,94.3061,stop loss,310,25.38,-88.83
79,7/25/2014,8/5/2014,-250,-225.38,96.68,94.3061,stop loss,250,25.38,-90.15
80,8/1/2014,9/5/2014,-310,1552.31,94.64,99.89,exercised,20000,27.69,7.76
81,8/8/2014,9/12/2014,-370,1082.31,94.73,99.48,exercised,20100,27.69,5.38
82,8/15/2014,9/22/2014,-340,-362.69,97.39,99.05,expired,340,22.69,-106.67
83,8/22/2014,9/15/2014,-210,-185.38,99.05,98.53,stop loss,210,25.38,-88.28
84,8/29/2014,9/22/2014,-290,-265.38,99.73,99.02,stop loss,290,25.38,-91.51
85,9/5/2014,9/25/2014,-330,-285.38,99.92,97.85,stop loss,330,25.38,-86.48
86,9/12/2014,10/1/2014,-320,-285.38,99.47,97.36,stop loss,320,25.38,-89.18
87,9/19/2014,10/2/2014,-360,-305.38,99.98,97.23,stop loss,360,25.38,-84.83
88,9/26/2014,10/10/2014,-390,-365.38,98,94.25,stop loss,390,25.38,-93.69
89,10/3/2014,10/13/2014,-410,-405.38,98.14,92.93,stop loss,410,25.38,-98.87
90,10/10/2014,11/14/2014,-540,2927.31,94.25,103.22,exercised,20400,32.69,14.35
91,10/17/2014,11/24/2014,-500,2467.31,93.02,104.68,exercised,20000,32.69,12.34
92,10/24/2014,11/28/2014,-400,2067.31,98.56,106.01,exercised,20900,32.69,9.89
93,10/31/2014,12/5/2014,-260,92.31,101.43,105.38,exercised,21400,27.69,0.43
94,11/7/2014,12/12/2014,-330,-355.38,101.57,102.71,stop loss,330,25.38,-107.69
95,11/14/2014,12/15/2014,-370,-385.38,103.11,101.89,stop loss,370,25.38,-104.16
96,11/21/2014,12/15/2014,-310,-315.38,103.8,101.89,stop loss,310,25.38,-101.74
97,11/28/2014,12/8/2014,-350,-305.38,105.89,104.46,stop loss,350,25.38,-87.25
98,12/5/2014,12/16/2014,-270,-245.38,105.255,100.13,stop loss,270,25.38,-90.88
99,12/12/2014,1/2/2015,-430,-395.38,102.71,103.11,stop loss,430,25.38,-91.95
100,12/19/2014,1/2/2015,-330,-295.38,104.27,103.11,stop loss,330,25.38,-89.51
101,12/26/2014,1/5/2015,-400,-385.38,105.11,101.52,stop loss,400,25.38,-96.34
102,1/2/2015,1/15/2015,-360,-315.38,103.11,99.66,stop loss,360,25.38,-87.61
103,1/9/2015,1/28/2015,-400,-375.38,102.735,101.02,stop loss,400,25.38,-93.84
104,1/16/2015,2/20/2015,-490,2477.31,100.86,108.41,exercised,21600,32.69,11.47
105,1/23/2015,2/9/2015,-230,-215.38,104.14,102.91,stop loss,230,25.38,-93.64
106,1/30/2015,3/6/2015,-450,1432.31,101.09,107.41,exercised,21700,27.69,6.6
107,2/6/2015,3/11/2015,-380,-375.38,103.03,105.164,stop loss,380,25.38,-98.78
108,2/13/2015,3/10/2015,-310,-305.38,106.85,106.93,stop loss,310,25.38,-98.51
109,2/20/2015,3/10/2015,-450,-445.38,108.35,106.93,stop loss,450,25.38,-98.97
110,2/27/2015,3/10/2015,-330,-305.38,108.34,106.93,stop loss,330,25.38,-92.54
111,3/6/2015,3/25/2015,-400,-395.38,107.3,105.53,stop loss,400,25.38,-98.84
112,3/13/2015,4/2/2015,-380,-355.38,105.25,105.29,stop loss,380,25.38,-93.52
113,3/20/2015,3/26/2015,-360,-335.38,108.53,105.18,stop loss,360,25.38,-93.16
114,3/27/2015,4/30/2015,-440,-445.38,105.58,107.46,stop loss,440,25.38,-101.22
115,4/10/2015,5/5/2015,-280,-255.38,107.69,107.52,stop loss,280,25.38,-91.21
116,4/17/2015,5/22/2015,-400,542.31,105.995,110.47,exercised,22400,27.69,2.42
117,4/24/2015,4/30/2015,-370,-335.38,110.52,107.46,stop loss,370,25.38,-90.64
118,5/1/2015,5/26/2015,-430,-405.38,109.05,109.19,stop loss,430,25.38,-94.27
119,5/8/2015,6/5/2015,-310,-305.38,108.64,109.34,stop loss,310,25.38,-98.51
120,5/15/2015,6/8/2015,-500,-475.38,109.58,108.25,stop loss,500,25.38,-95.08
121,5/22/2015,6/8/2015,-310,-305.38,110.535,108.25,stop loss,310,25.38,-98.51
122,5/29/2015,6/9/2015,-340,-305.38,110.17,108.07,stop loss,340,25.38,-89.82
123,6/5/2015,6/26/2015,-370,-325.38,109.34,109.26,stop loss,370,25.38,-87.94
124,6/12/2015,7/6/2015,-310,-315.38,108.81,107.64,stop loss,310,25.38,-101.74
125,6/19/2015,7/1/2015,-380,-335.38,110.07,107.91,stop loss,380,25.38,-88.26
126,6/26/2015,7/8/2015,-350,-325.38,109.26,106.15,stop loss,350,25.38,-92.97
127,7/10/2015,8/13/2015,-450,-445.38,107.855,110.4,stop loss,450,25.38,-98.97
128,7/17/2015,7/24/2015,-160,-155.38,113.535,111.163,stop loss,160,25.38,-97.11
129,7/24/2015,8/7/2015,-300,-265.38,111.163,110.205,stop loss,300,25.38,-88.46
130,7/31/2015,8/13/2015,-390,-335.38,111.9,110.4,stop loss,390,25.38,-85.99
131,8/7/2015,8/20/2015,-370,-355.38,110.205,107.24,stop loss,370,25.38,-96.05
132,8/14/2015,8/21/2015,-460,-455.38,110.565,102.8,stop loss,460,25.38,-99
133,8/28/2015,8/31/2015,-590,-255.38,105.59,104.55,reached minimum exit VIX,590,25.38,-43.28
134,9/11/2015,9/25/2015,-680,-635.38,105.41,102.995,stop loss,680,25.38,-93.44
135,9/18/2015,9/28/2015,-440,-425.38,105.4,100.19,stop loss,440,25.38,-96.68
136,9/25/2015,10/30/2015,-650,3317.31,102.995,113.33,exercised,22400,32.69,14.81
137,10/2/2015,11/6/2015,-520,2447.31,103.8,114.79,exercised,22400,32.69,10.93
138,10/9/2015,11/13/2015,-490,-515.38,106.425,109.96,stop loss,490,25.38,-105.18
139,10/16/2015,11/20/2015,-350,1617.31,108.12,114.48,exercised,22800,32.69,7.09
140,10/23/2015,11/12/2015,-170,-185.38,112.79,112.04,stop loss,170,25.38,-109.05
141,10/30/2015,11/13/2015,-510,-495.38,113.58,109.96,stop loss,510,25.38,-97.13
142,11/6/2015,11/13/2015,-380,-385.38,114.82,109.96,stop loss,380,25.38,-101.42
143,11/13/2015,12/17/2015,-490,-495.38,109.96,112.54,stop loss,490,25.38,-101.1
144,11/20/2015,12/9/2015,-530,-465.38,114.335,112.74,stop loss,530,25.38,-87.81
145,11/27/2015,12/11/2015,-300,-265.38,114.31,110.78,stop loss,300,25.38,-88.46
146,12/4/2015,12/17/2015,-410,-375.38,115.14,112.54,stop loss,410,25.38,-91.56
147,12/11/2015,1/4/2016,-480,-495.38,110.78,109.39,stop loss,480,25.38,-103.2
148,12/18/2015,1/5/2016,-420,-365.38,110.215,109.38,stop loss,420,25.38,-87
149,1/22/2016,2/4/2016,-560,-485.38,103.655,101.54,stop loss,560,25.38,-86.67
150,1/29/2016,2/5/2016,-250,-255.38,104.12,97.852,stop loss,250,25.38,-102.15
151,2/5/2016,2/11/2016,-600,-155.38,97.852,96.95,reached minimum exit VIX,600,25.38,-25.9
152,2/12/2016,3/18/2016,-640,2702.31,97.98,107.37,exercised,21600,27.69,12.51
153,2/19/2016,3/24/2016,-560,172.31,101.65,107.26,exercised,22000,27.69,0.78
154,2/26/2016,4/1/2016,-470,1862.31,103.43,110.36,exercised,22200,27.69,8.39
155,3/4/2016,4/7/2016,-330,-295.38,105.71,108.99,stop loss,330,25.38,-89.51
156,3/11/2016,4/15/2016,-520,92.31,106.385,110.64,exercised,22600,27.69,0.41
157,3/18/2016,4/22/2016,-460,-485.38,107.38,109,stop loss,460,25.38,-105.52
158,4/1/2016,4/22/2016,-430,-415.38,110.265,109,stop loss,430,25.38,-96.6
159,4/8/2016,4/26/2016,-400,-355.38,108.92,108.385,stop loss,400,25.38,-88.84
160,4/15/2016,4/25/2016,-470,-405.38,110.69,108.795,stop loss,470,25.38,-86.25
161,4/22/2016,4/28/2016,-440,-385.38,109,106.17,stop loss,440,25.38,-87.59
162,4/29/2016,5/13/2016,-400,-345.38,105.73,105.52,stop loss,400,25.38,-86.34
163,5/6/2016,6/10/2016,-350,-375.38,105.51,108.85,stop loss,350,25.38,-107.25
164,5/13/2016,6/15/2016,-440,-425.38,105.52,107.61,stop loss,440,25.38,-96.68
165,5/20/2016,6/17/2016,-390,-355.38,106.45,106.476,stop loss,390,25.38,-91.12
166,5/27/2016,6/13/2016,-400,-355.38,110.105,107.91,stop loss,400,25.38,-88.84
167,6/3/2016,6/15/2016,-380,-335.38,110.13,107.61,stop loss,380,25.38,-88.26
168,6/10/2016,6/24/2016,-400,-395.38,108.85,104.78,stop loss,400,25.38,-98.84
169,6/17/2016,6/27/2016,-440,-435.38,106.476,102.295,stop loss,440,25.38,-98.95
170,6/24/2016,7/29/2016,-520,2447.31,104.78,115.23,exercised,22500,32.69,10.88
171,7/1/2016,8/5/2016,-410,2057.31,108.21,116.78,exercised,22800,32.69,9.02
172,7/8/2016,8/12/2016,-360,2107.31,110.33,117.2,exercised,23200,32.69,9.08
173,7/15/2016,8/19/2016,-370,1862.31,111.775,117.26,exercised,23600,27.69,7.89
174,7/22/2016,8/26/2016,-280,-295.38,113.57,116.79,stop loss,280,25.38,-105.49
175,7/29/2016,8/29/2016,-340,-315.38,115.335,116.96,stop loss,340,25.38,-92.76
176,8/5/2016,8/25/2016,-260,-225.38,116.78,116.555,stop loss,260,25.38,-86.68
177,8/12/2016,8/30/2016,-390,-365.38,117.175,116.49,stop loss,390,25.38,-93.69
178,8/19/2016,9/8/2016,-390,-345.38,117.26,117.285,stop loss,390,25.38,-88.56
179,8/26/2016,9/9/2016,-330,-305.38,116.79,114.665,stop loss,330,25.38,-92.54
180,9/2/2016,10/4/2016,-320,-295.38,117.05,118.37,stop loss,320,25.38,-92.31
181,9/9/2016,10/13/2016,-470,-465.38,114.665,117.03,stop loss,470,25.38,-99.02
182,9/16/2016,10/11/2016,-340,-345.38,117.39,117.43,stop loss,340,25.38,-101.58
183,9/23/2016,10/11/2016,-410,-355.38,118.35,117.43,stop loss,410,25.38,-86.68
184,9/30/2016,10/13/2016,-450,-405.38,118.93,117.03,stop loss,450,25.38,-90.08
185,10/7/2016,10/28/2016,-480,-435.38,118.49,117.09,stop loss,480,25.38,-90.7
186,10/14/2016,11/3/2016,-520,-495.38,117.34,113.995,stop loss,520,25.38,-95.27
187,10/21/2016,11/3/2016,-410,-395.38,118.11,113.995,stop loss,410,25.38,-96.43
188,10/28/2016,11/10/2016,-500,-445.38,117.09,115.65,stop loss,500,25.38,-89.08
189,11/4/2016,12/2/2016,-510,-465.38,113.62,115.62,stop loss,510,25.38,-91.25
190,11/11/2016,12/1/2016,-440,-385.38,115.751,115.37,stop loss,440,25.38,-87.59
191,11/18/2016,12/1/2016,-380,-345.38,117.46,115.37,stop loss,380,25.38,-90.89
192,11/25/2016,12/1/2016,-310,-285.38,118.8,115.37,stop loss,310,25.38,-92.06
193,12/2/2016,1/6/2017,-480,2422.31,115.62,121.93,exercised,24400,27.69,9.93
194,12/9/2016,12/30/2016,-340,-325.38,119.41,118.35,stop loss,340,25.38,-95.7
195,12/16/2016,1/20/2017,-420,-197.69,119.52,123.25,exercised,25200,27.69,-0.78
196,12/23/2016,1/27/2017,-370,1402.31,120.121,125.8,exercised,25400,27.69,5.52
197,12/30/2016,2/3/2017,-490,2662.31,118.35,125.68,exercised,25200,27.69,10.56
198,1/6/2017,2/10/2017,-350,1502.31,122.06,127.38,exercised,25500,27.69,5.89
199,1/13/2017,2/17/2017,-350,2432.31,123.215,129.81,exercised,26000,27.69,9.36
200,1/20/2017,2/24/2017,-340,2127.31,123.14,130.26,exercised,25800,32.69,8.25
201,1/27/2017,3/3/2017,-300,1692.31,125.67,131.02,exercised,26300,27.69,6.43
202,2/3/2017,3/10/2017,-360,2107.31,125.665,131.39,exercised,26200,32.69,8.04
203,2/10/2017,3/17/2017,-280,382.31,127.37,131.69,exercised,26800,27.69,1.43
204,2/17/2017,3/21/2017,-330,-345.38,129.6,129.89,stop loss,330,25.38,-104.66
205,2/24/2017,3/21/2017,-330,-305.38,130.1,129.89,stop loss,330,25.38,-92.54
206,3/3/2017,3/21/2017,-310,-295.38,130.92,129.89,stop loss,310,25.38,-95.28
207,3/10/2017,4/6/2017,-340,-335.38,131.295,131.98,stop loss,340,25.38,-98.64
208,3/17/2017,4/6/2017,-230,-215.38,131.685,131.98,stop loss,230,25.38,-93.64
209,3/24/2017,4/28/2017,-350,1112.31,130.77,135.99,exercised,27400,27.69,4.06
210,3/31/2017,4/17/2017,-350,-305.38,132.63,130.83,stop loss,350,25.38,-87.25
211,4/7/2017,5/12/2017,-370,2097.31,132.076,138.6,exercised,27700,32.69,7.57
212,4/21/2017,5/26/2017,-430,2537.31,132.55,141.22,exercised,27800,32.69,9.13
213,4/28/2017,6/2/2017,-300,1667.31,135.95,143.46,exercised,28200,32.69,5.91
214,5/5/2017,6/9/2017,-290,-315.38,137.35,139.65,stop loss,290,25.38,-108.75
215,5/12/2017,6/14/2017,-290,-275.38,138.492,139.44,stop loss,290,25.38,-94.96
216,5/19/2017,6/23/2017,-320,-345.38,137.784,141.19,stop loss,320,25.38,-107.93
217,5/26/2017,6/15/2017,-230,-225.38,141.1,138.97,stop loss,230,25.38,-97.99
218,6/2/2017,6/12/2017,-280,-275.38,143.35,138.79,stop loss,280,25.38,-98.35
219,6/9/2017,6/27/2017,-510,-445.38,139.65,138.45,stop loss,510,25.38,-87.33
220,6/16/2017,7/3/2017,-430,-375.38,138.26,136.19,stop loss,430,25.38,-87.3
221,6/23/2017,6/29/2017,-450,-385.38,141.19,137.81,stop loss,450,25.38,-85.64
222,6/30/2017,8/4/2017,-590,532.31,137.93,143.65,exercised,29200,27.69,1.82
223,7/7/2017,8/10/2017,-560,-495.38,137.8,141.14,stop loss,560,25.38,-88.46
224,7/14/2017,8/10/2017,-520,-495.38,142.215,141.14,stop loss,520,25.38,-95.27
225,7/21/2017,8/4/2017,-390,-335.38,143.945,143.42,stop loss,390,25.38,-85.99
226,7/28/2017,8/10/2017,-400,-375.38,143.87,141.14,stop loss,400,25.38,-93.84
227,8/4/2017,8/21/2017,-430,-425.38,143.42,141.04,stop loss,430,25.38,-98.93
228,8/11/2017,8/28/2017,-510,-445.38,142.1,142.306,stop loss,510,25.38,-87.33
229,8/18/2017,9/21/2017,-580,-605.38,141.635,144.46,stop loss,580,25.38,-104.38
230,8/25/2017,9/25/2017,-540,-535.38,142.13,142.73,stop loss,540,25.38,-99.14
231,9/1/2017,9/14/2017,-300,-275.38,146.085,145.53,stop loss,300,25.38,-91.79
232,9/8/2017,9/25/2017,-560,-495.38,144.25,142.73,stop loss,560,25.38,-88.46
233,9/15/2017,9/25/2017,-420,-375.38,145.98,142.73,stop loss,420,25.38,-89.38
234,9/22/2017,10/27/2017,-410,2057.31,144.42,151.24,exercised,30200,32.69,6.81
235,9/29/2017,11/3/2017,-440,2027.31,145.52,153.27,exercised,30400,32.69,6.67
236,10/6/2017,11/10/2017,-320,1332.31,147.605,153.68,exercised,31000,27.69,4.3
237,10/13/2017,11/17/2017,-280,642.31,148.255,153.95,exercised,31200,27.69,2.06
238,10/20/2017,11/24/2017,-390,2077.31,148.55,156.26,exercised,31000,32.69,6.7
239,10/27/2017,12/1/2017,-460,-485.38,151.245,154.58,stop loss,460,25.38,-105.52
240,11/3/2017,12/4/2017,-530,-525.38,153.17,152.78,stop loss,530,25.38,-99.13
241,11/10/2017,12/5/2017,-540,-465.38,153.675,152.94,stop loss,540,25.38,-86.18
242,11/17/2017,12/22/2017,-410,-435.38,153.91,157.28,stop loss,410,25.38,-106.19
243,11/24/2017,12/22/2017,-370,-365.38,156.26,157.28,stop loss,370,25.38,-98.75
244,12/1/2017,12/29/2017,-530,-515.38,154.58,155.79,stop loss,530,25.38,-97.24
245,12/8/2017,1/12/2018,-470,2997.31,154.6,164.49,exercised,32500,32.69,9.22
246,12/15/2017,12/29/2017,-330,-295.38,157.48,155.79,stop loss,330,25.38,-89.51
247,12/22/2017,1/26/2018,-290,1677.31,157.28,170.93,exercised,32800,32.69,5.11
248,12/29/2017,2/2/2018,-550,3417.31,155.79,164.61,exercised,32900,32.69,10.39
249,1/5/2018,2/5/2018,-490,-375.38,161.9,159.34,reached minimum exit VIX,490,25.38,-76.61
250,1/12/2018,2/5/2018,-450,-385.38,164.41,159.34,stop loss,450,25.38,-85.64
251,1/19/2018,2/5/2018,-630,-545.38,166.26,159.34,stop loss,630,25.38,-86.57
252,1/26/2018,2/2/2018,-560,-525.38,170.72,164.575,stop loss,560,25.38,-93.82
253,2/2/2018,2/5/2018,-690,-485.38,164.575,159.34,reached minimum exit VIX,690,25.38,-70.34
254,2/16/2018,3/20/2018,-660,-585.38,165.24,167.645,stop loss,660,25.38,-88.69
255,2/23/2018,3/20/2018,-520,-465.38,167.985,167.645,stop loss,520,25.38,-89.5
256,3/2/2018,3/22/2018,-720,-625.38,166.13,162.92,stop loss,720,25.38,-86.86
257,3/9/2018,3/19/2018,-270,-265.38,172.95,167.205,stop loss,270,25.38,-98.29
258,3/16/2018,3/22/2018,-500,-475.38,171.41,162.92,stop loss,500,25.38,-95.08
259,3/23/2018,4/20/2018,-960,-825.38,158.86,162.235,stop loss,960,25.38,-85.98
260,4/6/2018,5/11/2018,-1010,2922.31,156.85,169.46,exercised,34500,27.69,8.47
261,4/13/2018,5/18/2018,-820,-845.38,161.42,167.69,stop loss,820,25.38,-103.1
262,4/20/2018,5/25/2018,-780,-587.69,162.235,169.72,exercised,35000,27.69,-1.68
263,4/27/2018,6/1/2018,-730,2982.31,162.22,172.74,exercised,34800,27.69,8.57
264,5/4/2018,6/8/2018,-320,1592.31,165.01,174.44,exercised,35000,27.69,4.55
265,5/11/2018,6/15/2018,-650,1302.31,169.31,176.98,exercised,36000,27.69,3.62
266,5/18/2018,6/22/2018,-630,1662.31,167.69,175.32,exercised,35500,27.69,4.68
267,5/25/2018,6/27/2018,-720,-645.38,169.59,170.77,stop loss,720,25.38,-89.64
268,6/1/2018,6/27/2018,-500,-455.38,172.55,170.77,stop loss,500,25.38,-91.08
269,6/8/2018,6/27/2018,-670,-595.38,174.52,170.77,stop loss,670,25.38,-88.86
270,6/15/2018,6/25/2018,-660,-575.38,177,171.35,stop loss,660,25.38,-87.18
271,6/22/2018,7/3/2018,-740,-665.38,175.54,170.8,stop loss,740,25.38,-89.92
272,6/29/2018,8/3/2018,-840,212.31,172.02,180.08,exercised,36800,27.69,0.58
273,7/6/2018,8/1/2018,-610,-525.38,175.48,177.17,stop loss,610,25.38,-86.13
274,7/13/2018,7/30/2018,-580,-545.38,179.65,175.18,stop loss,580,25.38,-94.03
275,7/20/2018,8/15/2018,-540,-525.38,179.01,179.26,stop loss,540,25.38,-97.29
276,7/27/2018,8/31/2018,-680,1442.31,177.735,186.65,exercised,37800,27.69,3.82
277,8/3/2018,9/6/2018,-600,-625.38,179.91,181.98,stop loss,600,25.38,-104.23
278,8/10/2018,9/10/2018,-660,-635.38,180.47,181.64,stop loss,660,25.38,-96.27
279,8/17/2018,9/17/2018,-530,-475.38,179.996,181.31,stop loss,530,25.38,-89.69
280,8/24/2018,9/17/2018,-510,-465.38,182.48,181.31,stop loss,510,25.38,-91.25
281,8/31/2018,9/6/2018,-600,-515.38,186.49,181.98,stop loss,600,25.38,-85.9
282,9/7/2018,10/4/2018,-680,-615.38,181.305,181.96,stop loss,680,25.38,-90.5
283,9/14/2018,10/4/2018,-550,-485.38,184.04,181.96,stop loss,550,25.38,-88.25
284,9/21/2018,10/8/2018,-600,-525.38,183.55,179.34,stop loss,600,25.38,-87.56
285,9/28/2018,10/8/2018,-710,-645.38,185.7,179.34,stop loss,710,25.38,-90.9
286,10/5/2018,10/11/2018,-820,-765.38,180.15,170.54,stop loss,820,25.38,-93.34
287,10/12/2018,10/26/2018,-790,-675.38,173.85,166.59,stop loss,790,25.38,-85.49
288,10/19/2018,10/29/2018,-820,-765.38,173.44,160.78,stop loss,820,25.38,-93.34
289,10/26/2018,11/16/2018,-1110,-955.38,166.59,167.98,stop loss,1110,25.38,-86.07
290,11/2/2018,11/19/2018,-910,-875.38,169.51,161.86,stop loss,910,25.38,-96.2
291,11/9/2018,11/19/2018,-820,-775.38,171.83,161.86,stop loss,820,25.38,-94.56
292,11/16/2018,11/23/2018,-900,-785.38,167.98,159.21,stop loss,900,25.38,-87.26
293,11/23/2018,12/17/2018,-1020,-875.38,159.21,156.26,stop loss,1020,25.38,-85.82
294,11/30/2018,12/10/2018,-950,-815.38,169.25,163.22,stop loss,950,25.38,-85.83
295,12/7/2018,12/19/2018,-990,-925.38,163.49,154.64,stop loss,990,25.38,-93.47
296,12/14/2018,12/20/2018,-900,-765.38,160.73,152.22,reached minimum exit VIX,900,25.38,-85.04
297,1/4/2019,2/8/2019,-950,1582.31,156.17,168.56,exercised,34400,27.69,4.6
298,1/11/2019,2/15/2019,-730,1182.31,160.78,171.94,exercised,35000,27.69,3.38
299,1/18/2019,2/22/2019,-740,-645.38,164.94,172.53,stop loss,740,25.38,-87.21
300,1/25/2019,3/1/2019,-780,1082.31,165.17,174.39,exercised,35500,27.69,3.05
301,2/1/2019,3/7/2019,-660,-685.38,167.44,171.35,stop loss,660,25.38,-103.85
302,2/8/2019,3/15/2019,-850,2472.31,168.03,178.35,exercised,36200,27.69,6.83
303,2/15/2019,3/8/2019,-720,-655.38,171.89,170.93,stop loss,720,25.38,-91.02
304,2/22/2019,3/29/2019,-510,122.31,172.53,179.66,exercised,36600,27.69,0.33
305,3/1/2019,4/5/2019,-590,3377.31,174.62,184.66,exercised,36800,32.69,9.18
306,3/8/2019,4/12/2019,-690,3777.31,170.93,185.83,exercised,36400,32.69,10.38
307,3/15/2019,4/18/2019,-630,2732.31,178.32,187.39,exercised,37800,27.69,7.23
308,3/22/2019,4/26/2019,-810,3312.31,178.76,190.65,exercised,38400,27.69,8.63
309,3/29/2019,5/3/2019,-650,3817.31,179.62,191.11,exercised,38200,32.69,9.99
310,4/5/2019,5/8/2019,-630,-575.38,184.64,186.31,stop loss,630,25.38,-91.33
311,4/12/2019,5/10/2019,-610,-575.38,185.78,184.76,stop loss,610,25.38,-94.32
312,4/26/2019,5/10/2019,-660,-645.38,190.43,184.76,stop loss,660,25.38,-97.78
313,5/3/2019,5/10/2019,-690,-645.38,191.06,184.76,stop loss,690,25.38,-93.53
314,5/10/2019,5/23/2019,-810,-785.38,184.76,177.9,stop loss,810,25.38,-96.96
315,5/17/2019,5/24/2019,-720,-625.38,183.21,178.18,stop loss,720,25.38,-86.86
316,5/24/2019,6/3/2019,-850,-795.38,178.18,169.89,stop loss,850,25.38,-93.57
317,5/31/2019,7/5/2019,-900,5067.31,174.14,191.05,exercised,37800,32.69,13.41
318,6/7/2019,7/12/2019,-850,4152.31,181.07,193.53,exercised,39000,27.69,10.65
319,6/14/2019,7/19/2019,-880,102.31,182.88,191.01,exercised,39200,27.69,0.26
320,6/21/2019,7/19/2019,-790,-705.38,188.96,191.36,stop loss,790,25.38,-89.29
321,6/28/2019,8/1/2019,-750,-735.38,186.33,190.72,stop loss,750,25.38,-98.05
322,7/5/2019,8/1/2019,-640,-555.38,191.07,190.72,stop loss,640,25.38,-86.78
323,7/12/2019,8/2/2019,-680,-685.38,193.32,187.33,stop loss,680,25.38,-100.79
324,7/19/2019,8/5/2019,-780,-775.38,191.36,181.06,stop loss,780,25.38,-99.41
325,7/26/2019,8/2/2019,-670,-615.38,195.43,187.33,stop loss,670,25.38,-91.85
326,8/2/2019,8/15/2019,-910,-785.38,187.33,182.89,stop loss,910,25.38,-86.31
327,8/9/2019,8/23/2019,-860,-775.38,187.21,182.47,stop loss,860,25.38,-90.16
328,8/16/2019,9/20/2019,-800,-825.38,185.53,190.94,stop loss,800,25.38,-103.17
329,8/23/2019,9/26/2019,-980,-865.38,182.47,189.49,stop loss,980,25.38,-88.3
330,8/30/2019,9/24/2019,-870,-765.38,187.19,187.69,stop loss,870,25.38,-87.97
331,9/6/2019,9/24/2019,-660,-605.38,191.82,187.69,stop loss,660,25.38,-91.72
332,9/13/2019,9/27/2019,-800,-745.38,192.68,186.83,stop loss,800,25.38,-93.17
333,9/20/2019,10/2/2019,-890,-845.38,190.94,184.17,stop loss,890,25.38,-94.99
334,9/27/2019,11/1/2019,-840,2502.31,186.83,198.87,exercised,40200,27.69,6.22
335,10/4/2019,11/8/2019,-640,3327.31,188.83,201.23,exercised,40200,32.69,8.28
336,10/11/2019,11/15/2019,-860,3022.31,191.85,202.91,exercised,40800,27.69,7.41
337,10/18/2019,11/22/2019,-800,2002.31,192.14,201.83,exercised,40800,27.69,4.91
338,10/25/2019,11/29/2019,-630,2442.31,195.47,205.1,exercised,41400,27.69,5.9
339,11/1/2019,12/3/2019,-650,-605.38,198.46,201.06,stop loss,650,25.38,-93.14
340,11/8/2019,12/3/2019,-610,-545.38,201,201.06,stop loss,610,25.38,-89.41
341,11/15/2019,12/20/2019,-550,2132.31,202.39,211.71,exercised,42600,27.69,5.01
342,11/22/2019,12/27/2019,-690,3777.31,201.64,213.61,exercised,42400,32.69,8.91
343,11/29/2019,1/3/2020,-570,2082.31,205.11,214.18,exercised,43200,27.69,4.82
344,12/6/2019,1/10/2020,-690,3277.31,205.1,218.43,exercised,43000,32.69,7.62
345,12/13/2019,1/17/2020,-600,3367.31,207.25,223.38,exercised,43400,32.69,7.76
346,12/20/2019,1/24/2020,-570,3897.31,211.57,222.7,exercised,44400,32.69,8.78
347,12/27/2019,1/31/2020,-640,-665.38,213.39,218.93,stop loss,640,25.38,-103.97
348,1/3/2020,2/7/2020,-800,4167.31,214.56,229.2,exercised,45400,32.69,9.18
349,1/10/2020,2/14/2020,-710,4257.31,218.39,234.64,exercised,46200,32.69,9.21
350,1/17/2020,2/21/2020,-760,-517.69,223.06,230.27,exercised,47000,27.69,-1.1
351,1/24/2020,2/25/2020,-750,-745.38,222.49,216.14,stop loss,750,25.38,-99.38
352,1/31/2020,2/27/2020,-1110,-975.38,218.93,208.03,stop loss,1110,25.38,-87.87
353,2/7/2020,2/25/2020,-980,-915.38,229.28,216.14,stop loss,980,25.38,-93.41
354,2/14/2020,2/24/2020,-720,-665.38,234.21,222.56,stop loss,720,25.38,-92.41
355,2/21/2020,2/25/2020,-1020,-925.38,230,216.14,stop loss,1020,25.38,-90.72
356,6/5/2020,6/11/2020,-1170,224.62,239.22,235.52,reached minimum exit VIX,1170,25.38,19.2
357,7/17/2020,8/21/2020,-1700,4142.31,259.62,281.87,exercised,58000,27.69,7.14
358,7/24/2020,8/28/2020,-1710,10757.31,255.14,292.53,exercised,57000,32.69,18.87
359,7/31/2020,9/3/2020,-1670,5024.62,264.79,286.51,reached minimum exit VIX,1670,25.38,300.88
360,8/7/2020,9/3/2020,-1670,2974.62,271.6,286.51,reached minimum exit VIX,1670,25.38,178.12
361,8/14/2020,9/3/2020,-1520,3464.62,271.53,286.51,reached minimum exit VIX,1520,25.38,227.94
362,8/21/2020,9/3/2020,-1400,1514.62,281.51,286.51,reached minimum exit VIX,1400,25.38,108.19
363,8/28/2020,9/3/2020,-1890,-165.38,292.95,286.51,reached minimum exit VIX,1890,25.38,-8.75
364,9/11/2020,9/23/2020,-2060,-1465.38,269.99,264.85,reached minimum exit VIX,2060,25.38,-71.13
365,9/18/2020,9/23/2020,-2150,-645.38,267.22,264.85,reached minimum exit VIX,2150,25.38,-30.02
366,9/25/2020,10/6/2020,-1990,-25.38,271.41,275.1,reached minimum exit VIX,1990,25.38,-1.28
367,10/9/2020,10/19/2020,-1830,-335.38,285.35,283.9,reached minimum exit VIX,1830,25.38,-18.33
368,11/6/2020,11/20/2020,-1800,-1545.38,295.18,291.35,stop loss,1800,25.38,-85.85
369,11/13/2020,12/18/2020,-1630,-597.69,291.3,310.06,exercised,64600,27.69,-0.93
370,11/20/2020,12/24/2020,-1520,2012.31,291.35,309.56,exercised,63800,27.69,3.15
371,11/27/2020,12/31/2020,-1520,-1495.38,298.69,312.96,stop loss,1520,25.38,-98.38
372,12/4/2020,1/4/2021,-1710,-1585.38,305.04,309.2,stop loss,1710,25.38,-92.71
373,12/11/2020,1/15/2021,-1800,-1825.38,301.17,312,stop loss,1800,25.38,-101.41
374,12/18/2020,1/15/2021,-1790,-1585.38,308.36,312,stop loss,1790,25.38,-88.57
375,1/8/2021,1/27/2021,-1860,-45.38,318.85,318.9,reached minimum exit VIX,1860,25.38,-2.44
376,1/15/2021,1/27/2021,-1760,1664.62,312,318.9,reached minimum exit VIX,1760,25.38,94.58
377,1/22/2021,1/27/2021,-1980,-225.38,326.37,318.9,reached minimum exit VIX,1980,25.38,-11.38
378,2/5/2021,2/22/2021,-1680,-1455.38,331.1,323.04,stop loss,1680,25.38,-86.63
379,2/12/2021,2/25/2021,-1650,-1495.38,335.76,313.43,stop loss,1650,25.38,-90.63
380,2/19/2021,2/25/2021,-1740,-1305.38,331.21,313.43,reached minimum exit VIX,1740,25.38,-75.02
381,3/5/2021,4/9/2021,-1980,7102.31,309.26,337.11,exercised,68500,27.69,10.37
382,3/12/2021,4/16/2021,-1950,5032.31,315.32,342.01,exercised,70200,27.69,7.17
383,3/19/2021,4/23/2021,-1960,4432.31,314.01,339.42,exercised,70000,27.69,6.33
384,3/26/2021,4/30/2021,-1670,5292.31,313.68,337.99,exercised,69000,27.69,7.67
385,4/9/2021,5/3/2021,-1790,-1645.38,336.55,336.18,stop loss,1790,25.38,-91.92
386,4/16/2021,5/3/2021,-1330,-1155.38,341.82,336.18,stop loss,1330,25.38,-86.87
387,4/23/2021,5/4/2021,-1550,-1335.38,340.02,328.45,stop loss,1550,25.38,-86.15
388,4/30/2021,5/12/2021,-1540,-1385.38,337.32,317.65,stop loss,1540,25.38,-89.96
389,5/7/2021,5/19/2021,-1540,-1335.38,334.53,321.12,stop loss,1540,25.38,-86.71
390,5/14/2021,6/18/2021,-1640,-1037.69,326.57,342.63,exercised,70800,27.69,-1.47
391,5/21/2021,6/25/2021,-1570,5362.31,326.98,349.46,exercised,71200,27.69,7.53
392,5/28/2021,7/2/2021,-1350,9262.31,334.4,358.64,exercised,72000,27.69,12.86
393,6/4/2021,7/9/2021,-1100,8867.31,335.74,361.01,exercised,72000,32.69,12.32
394,6/11/2021,7/16/2021,-1260,3312.31,340.6,357.6,exercised,73000,27.69,4.54
395,6/18/2021,7/23/2021,-1530,9642.31,343.58,368.2,exercised,74000,27.69,13.03
396,6/25/2021,7/30/2021,-1300,242.31,349.24,364.57,exercised,75000,27.69,0.32
397,7/2/2021,8/2/2021,-1370,-1195.38,358.57,364.2,stop loss,1370,25.38,-87.25
398,7/9/2021,8/6/2021,-1380,-1255.38,360.93,367.82,stop loss,1380,25.38,-90.97
399,7/16/2021,8/17/2021,-1650,-1535.38,357.51,364.73,stop loss,1650,25.38,-93.05
400,7/23/2021,8/11/2021,-1380,-1245.38,368.23,366.07,stop loss,1380,25.38,-90.24
401,7/30/2021,9/3/2021,-1430,1112.31,364.29,381.57,exercised,78000,27.69,1.43
402,8/6/2021,9/10/2021,-1250,-1275.38,367.82,376.9,stop loss,1250,25.38,-102.03
403,8/13/2021,9/14/2021,-1050,-905.38,368.58,374.68,stop loss,1050,25.38,-86.23
404,8/20/2021,9/20/2021,-1430,-1355.38,367.9,363.55,stop loss,1430,25.38,-94.78
405,8/27/2021,9/20/2021,-1280,-1225.38,376.38,363.55,stop loss,1280,25.38,-95.73
406,9/3/2021,9/17/2021,-1290,-1175.38,381.57,373.79,stop loss,1290,25.38,-91.11
407,9/10/2021,9/20/2021,-1810,-1605.38,376.9,363.55,stop loss,1810,25.38,-88.7
408,9/17/2021,9/28/2021,-1520,-1345.38,373.79,360.45,stop loss,1520,25.38,-88.51
409,9/24/2021,10/4/2021,-1290,-1215.38,373.64,352.39,stop loss,1290,25.38,-94.22
410,10/1/2021,11/5/2021,-1760,11207.31,360.21,398.6,exercised,78000,32.69,14.37
411,10/8/2021,11/12/2021,-1620,8347.31,361.29,394.7,exercised,77200,32.69,10.81
412,10/15/2021,11/19/2021,-1090,6877.31,368.49,403.99,exercised,78000,32.69,8.82
413,10/22/2021,11/26/2021,-1420,4054.62,373.955,392.38,reached minimum exit VIX,1420,25.38,285.54
414,10/29/2021,11/26/2021,-1580,184.62,385.1,392.38,reached minimum exit VIX,1580,25.38,11.68
415,11/5/2021,11/26/2021,-1660,-1495.38,398.69,392.38,stop loss,1660,25.38,-90.08
416,11/12/2021,11/26/2021,-1710,-795.38,394.61,392.38,reached minimum exit VIX,1710,25.38,-46.51
417,11/19/2021,11/26/2021,-1680,-1215.38,403.85,392.38,reached minimum exit VIX,1680,25.38,-72.34
418,12/10/2021,1/4/2022,-1840,-1685.38,397.34,397.065,stop loss,1840,25.38,-91.6
419,12/17/2021,1/7/2022,-1930,-1805.38,385.5,380.37,stop loss,1930,25.38,-93.54
420,12/31/2021,1/7/2022,-1830,-1605.38,398.88,380.37,stop loss,1830,25.38,-87.73
421,1/7/2022,1/20/2022,-2140,-1905.38,380.37,363.36,stop loss,2140,25.38,-89.04
422,1/14/2022,1/21/2022,-1880,-1625.38,380.22,353.52,stop loss,1880,25.38,-86.46
423,2/4/2022,2/14/2022,-2190,-1685.38,359.21,347.11,reached minimum exit VIX,2190,25.38,-76.96
424,3/18/2022,4/11/2022,-1940,-1835.38,351.15,341.08,stop loss,1940,25.38,-94.61
425,3/25/2022,4/11/2022,-2170,-2035.38,357.83,341.08,stop loss,2170,25.38,-93.8
426,4/1/2022,4/11/2022,-1950,-1715.38,359.38,341.08,stop loss,1950,25.38,-87.97
427,4/8/2022,4/21/2022,-2050,-1805.38,350.17,334.11,stop loss,2050,25.38,-88.07
428,5/27/2022,6/10/2022,-2160,-1975.38,308.2,289.7,stop loss,2160,25.38,-91.45
429,6/3/2022,6/13/2022,-2070,-1885.38,305.48,275.62,stop loss,2070,25.38,-91.08
430,7/1/2022,8/5/2022,-1960,14762.31,282.02,321.75,exercised,64400,27.69,22.92
431,7/8/2022,8/12/2022,-1950,12017.31,295.465,330.39,exercised,66000,32.69,18.21
432,7/15/2022,8/19/2022,-1830,9002.31,291.23,322.86,exercised,65200,27.69,13.81
433,7/22/2022,8/26/2022,-2170,-2195.38,301.42,307.79,stop loss,2170,25.38,-101.17
434,7/29/2022,8/23/2022,-1770,-1535.38,316.135,314.03,stop loss,1770,25.38,-86.74
435,8/5/2022,8/22/2022,-1680,-1435.38,321.38,313.73,stop loss,1680,25.38,-85.44
436,8/12/2022,8/22/2022,-1730,-1525.38,329.99,313.73,stop loss,1730,25.38,-88.17
437,8/19/2022,8/29/2022,-1940,-1705.38,322.85,305.46,stop loss,1940,25.38,-87.91
438,8/26/2022,9/13/2022,-2120,-1935.38,307.79,293.085,stop loss,2120,25.38,-91.29
439,9/2/2022,9/21/2022,-2090,-1845.38,293.99,284.03,stop loss,2090,25.38,-88.3
440,9/9/2022,9/21/2022,-1970,-1835.38,307.32,284.03,stop loss,1970,25.38,-93.17
441,9/16/2022,9/23/2022,-2280,-1715.38,288.63,275.45,reached minimum exit VIX,2280,25.38,-75.24
442,10/28/2022,11/3/2022,-1990,-1755.38,281.055,261.56,stop loss,1990,25.38,-88.21
443,11/4/2022,12/9/2022,-1870,-1895.38,264.24,282.92,stop loss,1870,25.38,-101.36
444,11/11/2022,11/28/2022,-1910,-1675.38,288.03,282.32,stop loss,1910,25.38,-87.72
445,11/18/2022,12/14/2022,-1930,-1805.38,285.01,286.14,stop loss,1930,25.38,-93.54
446,11/25/2022,12/15/2022,-1730,-1675.38,287.08,276.32,stop loss,1730,25.38,-96.84
447,12/2/2022,12/15/2022,-1520,-1455.38,291.87,276.32,stop loss,1520,25.38,-95.75
448,12/9/2022,12/19/2022,-2020,-1795.38,282.92,269.12,stop loss,2020,25.38,-88.88
449,12/16/2022,12/27/2022,-1520,-1295.38,274.93,264.1,stop loss,1520,25.38,-85.22
450,12/23/2022,1/27/2023,-1630,9602.31,266.92,296.26,exercised,59800,27.69,16.06
451,12/30/2022,2/3/2023,-1920,14047.31,265,306.18,exercised,60000,32.69,23.41
452,1/6/2023,2/10/2023,-1580,10092.31,269.56,299.7,exercised,60000,27.69,16.82
453,1/13/2023,2/17/2023,-1630,2502.31,280.77,301.16,exercised,62000,27.69,4.04
454,1/20/2023,2/24/2023,-1640,-1665.38,282.17,290.98,stop loss,1640,25.38,-101.55
455,1/27/2023,2/21/2023,-1800,-1675.38,297.27,294.57,stop loss,1800,25.38,-93.08
456,2/3/2023,2/21/2023,-1780,-1705.38,305.92,294.57,stop loss,1780,25.38,-95.81
457,2/10/2023,2/24/2023,-1880,-1715.38,299.69,290.98,stop loss,1880,25.38,-91.24
458,2/17/2023,3/9/2023,-1740,-1515.38,300.54,292.51,stop loss,1740,25.38,-87.09
459,2/24/2023,3/31/2023,-1910,9992.31,290.98,320.93,exercised,64600,27.69,15.47
460,3/3/2023,4/6/2023,-1790,232.31,299.52,318.05,exercised,66000,27.69,0.35
461,3/10/2023,4/14/2023,-1750,9792.31,287.66,318.57,exercised,64000,27.69,15.3
462,3/17/2023,4/19/2023,-1940,-1685.38,305.21,318.77,stop loss,1940,25.38,-86.88
463,3/24/2023,4/20/2023,-1600,-1465.38,310.57,315.58,stop loss,1600,25.38,-91.59
464,3/31/2023,4/20/2023,-1690,-1545.38,320,315.58,stop loss,1690,25.38,-91.44
465,4/14/2023,4/25/2023,-1520,-1315.38,318.63,310.5,stop loss,1520,25.38,-86.54
466,4/21/2023,5/26/2023,-1390,8577.31,316.08,348.4,exercised,68400,32.69,12.54
467,4/28/2023,6/2/2023,-1250,8717.31,321.85,354.65,exercised,69600,32.69,12.52
468,5/5/2023,6/9/2023,-1400,8567.31,323.19,354.5,exercised,69600,32.69,12.31
469,5/12/2023,6/16/2023,-1260,7707.31,324.74,367.93,exercised,69800,32.69,11.04
470,5/19/2023,6/23/2023,-1440,8527.31,336.44,362.54,exercised,72000,32.69,11.84
471,5/26/2023,6/30/2023,-1630,1762.31,348.75,369.42,exercised,75800,27.69,2.32
472,6/2/2023,7/6/2023,-1450,-1245.38,354.69,367.34,stop loss,1450,25.38,-85.89
473,6/9/2023,7/14/2023,-1730,7312.31,354.65,379.07,exercised,76800,27.69,9.52
474,6/16/2023,6/26/2023,-1520,-1315.38,368.83,358.65,stop loss,1520,25.38,-86.54
475,6/23/2023,7/27/2023,-1620,-1455.38,363.12,375.53,stop loss,1620,25.38,-89.84
476,6/30/2023,8/2/2023,-1670,-1645.38,369.92,374.44,stop loss,1670,25.38,-98.53
477,7/7/2023,8/4/2023,-1640,-1435.38,367.17,371.94,stop loss,1640,25.38,-87.52
478,7/14/2023,8/4/2023,-1740,-1625.38,378.7,371.94,stop loss,1740,25.38,-93.41
479,7/21/2023,8/9/2023,-1880,-1705.38,375.73,368.83,stop loss,1880,25.38,-90.71
480,7/28/2023,8/8/2023,-1550,-1355.38,383.19,372.18,stop loss,1550,25.38,-87.44
481,8/4/2023,8/16/2023,-1780,-1535.38,371.94,363.27,stop loss,1780,25.38,-86.26
482,8/11/2023,9/8/2023,-1730,-1515.38,366.25,372.06,stop loss,1730,25.38,-87.59
483,8/18/2023,9/20/2023,-1710,-1695.38,359.02,365.37,stop loss,1710,25.38,-99.15
484,8/25/2023,9/20/2023,-1660,-1525.38,364.71,365.37,stop loss,1660,25.38,-91.89
485,9/1/2023,9/15/2023,-1550,-1385.38,377.26,370.56,stop loss,1550,25.38,-89.38
486,9/8/2023,9/21/2023,-1490,-1375.38,372.06,358.87,stop loss,1490,25.38,-92.31
487,9/15/2023,9/26/2023,-1450,-1345.38,370.56,353.82,stop loss,1450,25.38,-92.78
488,9/22/2023,10/19/2023,-1680,-1465.38,358.85,359.33,stop loss,1680,25.38,-87.22
489,9/29/2023,10/25/2023,-1760,-1745.38,358.32,350.26,stop loss,1760,25.38,-99.17
490,10/6/2023,10/20/2023,-1970,-1735.38,365.38,354.88,stop loss,1970,25.38,-88.09
491,10/13/2023,10/25/2023,-1620,-1495.38,364.74,350.26,stop loss,1620,25.38,-92.31
492,10/20/2023,11/24/2023,-1900,11067.31,354.88,389.51,exercised,77600,32.69,14.26
493,10/27/2023,12/1/2023,-1790,10677.31,344.25,389.94,exercised,75500,32.69,14.14
494,11/3/2023,12/8/2023,-1420,5722.31,367.97,392.17,exercised,79000,27.69,7.24
495,11/10/2023,12/15/2023,-1510,7802.31,378.32,405.34,exercised,81600,27.69,9.56
496,11/17/2023,12/22/2023,-1480,4872.31,385.63,408.38,exercised,82800,27.69,5.88
497,11/24/2023,12/29/2023,-1490,4002.31,389.14,409.52,exercised,83200,27.69,4.81
498,12/1/2023,1/4/2024,-1590,-1575.38,389.7,397.28,stop loss,1590,25.38,-99.08
499,12/8/2023,1/12/2024,-1500,32.31,392.33,409.56,exercised,84000,27.69,0.04
500,12/15/2023,1/3/2024,-1620,-1415.38,405.19,398.52,stop loss,1620,25.38,-87.37
501,12/22/2023,1/3/2024,-1840,-1605.38,408.3,398.52,stop loss,1840,25.38,-87.25
502,12/29/2023,2/2/2024,-1750,1232.31,409.57,429.01,exercised,88000,27.69,1.4
503,1/5/2024,2/9/2024,-1520,10447.31,396.38,437.05,exercised,85200,32.69,12.26
504,1/12/2024,2/16/2024,-1680,2862.31,409.47,430.57,exercised,87956,27.69,3.25
505,1/19/2024,2/21/2024,-1360,-1225.38,421.08,424.38,stop loss,1360,25.38,-90.1
506,1/26/2024,2/28/2024,-1820,-1595.38,423.5,434.94,stop loss,1820,25.38,-87.66
507,2/2/2024,3/5/2024,-1560,-1445.38,429.64,434.81,stop loss,1560,25.38,-92.65
508,2/9/2024,3/5/2024,-1760,-1525.38,437.06,434.81,stop loss,1760,25.38,-86.67
509,2/16/2024,3/19/2024,-1910,-1675.38,430.89,438.25,stop loss,1910,25.38,-87.72
510,2/23/2024,3/25/2024,-1940,-1805.38,437.06,445.8,stop loss,1940,25.38,-93.06
511,3/1/2024,3/15/2024,-1780,-1575.38,445.88,434.11,stop loss,1780,25.38,-88.5
512,3/8/2024,4/2/2024,-1960,-1765.38,439.67,440.99,stop loss,1960,25.38,-90.07
513,3/15/2024,4/12/2024,-2010,-1785.38,434.11,438.42,stop loss,2010,25.38,-88.82
514,3/22/2024,4/10/2024,-2000,-1825.38,446.44,438.5,stop loss,2000,25.38,-91.27
515,4/5/2024,4/17/2024,-2220,-1905.38,440.44,426.57,stop loss,2220,25.38,-85.83
516,4/12/2024,4/19/2024,-2080,-1995.38,438.42,413.57,stop loss,2080,25.38,-95.93
517,4/19/2024,5/24/2024,-2320,14147.31,413.57,457.95,exercised,90800,32.69,15.58
518,4/26/2024,5/31/2024,-1650,-1675.38,431.63,449.01,stop loss,1650,25.38,-101.54
519,5/3/2024,6/7/2024,-2020,5912.31,435.52,462.96,exercised,94000,27.69,6.29
520,5/10/2024,6/14/2024,-2040,12927.31,441.97,479.19,exercised,95000,32.69,13.61
521,5/17/2024,6/21/2024,-1610,8762.31,451.51,480.18,exercised,96800,27.69,9.05
522,5/24/2024,6/28/2024,-1670,3412.31,457.81,479.11,exercised,97600,27.69,3.5
523,5/31/2024,7/5/2024,-1610,11357.31,449.01,496.16,exercised,96000,32.69,11.83
524,6/7/2024,7/12/2024,-1970,12822.31,462.93,494.82,exercised,99000,27.69,12.95
525,6/14/2024,7/17/2024,-2230,-1985.38,478.24,482.63,stop loss,2230,25.38,-89.03
526,6/21/2024,7/19/2024,-2000,-1875.38,480.75,475.23,stop loss,2000,25.38,-93.77
527,6/28/2024,7/24/2024,-2330,-2185.38,480.63,465.01,stop loss,2330,25.38,-93.79
528,7/5/2024,7/18/2024,-1600,-1405.38,496.47,479.88,stop loss,1600,25.38,-87.84
529,7/12/2024,7/19/2024,-1800,-1555.38,495.77,475.23,stop loss,1800,25.38,-86.41
530,7/19/2024,8/2/2024,-2430,-2245.38,475.23,447.65,stop loss,2430,25.38,-92.4
531,7/26/2024,8/5/2024,-2280,-1715.38,462.99,433.8,reached minimum exit VIX,2280,25.38,-75.24
532,8/2/2024,8/5/2024,-2740,-825.38,447.65,433.8,reached minimum exit VIX,2740,25.38,-30.12
533,8/9/2024,9/6/2024,-2360,-2305.38,450.68,449.83,stop loss,2360,25.38,-97.69
534,8/16/2024,9/3/2024,-1680,-1555.38,474.63,460.45,stop loss,1680,25.38,-92.58
535,8/23/2024,9/3/2024,-1540,-1415.38,478.95,460.45,stop loss,1540,25.38,-91.91
536,8/30/2024,9/6/2024,-2060,-1855.38,474.34,449.83,stop loss,2060,25.38,-90.07
537,9/6/2024,10/11/2024,-2710,15622.31,449.83,493.36,exercised,98800,27.69,15.81
538,9/13/2024,10/18/2024,-2960,-2945.38,475.57,494.23,stop loss,2960,25.38,-99.51
539,9/20/2024,10/21/2024,-2230,-1955.38,483.21,494.36,stop loss,2230,25.38,-87.69
540,9/27/2024,10/30/2024,-2290,-2055.38,486.75,497.15,stop loss,2290,25.38,-89.75
541,10/4/2024,11/1/2024,-2140,-1945.38,486.89,487.91,stop loss,2140,25.38,-90.91
542,10/11/2024,11/1/2024,-2350,-2015.38,494.01,487.91,stop loss,2350,25.38,-85.76
543,10/18/2024,11/15/2024,-1930,-1815.38,494.23,495.68,stop loss,1930,25.38,-94.06
544,10/25/2024,11/21/2024,-2720,-2385.38,495.75,505.52,stop loss,2720,25.38,-87.7
545,11/1/2024,12/6/2024,-2260,9192.31,487.91,526.48,exercised,106000,27.69,8.67
546,11/8/2024,11/15/2024,-2580,-2205.38,513.88,495.68,stop loss,2580,25.38,-85.48
547,11/15/2024,12/20/2024,-1970,-1992.69,495.68,518.66,expired,1970,22.69,-101.15
548,11/22/2024,12/27/2024,-1840,-1865.38,505.07,520.42,stop loss,1840,25.38,-101.38
549,11/29/2024,12/31/2024,-1630,-1585.38,509.78,511.97,stop loss,1630,25.38,-97.26
550,12/6/2024,12/27/2024,-1720,-1475.38,526.29,520.42,stop loss,1720,25.38,-85.78
551,12/13/2024,12/30/2024,-2330,-2165.38,530.63,517.17,stop loss,2330,25.38,-92.93
552,12/20/2024,1/8/2025,-1920,-1695.38,520.3,514.88,stop loss,1920,25.38,-88.3
553,12/27/2024,1/13/2025,-2140,-1925.38,520.42,504.55,stop loss,2140,25.38,-89.97
554,1/3/2025,2/3/2025,-2230,-2095.38,518.38,518.77,stop loss,2230,25.38,-93.96
555,1/10/2025,2/14/2025,-2250,1872.31,507.05,538.15,exercised,110000,27.69,1.7
556,1/17/2025,2/20/2025,-2020,-1995.38,522.27,536.5,stop loss,2020,25.38,-98.78
557,1/24/2025,2/20/2025,-1590,-1375.38,528.83,536.5,stop loss,1590,25.38,-86.5
558,1/31/2025,2/24/2025,-2360,-2015.38,521.77,521.97,stop loss,2360,25.38,-85.4
559,2/7/2025,2/27/2025,-2460,-2365.38,523.02,501.84,stop loss,2460,25.38,-96.15
560,2/14/2025,2/25/2025,-2430,-2285.38,538.26,513.53,stop loss,2430,25.38,-94.05
561,2/21/2025,2/28/2025,-2210,-1935.38,525.89,504.16,stop loss,2210,25.38,-87.57
562,2/28/2025,3/10/2025,-2610,-2315.38,504.16,472.11,stop loss,2610,25.38,-88.71
563,3/7/2025,3/18/2025,-2670,-2355.38,490.72,474.53,stop loss,2670,25.38,-88.22
564,3/14/2025,3/31/2025,-2430,-2125.38,478.6,468.84,stop loss,2430,25.38,-87.46
565,3/21/2025,4/3/2025,-2210,-2005.38,478.68,451.72,stop loss,2210,25.38,-90.74
566,3/28/2025,4/4/2025,-2720,-2245.38,468.3,430.36,reached minimum exit VIX,2720,25.38,-82.55
567,4/25/2025,5/30/2025,-2690,14392.31,471.26,519.11,exercised,104600,27.69,13.76
568,5/2/2025,6/6/2025,-3180,11712.31,488.78,529.92,exercised,108000,27.69,10.84
569,5/9/2025,6/13/2025,-3140,8792.31,488.17,526.96,exercised,108000,27.69,8.14
