Time,Symbol,Price,Quantity,Type,Status,Value,Tag
2016-06-01T13:31:00Z,GLD,115.94,859,Market On Close,Filled,99592.46,"Monthly rotation to GLD" 
2016-06-01T20:00:00Z,GLD,0,-859,Stop Market,Canceled,0,"Monthly stop reset" 
2016-07-01T13:31:00Z,GLD,128.41,-859,Market On Close,Filled,-110304.19,"Monthly rotation to SHY" 
2016-07-01T13:31:00Z,SHY,69.361026375,1569,Market On Close,Filled,108827.45038237,"Monthly rotation to SHY" 
2016-07-01T20:00:00Z,SHY,0,-1569,Stop Market,Canceled,0,"Monthly stop reset" 
2016-08-01T13:31:00Z,SHY,69.279687865,-1569,Market On Close,Filled,-108699.83026019,"Monthly rotation to TECL" 
2016-08-01T13:31:00Z,TECL,4.0689390399,27295,Market On Close,Filled,111061.69109407,"Monthly rotation to TECL" 
2016-08-01T20:00:00Z,TECL,0,-27295,Stop Market,Canceled,0,"Monthly stop reset" 
2016-09-01T13:31:00Z,TECL,4.2161076321,-27295,Market On Close,Filled,-115078.65781817,"Monthly rotation to TQQQ" 
2016-09-01T13:31:00Z,TQQQ,2.418698742569,47133,Market On Close,Filled,114000.5278335,"Monthly rotation to TQQQ" 
2016-09-01T20:00:00Z,TQQQ,0,-47133,Stop Market,Canceled,0,"Monthly stop reset" 
2016-10-03T13:31:00Z,TQQQ,2.5419319190006,-47133,Market On Close,Filled,-119808.87713826,"Monthly rotation to TECL" 
2016-10-03T13:31:00Z,TECL,4.3678184648,27310,Market On Close,Filled,119285.12227369,"Monthly rotation to TECL" 
2016-10-03T20:00:00Z,TECL,0,-27310,Stop Market,Canceled,0,"Monthly stop reset" 
2016-11-01T13:31:00Z,TECL,4.1861288448,-27310,Market On Close,Filled,-114323.17875149,"Monthly rotation to TQQQ" 
2016-11-01T13:31:00Z,TQQQ,2.3802626714633,48639,Market On Close,Filled,115773.5960773,"Monthly rotation to TQQQ" 
2016-11-01T20:00:00Z,TQQQ,0,-48639,Stop Market,Canceled,0,"Monthly stop reset" 
2016-12-01T14:31:00Z,TQQQ,2.3220141925711,-48639,Market On Close,Filled,-112940.44831247,"Monthly rotation to TECL" 
2016-12-01T14:31:00Z,TECL,4.0135237058,27771,Market On Close,Filled,111459.56683377,"Monthly rotation to TECL" 
2016-12-01T21:00:00Z,TECL,0,-27771,Stop Market,Canceled,0,"Monthly stop reset" 
2017-01-03T14:31:00Z,TECL,4.6676063378,-27771,Market On Close,Filled,-129624.09560704,"Monthly rotation to TQQQ" 
2017-01-03T14:31:00Z,TQQQ,2.5817548586514,50313,Market On Close,Filled,129895.83220333,"Monthly rotation to TQQQ" 
2017-01-03T21:00:00Z,TQQQ,0,-50313,Stop Market,Canceled,0,"Monthly stop reset" 
2017-02-01T14:31:00Z,TQQQ,2.9734375970795,-50313,Market On Close,Filled,-149602.56582186,"Monthly rotation to TECL" 
2017-02-01T14:31:00Z,TECL,5.123647284,29288,Market On Close,Filled,150061.38165379,"Monthly rotation to TECL" 
2017-02-01T21:00:00Z,TECL,0,-29288,Stop Market,Canceled,0,"Monthly stop reset" 
2017-03-01T14:31:00Z,TECL,5.9694124651,-29288,Market On Close,Filled,-174832.15227785,"Monthly rotation to TQQQ" 
2017-03-01T14:31:00Z,TQQQ,3.4156492653019,50750,Market On Close,Filled,173344.20021407,"Monthly rotation to TQQQ" 
2017-03-01T21:00:00Z,TQQQ,0,-50750,Stop Market,Canceled,0,"Monthly stop reset" 
2017-04-03T13:31:00Z,TQQQ,3.4877662219475,-50750,Market On Close,Filled,-177004.13576383,"Monthly rotation to TECL" 
2017-04-03T13:31:00Z,TECL,6.0638910675,29406,Market On Close,Filled,178314.78073091,"Monthly rotation to TECL" 
2017-04-03T20:00:00Z,TECL,0,-29406,Stop Market,Canceled,0,"Monthly stop reset" 
2017-05-01T19:50:00Z,TECL,0,-29406,Stop Market,Canceled,0,"Monthly stop reset" 
2017-06-01T19:50:00Z,TECL,6.4191169858025,-29406,Stop Market,Filled,-188760.55408451,"10.5% monthly-reset stop" 
2017-07-03T13:31:00Z,TQQQ,3.7643466380937,48811,Market On Close,Filled,183741.52375199,"Monthly rotation to TQQQ" 
2017-07-03T17:00:00Z,TQQQ,0,-48811,Stop Market,Canceled,0,"Monthly stop reset" 
2017-08-01T19:50:00Z,TQQQ,0,-48811,Stop Market,Canceled,0,"Monthly stop reset" 
2017-09-01T13:31:00Z,TQQQ,4.572294300733,-48811,Market On Close,Filled,-223178.25711308,"Monthly rotation to TECL" 
2017-09-01T13:31:00Z,TECL,7.976174318,28597,Market On Close,Filled,228094.65697185,"Monthly rotation to TECL" 
2017-09-01T20:00:00Z,TECL,0,-28597,Stop Market,Canceled,0,"Monthly stop reset" 
2017-10-02T13:31:00Z,TECL,8.1660399709,-28597,Market On Close,Filled,-233524.24504783,"Monthly rotation to TQQQ" 
2017-10-02T13:31:00Z,TQQQ,4.539802045541,51432,Market On Close,Filled,233491.09880627,"Monthly rotation to TQQQ" 
2017-10-02T20:00:00Z,TQQQ,0,-51432,Stop Market,Canceled,0,"Monthly stop reset" 
2017-11-01T19:50:00Z,TQQQ,0,-51432,Stop Market,Canceled,0,"Monthly stop reset" 
2017-12-01T14:31:00Z,TQQQ,5.3600333656309,-51432,Market On Close,Filled,-275677.23606113,"Monthly rotation to TECL" 
2017-12-01T14:31:00Z,TECL,9.9665841051,27632,Market On Close,Filled,275396.65199212,"Monthly rotation to TECL" 
2017-12-01T21:00:00Z,TECL,0,-27632,Stop Market,Canceled,0,"Monthly stop reset" 
2018-01-02T14:31:00Z,TECL,10.5795454296,-27632,Market On Close,Filled,-292333.99931071,"Monthly rotation to TQQQ" 
2018-01-02T14:31:00Z,TQQQ,5.7788664599956,51333,Market On Close,Filled,296646.55199096,"Monthly rotation to TQQQ" 
2018-01-02T21:00:00Z,TQQQ,0,-51333,Stop Market,Canceled,0,"Monthly stop reset" 
2018-02-01T14:31:00Z,TQQQ,6.8439784350689,-51333,Market On Close,Filled,-351321.94500739,"Monthly rotation to TECL" 
2018-02-01T14:31:00Z,TECL,12.4601110088,28620,Market On Close,Filled,356608.37707186,"Monthly rotation to TECL" 
2018-02-01T21:00:00Z,TECL,10.994215596,-28620,Stop Market,Filled,-314654.45035752,"10.5% monthly-reset stop" 
2018-03-01T14:31:00Z,TQQQ,6.269816511006,46351,Market On Close,Filled,290612.26510164,"Monthly rotation to TQQQ" 
2018-03-01T21:00:00Z,TQQQ,5.6114857773503,-46351,Stop Market,Filled,-260097.97726597,"10.5% monthly-reset stop" 
2018-04-02T13:31:00Z,TQQQ,5.1963833486275,48199,Market On Close,Filled,250460.4810205,"Monthly rotation to TQQQ" 
2018-04-02T20:00:00Z,TQQQ,0,-48199,Stop Market,Canceled,0,"Monthly stop reset" 
2018-05-01T13:31:00Z,TQQQ,5.8632670740919,-48199,Market On Close,Filled,-282603.60970415,"Monthly rotation to TECL" 
2018-05-01T13:31:00Z,TECL,10.6450196664,29067,Market On Close,Filled,309418.78664325,"Monthly rotation to TECL" 
2018-05-01T20:00:00Z,TECL,0,-29067,Stop Market,Canceled,0,"Monthly stop reset" 
2018-06-01T19:50:00Z,TECL,0,-29067,Stop Market,Canceled,0,"Monthly stop reset" 
2018-07-02T13:31:00Z,TECL,12.5072585883,-29067,Market On Close,Filled,-363548.48538612,"Monthly rotation to TQQQ" 
2018-07-02T13:31:00Z,TQQQ,6.941066727625,51615,Market On Close,Filled,358263.15914636,"Monthly rotation to TQQQ" 
2018-07-02T20:00:00Z,TQQQ,0,-51615,Stop Market,Canceled,0,"Monthly stop reset" 
2018-08-01T13:31:00Z,TQQQ,7.402298769125,-51615,Market On Close,Filled,-382069.65096839,"Monthly rotation to TECL" 
2018-08-01T13:31:00Z,TECL,13.1341249035,29611,Market On Close,Filled,388914.57251754,"Monthly rotation to TECL" 
2018-08-01T20:00:00Z,TECL,0,-29611,Stop Market,Canceled,0,"Monthly stop reset" 
2018-09-04T19:50:00Z,TECL,0,-29611,Stop Market,Canceled,0,"Monthly stop reset" 
2018-10-01T19:50:00Z,TECL,13.645442779711,-29611,Stop Market,Filled,-404055.20615002,"10.5% monthly-reset stop" 
2018-11-01T13:31:00Z,SHY,69.419441592,5762,Market On Close,Filled,399994.8224531,"Monthly rotation to SHY" 
2018-11-01T20:00:00Z,SHY,0,-5762,Stop Market,Canceled,0,"Monthly stop reset" 
2018-12-03T14:31:00Z,SHY,69.588333792,-5762,Market On Close,Filled,-400967.9793095,"Monthly rotation to GLD" 
2018-12-03T14:31:00Z,GLD,116.41,3471,Market On Close,Filled,404059.11,"Monthly rotation to GLD" 
2018-12-03T21:00:00Z,GLD,0,-3471,Stop Market,Canceled,0,"Monthly stop reset" 
2019-01-02T20:50:00Z,GLD,0,-3471,Stop Market,Canceled,0,"Monthly stop reset" 
2019-02-01T20:50:00Z,GLD,0,-3471,Stop Market,Canceled,0,"Monthly stop reset" 
2019-03-01T20:50:00Z,GLD,0,-3471,Stop Market,Canceled,0,"Monthly stop reset" 
2019-04-01T19:50:00Z,GLD,0,-3471,Stop Market,Canceled,0,"Monthly stop reset" 
2019-05-01T13:31:00Z,GLD,120.4,-3471,Market On Close,Filled,-417908.4,"Monthly rotation to TQQQ" 
2019-05-01T13:31:00Z,TQQQ,7.7792906105,53029,Market On Close,Filled,412528.0017842,"Monthly rotation to TQQQ" 
2019-05-01T20:00:00Z,TQQQ,6.9624650963975,-53029,Stop Market,Filled,-369212.56159686,"10.5% monthly-reset stop" 
2019-06-03T13:31:00Z,TQQQ,5.5978027185,62099,Market On Close,Filled,347617.95101613,"Monthly rotation to TQQQ" 
2019-06-03T20:00:00Z,TQQQ,0,-62099,Stop Market,Canceled,0,"Monthly stop reset" 
2019-07-01T19:50:00Z,TQQQ,0,-62099,Stop Market,Canceled,0,"Monthly stop reset" 
2019-08-01T13:31:00Z,TQQQ,7.701890658,-62099,Market On Close,Filled,-478279.70797114,"Monthly rotation to TECL" 
2019-08-01T13:31:00Z,TECL,15.638984937,32059,Market On Close,Filled,501370.21809528,"Monthly rotation to TECL" 
2019-08-01T20:00:00Z,TECL,13.623854574,-32059,Stop Market,Filled,-436767.15378787,"10.5% monthly-reset stop" 
2019-09-03T13:31:00Z,TECL,14.191896315,29734,Market On Close,Filled,421981.84503021,"Monthly rotation to TECL" 
2019-09-03T20:00:00Z,TECL,0,-29734,Stop Market,Canceled,0,"Monthly stop reset" 
2019-10-01T13:31:00Z,TECL,14.856833579,-29734,Market On Close,Filled,-441753.08963799,"Monthly rotation to TQQQ" 
2019-10-01T13:31:00Z,TQQQ,7.161281759,63910,Market On Close,Filled,457677.51721769,"Monthly rotation to TQQQ" 
2019-10-01T20:00:00Z,TQQQ,0,-63910,Stop Market,Canceled,0,"Monthly stop reset" 
2019-11-01T19:50:00Z,TQQQ,0,-63910,Stop Market,Canceled,0,"Monthly stop reset" 
2019-12-02T14:31:00Z,TQQQ,8.959342194,-63910,Market On Close,Filled,-572591.55961854,"Monthly rotation to TECL" 
2019-12-02T14:31:00Z,TECL,18.8265868322,30114,Market On Close,Filled,566943.83586487,"Monthly rotation to TECL" 
2019-12-02T21:00:00Z,TECL,0,-30114,Stop Market,Canceled,0,"Monthly stop reset" 
2020-01-02T14:31:00Z,TECL,23.3673835706,-30114,Market On Close,Filled,-703685.38884505,"Monthly rotation to TQQQ" 
2020-01-02T14:31:00Z,TQQQ,10.8208869165,65076,Market On Close,Filled,704180.03697815,"Monthly rotation to TQQQ" 
2020-01-02T21:00:00Z,TQQQ,0,-65076,Stop Market,Canceled,0,"Monthly stop reset" 
2020-02-03T14:31:00Z,TQQQ,11.66664095775,-65076,Market On Close,Filled,-759218.32696654,"Monthly rotation to TECL" 
2020-02-03T14:31:00Z,TECL,25.5225699094,29688,Market On Close,Filled,757714.05547027,"Monthly rotation to TECL" 
2020-02-03T21:00:00Z,TECL,22.842700068913,-29688,Stop Market,Filled,-678154.07964589,"10.5% monthly-reset stop" 
2020-03-02T14:31:00Z,TECL,22.2696484728,35963,Market On Close,Filled,800883.36802731,"Monthly rotation to TECL" 
2020-03-02T21:00:00Z,TECL,19.931335383156,-35963,Stop Market,Filled,-716790.61438444,"10.5% monthly-reset stop" 
2020-04-01T13:31:00Z,IEF,103.293090363,5829,Market On Close,Filled,602095.42372593,"Monthly rotation to IEF" 
2020-04-01T20:00:00Z,IEF,0,-5829,Stop Market,Canceled,0,"Monthly stop reset" 
2020-05-01T13:31:00Z,IEF,103.299999348,-5829,Market On Close,Filled,-602135.69619949,"Monthly rotation to TQQQ" 
2020-05-01T13:31:00Z,TQQQ,7.565329459125,72056,Market On Close,Filled,545127.37950671,"Monthly rotation to TQQQ" 
2020-05-01T20:00:00Z,TQQQ,0,-72056,Stop Market,Canceled,0,"Monthly stop reset" 
2020-06-01T13:31:00Z,TQQQ,9.981088889625,-72056,Market On Close,Filled,-719197.34103082,"Monthly rotation to TECL" 
2020-06-01T13:31:00Z,TECL,17.8875998356,42803,Market On Close,Filled,765642.93576319,"Monthly rotation to TECL" 
2020-06-01T20:00:00Z,TECL,0,-42803,Stop Market,Canceled,0,"Monthly stop reset" 
2020-07-01T13:31:00Z,TECL,21.4344689801,-42803,Market On Close,Filled,-917459.57575522,"Monthly rotation to TQQQ" 
2020-07-01T13:31:00Z,TQQQ,12.04782587775,79272,Market On Close,Filled,955055.252981,"Monthly rotation to TQQQ" 
2020-07-01T20:00:00Z,TQQQ,0,-79272,Stop Market,Canceled,0,"Monthly stop reset" 
2020-08-03T19:50:00Z,TQQQ,0,-79272,Stop Market,Canceled,0,"Monthly stop reset" 
2020-09-01T19:50:00Z,TQQQ,17.203018383945,-79272,Stop Market,Filled,-1363717.6733321,"10.5% monthly-reset stop" 
2020-10-01T13:31:00Z,TECL,28.9558504829,47474,Market On Close,Filled,1374650.0458252,"Monthly rotation to TECL" 
2020-10-01T20:00:00Z,TECL,25.915486182196,-47474,Stop Market,Filled,-1230311.7910135,"10.5% monthly-reset stop" 
2020-11-02T14:31:00Z,TECL,23.6754662507,50486,Market On Close,Filled,1195279.5891328,"Monthly rotation to TECL" 
2020-11-02T21:00:00Z,TECL,0,-50486,Stop Market,Canceled,0,"Monthly stop reset" 
2020-12-01T20:50:00Z,TECL,0,-50486,Stop Market,Canceled,0,"Monthly stop reset" 
2021-01-04T14:31:00Z,TECL,35.6198914746,-50486,Market On Close,Filled,-1798305.8409867,"Monthly rotation to TQQQ" 
2021-01-04T14:31:00Z,TQQQ,20.709096751875,87042,Market On Close,Filled,1802561.1994767,"Monthly rotation to TQQQ" 
2021-01-04T21:00:00Z,TQQQ,0,-87042,Stop Market,Canceled,0,"Monthly stop reset" 
2021-02-01T20:50:00Z,TQQQ,0,-87042,Stop Market,Canceled,0,"Monthly stop reset" 
2021-03-01T20:50:00Z,TQQQ,19.023994511602,-87042,Stop Market,Filled,-1655886.5302789,"10.5% monthly-reset stop" 
2021-04-01T13:31:00Z,TQQQ,22.8473095025,75597,Market On Close,Filled,1727188.0564605,"Monthly rotation to TQQQ" 
2021-04-01T20:00:00Z,TQQQ,0,-75597,Stop Market,Canceled,0,"Monthly stop reset" 
2021-05-03T13:31:00Z,TQQQ,25.2297192525,-75597,Market On Close,Filled,-1907291.0863312,"Monthly rotation to TECL" 
2021-05-03T13:31:00Z,TECL,43.667973774,42104,Market On Close,Filled,1838596.3677805,"Monthly rotation to TECL" 
2021-05-03T20:00:00Z,TECL,37.615535406,-42104,Stop Market,Filled,-1583764.5027342,"10.5% monthly-reset stop" 
2021-06-01T13:31:00Z,TECL,41.638192614,37149,Market On Close,Filled,1546817.2174175,"Monthly rotation to TECL" 
2021-06-01T20:00:00Z,TECL,0,-37149,Stop Market,Canceled,0,"Monthly stop reset" 
2021-07-01T13:31:00Z,TECL,51.464178684,-37149,Market On Close,Filled,-1911842.7739319,"Monthly rotation to TQQQ" 
2021-07-01T13:31:00Z,TQQQ,29.198813896,66053,Market On Close,Filled,1928669.2542725,"Monthly rotation to TQQQ" 
2021-07-01T20:00:00Z,TQQQ,0,-66053,Stop Market,Canceled,0,"Monthly stop reset" 
2021-08-02T19:50:00Z,TQQQ,0,-66053,Stop Market,Canceled,0,"Monthly stop reset" 
2021-09-01T13:31:00Z,TQQQ,35.81000095225,-66053,Market On Close,Filled,-2365357.992899,"Monthly rotation to TECL" 
2021-09-01T13:31:00Z,TECL,63.172325466,37293,Market On Close,Filled,2355885.5336035,"Monthly rotation to TECL" 
2021-09-01T20:00:00Z,TECL,56.41868997,-37293,Stop Market,Filled,-2104022.2050512,"10.5% monthly-reset stop" 
2021-10-01T13:31:00Z,TQQQ,30.218485269,71352,Market On Close,Filled,2156149.3609137,"Monthly rotation to TQQQ" 
2021-10-01T20:00:00Z,TQQQ,0,-71352,Stop Market,Canceled,0,"Monthly stop reset" 
2021-11-01T13:31:00Z,TQQQ,37.32997837275,-71352,Market On Close,Filled,-2663568.6168525,"Monthly rotation to TECL" 
2021-11-01T13:31:00Z,TECL,65.534252634,39623,Market On Close,Filled,2596663.692117,"Monthly rotation to TECL" 
2021-11-01T20:00:00Z,TECL,0,-39623,Stop Market,Canceled,0,"Monthly stop reset" 
2021-12-01T14:31:00Z,TECL,70.922398986,-39623,Market On Close,Filled,-2810158.2150223,"Monthly rotation to TQQQ" 
2021-12-01T14:31:00Z,TQQQ,36.9511752225,75965,Market On Close,Filled,2806996.0257772,"Monthly rotation to TQQQ" 
2021-12-01T21:00:00Z,TQQQ,0,-75965,Stop Market,Canceled,0,"Monthly stop reset" 
2022-01-03T20:50:00Z,TQQQ,34.997624935,-75965,Stop Market,Filled,-2658594.5781873,"10.5% monthly-reset stop" 
2022-02-01T14:31:00Z,GLD,168.23,15995,Market On Close,Filled,2690838.85,"Monthly rotation to GLD" 
2022-02-01T21:00:00Z,GLD,0,-15995,Stop Market,Canceled,0,"Monthly stop reset" 
2022-03-01T20:50:00Z,GLD,0,-15995,Stop Market,Canceled,0,"Monthly stop reset" 
2022-04-01T19:50:00Z,GLD,0,-15995,Stop Market,Canceled,0,"Monthly stop reset" 
2022-05-02T19:50:00Z,GLD,0,-15995,Stop Market,Canceled,0,"Monthly stop reset" 
2022-06-01T13:31:00Z,GLD,172.23,-15995,Market On Close,Filled,-2754818.85,"Monthly rotation to SHY" 
2022-06-01T13:31:00Z,SHY,72.158269836,37833,Market On Close,Filled,2729963.8227054,"Monthly rotation to SHY" 
2022-06-01T20:00:00Z,SHY,0,-37833,Stop Market,Canceled,0,"Monthly stop reset" 
2022-07-01T19:50:00Z,SHY,0,-37833,Stop Market,Canceled,0,"Monthly stop reset" 
2022-08-01T19:50:00Z,SHY,0,-37833,Stop Market,Canceled,0,"Monthly stop reset" 
2022-09-01T13:31:00Z,SHY,71.521579994,-37833,Market On Close,Filled,-2705875.935913,"Monthly rotation to IEF" 
2022-09-01T13:31:00Z,IEF,86.970327948,31145,Market On Close,Filled,2708690.8639405,"Monthly rotation to IEF" 
2022-09-01T20:00:00Z,IEF,0,-31145,Stop Market,Canceled,0,"Monthly stop reset" 
2022-10-03T13:31:00Z,IEF,84.507018464,-31145,Market On Close,Filled,-2631971.0900613,"Monthly rotation to SHY" 
2022-10-03T13:31:00Z,SHY,70.875647936,37063,Market On Close,Filled,2626864.139452,"Monthly rotation to SHY" 
2022-10-03T20:00:00Z,SHY,0,-37063,Stop Market,Canceled,0,"Monthly stop reset" 
2022-11-01T19:50:00Z,SHY,0,-37063,Stop Market,Canceled,0,"Monthly stop reset" 
2022-12-01T20:50:00Z,SHY,0,-37063,Stop Market,Canceled,0,"Monthly stop reset" 
2023-01-03T14:31:00Z,SHY,71.266473912,-37063,Market On Close,Filled,-2641349.3226005,"Monthly rotation to GLD" 
2023-01-03T14:31:00Z,GLD,171.06,15704,Market On Close,Filled,2686326.24,"Monthly rotation to GLD" 
2023-01-03T21:00:00Z,GLD,0,-15704,Stop Market,Canceled,0,"Monthly stop reset" 
2023-02-01T20:50:00Z,GLD,0,-15704,Stop Market,Canceled,0,"Monthly stop reset" 
2023-03-01T20:50:00Z,GLD,0,-15704,Stop Market,Canceled,0,"Monthly stop reset" 
2023-04-03T13:31:00Z,GLD,184.54,-15704,Market On Close,Filled,-2898016.16,"Monthly rotation to TQQQ" 
2023-04-03T13:31:00Z,TQQQ,13.517670699,209846,Market On Close,Filled,2836629.1255024,"Monthly rotation to TQQQ" 
2023-04-03T20:00:00Z,TQQQ,0,-209846,Stop Market,Canceled,0,"Monthly stop reset" 
2023-05-01T13:31:00Z,TQQQ,13.5706622805,-209846,Market On Close,Filled,-2847749.1969138,"Monthly rotation to TECL" 
2023-05-01T13:31:00Z,TECL,33.994314256,85374,Market On Close,Filled,2902230.5852917,"Monthly rotation to TECL" 
2023-05-01T20:00:00Z,TECL,0,-85374,Stop Market,Canceled,0,"Monthly stop reset" 
2023-06-01T13:31:00Z,TECL,44.147977048,-85374,Market On Close,Filled,-3769089.392496,"Monthly rotation to TQQQ" 
2023-06-01T13:31:00Z,TQQQ,17.3475168165,217819,Market On Close,Filled,3778618.7654532,"Monthly rotation to TQQQ" 
2023-06-01T20:00:00Z,TQQQ,0,-217819,Stop Market,Canceled,0,"Monthly stop reset" 
2023-07-03T16:50:00Z,TQQQ,0,-217819,Stop Market,Canceled,0,"Monthly stop reset" 
2023-08-01T13:31:00Z,TQQQ,21.72738084,-217819,Market On Close,Filled,-4732636.367188,"Monthly rotation to TECL" 
2023-08-01T13:31:00Z,TECL,53.738223,88682,Market On Close,Filled,4765613.092086,"Monthly rotation to TECL" 
2023-08-01T20:00:00Z,TECL,48.095709585,-88682,Stop Market,Filled,-4265223.717417,"10.5% monthly-reset stop" 
2023-09-01T13:31:00Z,TQQQ,20.4370759725,205065,Market On Close,Filled,4190928.9843007,"Monthly rotation to TQQQ" 
2023-09-01T20:00:00Z,TQQQ,18.291182995388,-205065,Stop Market,Filled,-3750881.4409491,"10.5% monthly-reset stop" 
2023-10-02T13:31:00Z,TQQQ,17.6864237305,218062,Market On Close,Filled,3856736.9315203,"Monthly rotation to TQQQ" 
2023-10-02T20:00:00Z,TQQQ,15.829349238797,-218062,Stop Market,Filled,-3451779.5537107,"10.5% monthly-reset stop" 
2023-11-01T13:31:00Z,TQQQ,16.7165074305,211544,Market On Close,Filled,3536276.8478777,"Monthly rotation to TQQQ" 
2023-11-01T20:00:00Z,TQQQ,0,-211544,Stop Market,Canceled,0,"Monthly stop reset" 
2023-12-01T20:50:00Z,TQQQ,0,-211544,Stop Market,Canceled,0,"Monthly stop reset" 
2024-01-02T14:31:00Z,TQQQ,23.443709082,-211544,Market On Close,Filled,-4959375.9940426,"Monthly rotation to TECL" 
2024-01-02T14:31:00Z,TECL,57.3747804,81207,Market On Close,Filled,4659233.7919428,"Monthly rotation to TECL" 
2024-01-02T21:00:00Z,TECL,0,-81207,Stop Market,Canceled,0,"Monthly stop reset" 
2024-02-01T20:50:00Z,TECL,0,-81207,Stop Market,Canceled,0,"Monthly stop reset" 
2024-03-01T14:31:00Z,TECL,78.344196,-81207,Market On Close,Filled,-6362097.124572,"Monthly rotation to TQQQ" 
2024-03-01T14:31:00Z,TQQQ,30.750080082,209581,Market On Close,Filled,6444632.5336656,"Monthly rotation to TQQQ" 
2024-03-01T21:00:00Z,TQQQ,0,-209581,Stop Market,Canceled,0,"Monthly stop reset" 
2024-04-01T13:31:00Z,TQQQ,30.279378291,-209581,Market On Close,Filled,-6345982.3816061,"Monthly rotation to TECL" 
2024-04-01T13:31:00Z,TECL,75.321675858,84853,Market On Close,Filled,6391270.1615789,"Monthly rotation to TECL" 
2024-04-01T20:00:00Z,TECL,67.41289989291,-84853,Stop Market,Filled,-5720186.7946131,"10.5% monthly-reset stop" 
2024-05-01T13:31:00Z,TECL,59.369227788,93371,Market On Close,Filled,5543364.1677933,"Monthly rotation to TECL" 
2024-05-01T20:00:00Z,TECL,0,-93371,Stop Market,Canceled,0,"Monthly stop reset" 
2024-06-03T19:50:00Z,TECL,0,-93371,Stop Market,Canceled,0,"Monthly stop reset" 
2024-07-01T19:50:00Z,TECL,81.39252680514,-93371,Stop Market,Filled,-7599701.6203227,"10.5% monthly-reset stop" 
2024-08-01T13:31:00Z,TECL,70.489368072,97963,Market On Close,Filled,6905349.9644373,"Monthly rotation to TECL" 
2024-08-01T20:00:00Z,TECL,63.08798442444,-97963,Stop Market,Filled,-6180288.2181714,"10.5% monthly-reset stop" 
2024-09-03T13:31:00Z,TECL,66.968635194,90545,Market On Close,Filled,6063675.0736407,"Monthly rotation to TECL" 
2024-09-03T20:00:00Z,TECL,0,-90545,Stop Market,Canceled,0,"Monthly stop reset" 
2024-10-01T13:31:00Z,TECL,75.87786375,-90545,Market On Close,Filled,-6870361.1732437,"Monthly rotation to TQQQ" 
2024-10-01T13:31:00Z,TQQQ,34.175469471,234696,Market On Close,Filled,8020845.9829658,"Monthly rotation to TQQQ" 
2024-10-01T20:00:00Z,TQQQ,0,-234696,Stop Market,Canceled,0,"Monthly stop reset" 
2024-11-01T13:31:00Z,TQQQ,34.9188425465,-234696,Market On Close,Filled,-8195312.6702934,"Monthly rotation to TECL" 
2024-11-01T13:31:00Z,TECL,78.063146226,102763,Market On Close,Filled,8022003.0956224,"Monthly rotation to TECL" 
2024-11-01T20:00:00Z,TECL,0,-102763,Stop Market,Canceled,0,"Monthly stop reset" 
2024-12-02T20:50:00Z,TECL,0,-102763,Stop Market,Canceled,0,"Monthly stop reset" 
2025-01-02T14:31:00Z,TECL,84.08323638,-102763,Market On Close,Filled,-8640645.6201179,"Monthly rotation to TQQQ" 
2025-01-02T14:31:00Z,TQQQ,38.8383803235,222350,Market On Close,Filled,8635713.8649302,"Monthly rotation to TQQQ" 
2025-01-02T21:00:00Z,TQQQ,0,-222350,Stop Market,Canceled,0,"Monthly stop reset" 
2025-02-03T14:31:00Z,TQQQ,39.870711684,-222350,Market On Close,Filled,-8865252.7429374,"Monthly rotation to TECL" 
2025-02-03T14:31:00Z,TECL,77.09420862,113048,Market On Close,Filled,8715346.0960738,"Monthly rotation to TECL" 
2025-02-03T21:00:00Z,TECL,68.9993167149,-113048,Stop Market,Filled,-7800234.755986,"10.5% monthly-reset stop" 
2025-03-03T14:31:00Z,TECL,66.86294472,108666,Market On Close,Filled,7265728.7509435,"Monthly rotation to TECL" 
2025-03-03T21:00:00Z,TECL,59.8423355244,-108666,Stop Market,Filled,-6502827.2320945,"10.5% monthly-reset stop" 
2025-04-01T13:31:00Z,GLD,287.57,24960,Market On Close,Filled,7177747.2,"Monthly rotation to GLD" 
2025-04-01T20:00:00Z,GLD,0,-24960,Stop Market,Canceled,0,"Monthly stop reset" 
2025-05-01T19:50:00Z,GLD,0,-24960,Stop Market,Canceled,0,"Monthly stop reset" 
2025-06-02T13:31:00Z,GLD,311.67,-24960,Market On Close,Filled,-7779283.2,"Monthly rotation to TECL" 
2025-06-02T13:31:00Z,TECL,68.921342362,112970,Market On Close,Filled,7786044.0466351,"Monthly rotation to TECL" 
2025-06-02T20:00:00Z,TECL,0,-112970,Stop Market,Canceled,0,"Monthly stop reset" 
2025-07-01T13:31:00Z,TECL,85.603877672,-112970,Market On Close,Filled,-9670670.0606058,"Monthly rotation to TQQQ" 
2025-07-01T13:31:00Z,TQQQ,40.184728336,240888,Market On Close,Filled,9680018.8394024,"Monthly rotation to TQQQ" 
2025-07-01T20:00:00Z,TQQQ,0,-240888,Stop Market,Canceled,0,"Monthly stop reset" 
2025-08-01T19:50:00Z,TQQQ,0,-240888,Stop Market,Canceled,0,"Monthly stop reset" 
2025-09-02T19:50:00Z,TQQQ,0,-240888,Stop Market,Canceled,0,"Monthly stop reset" 
2025-10-01T19:50:00Z,TQQQ,0,-240888,Stop Market,Canceled,0,"Monthly stop reset" 
2025-11-03T20:50:00Z,TQQQ,51.94559147216,-240888,Stop Market,Filled,-12513069.638546,"10.5% monthly-reset stop" 
2025-12-01T14:31:00Z,TECL,116.812841854,107199,Market On Close,Filled,12522219.833907,"Monthly rotation to TECL" 
2025-12-01T21:00:00Z,TECL,0,-107199,Stop Market,Canceled,0,"Monthly stop reset" 
2026-01-02T14:31:00Z,TECL,117.934066264,-107199,Market On Close,Filled,-12642413.969435,"Monthly rotation to TQQQ" 
2026-01-02T14:31:00Z,TQQQ,52.143829995,238923,Market On Close,Filled,12458360.293895,"Monthly rotation to TQQQ" 
2026-01-02T21:00:00Z,TQQQ,0,-238923,Stop Market,Canceled,0,"Monthly stop reset" 
2026-02-02T14:31:00Z,TQQQ,54.88299967,-238923,Market On Close,Filled,-13112810.930155,"Monthly rotation to TECL" 
2026-02-02T14:31:00Z,TECL,118.303358787,112921,Market On Close,Filled,13358933.577587,"Monthly rotation to TECL" 
2026-02-02T21:00:00Z,TECL,105.88150611436,-112921,Stop Market,Filled,-11956245.55194,"10.5% monthly-reset stop" 
2026-03-02T14:31:00Z,TECL,102.363895024,117929,Market On Close,Filled,12071671.776285,"Monthly rotation to TECL" 
2026-03-02T21:00:00Z,TECL,91.61568604648,-117929,Stop Market,Filled,-10804146.239775,"10.5% monthly-reset stop" 
2026-04-01T13:31:00Z,GLD,437.82,24651,Market On Close,Filled,10792700.82,"Monthly rotation to GLD" 
2026-04-01T20:00:00Z,GLD,0,-24651,Stop Market,Canceled,0,"Monthly stop reset" 
2026-05-01T13:31:00Z,GLD,423.18,-24651,Market On Close,Filled,-10431810.18,"Monthly rotation to TECL" 
2026-05-01T13:31:00Z,TECL,152.526987342,70203,Market On Close,Filled,10707852.09237,"Monthly rotation to TECL" 
2026-05-01T20:00:00Z,TECL,0,-70203,Stop Market,Canceled,0,"Monthly stop reset" 
2026-06-01T13:31:00Z,TECL,263.440264329,-70203,Market On Close,Filled,-18494296.876689,"Monthly rotation to TQQQ" 
2026-06-01T13:31:00Z,TQQQ,85.842090792,198365,Market On Close,Filled,17028066.339955,"Monthly rotation to TQQQ" 
2026-06-01T20:00:00Z,TQQQ,76.82867125884,-198365,Stop Market,Filled,-15240119.37426,"10.5% monthly-reset stop" 
