date,strategy
2016-06-01,1.0
2016-06-02,1.003104172372866
2016-06-03,1.0124166894914637
2016-06-05,1.0124166894914637
2016-06-06,1.009769013055784
2016-06-07,1.0112298000547797
2016-06-08,1.0124166894914635
2016-06-09,1.0139687756778963
2016-06-10,1.0175294439879485
2016-06-12,1.0175294439879485
2016-06-13,1.0195380261115676
2016-06-14,1.0192641285492556
2016-06-15,1.0223683009221216
2016-06-16,1.023463891171368
2016-06-17,1.0199945220487534
2016-06-19,1.0199945220487534
2016-06-20,1.015612161051766
2016-06-21,1.0133296813658352
2016-06-22,1.0153382634894543
2016-06-23,1.010499406555281
2016-06-24,1.0244681822331774
2016-06-26,1.0244681822331774
2016-06-27,1.0333242034145889
2016-06-28,1.0331416050397144
2016-06-29,1.0289418424176018
2016-06-30,1.0312243221035324
2016-07-01,1.0325025107276538
2016-07-04,1.0325025107276538
2016-07-05,1.009995644008795
2016-07-06,1.0268757940479392
2016-07-07,1.0296891523877967
2016-07-08,1.0775162441653718
2016-07-10,1.0775162441653718
2016-07-11,1.0972097525443734
2016-07-12,1.12252997760309
2016-07-13,1.1253433359429472
2016-07-14,1.1478502026618063
2016-07-15,1.1422234859820914
2016-07-17,1.1422234859820914
2016-07-18,1.1647303527009503
2016-07-19,1.1591036360212355
2016-07-20,1.2041173694589533
2016-07-21,1.1844238610799513
2016-07-22,1.2041173694589533
2016-07-24,1.2041173694589533
2016-07-25,1.1984906527792385
2016-07-26,1.2069307277988106
2016-07-27,1.2350643111973842
2016-07-28,1.2435043862169568
2016-07-29,1.2519444612365287
2016-07-31,1.2519444612365287
2016-08-01,1.2603845362561008
2016-08-02,1.2603845362561008
2016-08-03,1.2603845362561008
2016-08-04,1.2603845362561008
2016-08-05,1.2603845362561008
2016-08-07,1.2603845362561008
2016-08-08,1.2603845362561008
2016-08-09,1.2603845362561008
2016-08-10,1.2603845362561008
2016-08-11,1.2603845362561008
2016-08-12,1.2603845362561008
2016-08-14,1.2603845362561008
2016-08-15,1.2603845362561008
2016-08-16,1.2603845362561008
2016-08-17,1.2603845362561008
2016-08-18,1.2603845362561008
2016-08-19,1.2603845362561008
2016-08-21,1.2603845362561008
2016-08-22,1.2603845362561008
2016-08-23,1.2603845362561008
2016-08-24,1.2603845362561008
2016-08-25,1.2603845362561008
2016-08-26,1.2603845362561008
2016-08-28,1.2603845362561008
2016-08-29,1.2603845362561008
2016-08-30,1.2603845362561008
2016-08-31,1.2603845362561008
2016-09-01,1.2603845362561008
2016-09-02,1.2603845362561008
2016-09-05,1.2603845362561008
2016-09-06,1.2603845362561008
2016-09-07,1.2603845362561008
2016-09-08,1.2603845362561008
2016-09-09,1.2603845362561008
2016-09-11,1.2603845362561008
2016-09-12,1.2603845362561008
2016-09-13,1.2603845362561008
2016-09-14,1.2603845362561008
2016-09-15,1.2603845362561008
2016-09-16,1.2603845362561008
2016-09-18,1.2603845362561008
2016-09-19,1.2603845362561008
2016-09-20,1.2603845362561008
2016-09-21,1.2603845362561008
2016-09-22,1.2603845362561008
2016-09-23,1.2603845362561008
2016-09-25,1.2603845362561008
2016-09-26,1.2603845362561008
2016-09-27,1.2603845362561008
2016-09-28,1.2603845362561008
2016-09-29,1.2603845362561008
2016-09-30,1.2603845362561008
2016-10-02,1.2603845362561008
2016-10-03,1.2603845362561008
2016-10-04,1.2472828259000082
2016-10-05,1.2603845362561008
2016-10-06,1.2682455624697562
2016-10-07,1.2603845362561008
2016-10-09,1.2603845362561008
2016-10-10,1.2839676148970673
2016-10-11,1.2446624838287896
2016-10-12,1.247282825900008
2016-10-13,1.22632008933026
2016-10-14,1.2394217996863526
2016-10-16,1.2394217996863526
2016-10-17,1.2315607734726968
2016-10-18,1.2525235100424448
2016-10-19,1.2551438521136633
2016-10-20,1.2394217996863524
2016-10-21,1.2472828259000077
2016-10-23,1.2472828259000077
2016-10-24,1.283967614897067
2016-10-25,1.273486246612193
2016-10-26,1.252523510042445
2016-10-27,1.2446624838287894
2016-10-28,1.2394217996863528
2016-10-30,1.2394217996863528
2016-10-31,1.2394217996863528
2016-11-01,1.2079776948317305
2016-11-02,1.1742890738603278
2016-11-03,1.140600452888925
2016-11-04,1.1261624724726096
2016-11-06,1.1261624724726096
2016-11-07,1.2079776948317305
2016-11-08,1.2320409955255898
2016-11-09,1.2512916360806772
2016-11-10,1.1887270542766433
2016-11-11,1.1887270542766433
2016-11-13,1.1887270542766433
2016-11-14,1.1454131130276968
2016-11-15,1.2031650346929588
2016-11-16,1.222415675248046
2016-11-17,1.251291636080677
2016-11-18,1.2368536556643615
2016-11-20,1.2368536556643615
2016-11-21,1.2705422766357644
2016-11-22,1.2849802570520796
2016-11-23,1.2705422766357641
2016-11-24,1.2705422766357641
2016-11-25,1.2801675969133077
2016-11-27,1.2801675969133077
2016-11-28,1.2753549367745358
2016-11-29,1.2849802570520794
2016-11-30,1.2464789759419048
2016-12-01,1.174289073860327
2016-12-02,1.174289073860327
2016-12-04,1.174289073860327
2016-12-05,1.174289073860327
2016-12-06,1.174289073860327
2016-12-07,1.174289073860327
2016-12-08,1.174289073860327
2016-12-09,1.174289073860327
2016-12-11,1.174289073860327
2016-12-12,1.174289073860327
2016-12-13,1.174289073860327
2016-12-14,1.174289073860327
2016-12-15,1.174289073860327
2016-12-16,1.174289073860327
2016-12-18,1.174289073860327
2016-12-19,1.174289073860327
2016-12-20,1.174289073860327
2016-12-21,1.174289073860327
2016-12-22,1.174289073860327
2016-12-23,1.174289073860327
2016-12-26,1.174289073860327
2016-12-27,1.174289073860327
2016-12-28,1.174289073860327
2016-12-29,1.174289073860327
2016-12-30,1.174289073860327
2017-01-02,1.174289073860327
2017-01-03,1.174289073860327
2017-01-04,1.191558030828861
2017-01-05,1.2131442270395287
2017-01-06,1.2433649017344635
2017-01-08,1.2433649017344635
2017-01-09,1.2563166194608641
2017-01-10,1.2649510979451313
2017-01-11,1.2735855764293984
2017-01-12,1.2692683371872648
2017-01-13,1.2822200549136658
2017-01-16,1.2822200549136658
2017-01-17,1.269268337187265
2017-01-18,1.2779028156715322
2017-01-19,1.2735855764293988
2017-01-20,1.2822200549136662
2017-01-22,1.2822200549136662
2017-01-23,1.2865372941557995
2017-01-24,1.312440729608601
2017-01-25,1.351295882787803
2017-01-26,1.3556131220299366
2017-01-27,1.3642476005142037
2017-01-29,1.3642476005142037
2017-01-30,1.3340269258192687
2017-01-31,1.3253924473350016
2017-02-01,1.351295882787803
2017-02-02,1.346504053416215
2017-02-03,1.3728591149599487
2017-02-05,1.3728591149599487
2017-02-06,1.3752550296457426
2017-02-07,1.3920264324463
2017-02-08,1.3992141765036823
2017-02-09,1.413589664618446
2017-02-10,1.423173323361622
2017-02-12,1.4231733233616222
2017-02-13,1.4423406408479738
2017-02-14,1.456716128962738
2017-02-15,1.4734875317632958
2017-02-16,1.485467105192266
2017-02-17,1.4950507639354416
2017-02-20,1.4950507639354416
2017-02-21,1.5214058254791754
2017-02-22,1.5285935695365573
2017-02-23,1.5238017401649697
2017-02-24,1.5357813135939395
2017-02-26,1.5357813135939395
2017-02-27,1.5309894842223515
2017-02-28,1.511822166736
2017-03-01,1.5741159485666438
2017-03-02,1.545364972337116
2017-03-03,1.550156801708704
2017-03-05,1.5501568017087037
2017-03-06,1.545364972337116
2017-03-07,1.545364972337116
2017-03-08,1.5501568017087033
2017-03-09,1.5477608870229094
2017-03-10,1.5741159485666432
2017-03-12,1.5741159485666432
2017-03-13,1.581303692624025
2017-03-14,1.5669282045092612
2017-03-15,1.598075095424583
2017-03-16,1.607658754167759
2017-03-17,1.6100546688535524
2017-03-19,1.6100546688535526
2017-03-20,1.6148464982251405
2017-03-21,1.5477608870229091
2017-03-22,1.576511863252437
2017-03-23,1.562136375137673
2017-03-24,1.564532289823467
2017-03-26,1.564532289823467
2017-03-27,1.564532289823467
2017-03-28,1.593283266052995
2017-03-29,1.605262839481965
2017-03-30,1.6124505835393472
2017-03-31,1.605262839481965
2017-04-02,1.605262839481965
2017-04-03,1.605262839481965
2017-04-04,1.605262839481965
2017-04-05,1.5908443109836243
2017-04-06,1.5884412229005678
2017-04-07,1.5860381348175105
2017-04-09,1.5860381348175108
2017-04-10,1.5764257824852834
2017-04-11,1.5596041659038855
2017-04-12,1.5427825493224876
2017-04-13,1.5259609327410895
2017-04-16,1.5259609327410895
2017-04-17,1.564410342069999
2017-04-18,1.5620072539869423
2017-04-19,1.5596041659038855
2017-04-20,1.5980535752327947
2017-04-21,1.593247399066681
2017-04-23,1.5932473990666807
2017-04-24,1.648518424976988
2017-04-25,1.674952393890613
2017-04-26,1.6701462177244992
2017-04-27,1.6917740104720107
2017-04-28,1.7013863628042378
2017-04-30,1.7013863628042378
2017-05-01,1.7374326840500902
2017-05-02,1.7374326840500902
2017-05-03,1.7374326840500902
2017-05-04,1.7374326840500902
2017-05-05,1.7374326840500902
2017-05-07,1.7374326840500902
2017-05-08,1.7374326840500902
2017-05-09,1.7374326840500902
2017-05-10,1.7374326840500902
2017-05-11,1.7374326840500902
2017-05-12,1.7374326840500902
2017-05-14,1.7374326840500902
2017-05-15,1.7374326840500902
2017-05-16,1.7374326840500902
2017-05-17,1.7374326840500902
2017-05-18,1.7374326840500902
2017-05-19,1.7374326840500902
2017-05-21,1.7374326840500902
2017-05-22,1.7374326840500902
2017-05-23,1.7374326840500902
2017-05-24,1.7374326840500902
2017-05-25,1.7374326840500902
2017-05-26,1.7374326840500902
2017-05-29,1.7374326840500902
2017-05-30,1.7374326840500902
2017-05-31,1.7374326840500902
2017-06-01,1.7374326840500902
2017-06-02,1.795605653382124
2017-06-04,1.795605653382124
2017-06-05,1.795605653382124
2017-06-06,1.7762146636047798
2017-06-07,1.795605653382124
2017-06-08,1.7994838513375928
2017-06-09,1.5984380693260831
2017-06-11,1.5984380693260831
2017-06-12,1.5984380693260831
2017-06-13,1.5984380693260831
2017-06-14,1.5984380693260831
2017-06-15,1.5984380693260831
2017-06-16,1.5984380693260831
2017-06-18,1.5984380693260831
2017-06-19,1.5984380693260831
2017-06-20,1.5984380693260831
2017-06-21,1.5984380693260831
2017-06-22,1.5984380693260831
2017-06-23,1.5984380693260831
2017-06-25,1.5984380693260831
2017-06-26,1.5984380693260831
2017-06-27,1.5984380693260831
2017-06-28,1.5984380693260831
2017-06-29,1.5984380693260831
2017-06-30,1.5984380693260831
2017-07-02,1.5984380693260831
2017-07-03,1.5984380693260831
2017-07-04,1.5984380693260831
2017-07-05,1.6439128365899833
2017-07-06,1.6007118076892783
2017-07-07,1.6530077900427633
2017-07-09,1.6530077900427633
2017-07-10,1.6893876038538833
2017-07-11,1.7053037723962483
2017-07-12,1.7689684465657085
2017-07-13,1.7780634000184885
2017-07-14,1.8235381672823885
2017-07-16,1.8235381672823885
2017-07-17,1.8280856440087785
2017-07-18,1.850823027640729
2017-07-19,1.8758341496358737
2017-07-20,1.8917503181782387
2017-07-21,1.8803816263622637
2017-07-23,1.8803816263622637
2017-07-24,1.8985715332678237
2017-07-25,1.8872028414518491
2017-07-26,1.9076664867206043
2017-07-27,1.884929103088654
2017-07-28,1.8758341496358741
2017-07-30,1.8758341496358741
2017-07-31,1.8553705043671191
2017-08-01,1.8781078879990691
2017-08-02,1.890329848224659
2017-08-03,1.8740339012572056
2017-08-04,1.8821818747409327
2017-08-06,1.8821818747409327
2017-08-07,1.914773768675841
2017-08-08,1.9066257951921133
2017-08-09,1.898477821708387
2017-08-10,1.7762582194524823
2017-08-11,1.8169980868711169
2017-08-13,1.816998086871117
2017-08-14,1.8862558614827964
2017-08-15,1.8903298482246595
2017-08-16,1.898477821708387
2017-08-17,1.784406192936209
2017-08-18,1.776258219452482
2017-08-20,1.776258219452482
2017-08-21,1.7721842327106183
2017-08-22,1.8536639675478883
2017-08-23,1.8332940338385708
2017-08-24,1.8169980868711164
2017-08-25,1.8047761266455264
2017-08-27,1.8047761266455264
2017-08-28,1.8210720736129804
2017-08-29,1.8414420073222977
2017-08-30,1.9066257951921142
2017-08-31,1.9595876228363387
2017-09-01,1.959587622836339
2017-09-04,1.9595876228363387
2017-09-05,1.9060225853100607
2017-09-06,1.9104863384372508
2017-09-07,1.9283413509460106
2017-09-08,1.8814719431105167
2017-09-10,1.8814719431105167
2017-09-11,1.957355746272744
2017-09-12,1.9752107587815042
2017-09-13,1.9640513759635292
2017-09-14,1.9439644868911752
2017-09-15,1.968515129090719
2017-09-17,1.968515129090719
2017-09-18,1.9707470056543135
2017-09-19,2.001993277544643
2017-09-20,1.9752107587815038
2017-09-21,1.94173261032758
2017-09-22,1.9484282400183646
2017-09-24,1.9484282400183643
2017-09-25,1.877008189983327
2017-09-26,1.8926313259284917
2017-09-27,1.95066011658196
2017-09-28,1.9618194993999345
2017-09-29,1.9997614009810485
2017-10-01,1.9997614009810485
2017-10-02,1.9997614009810487
2017-10-03,2.012312204752896
2017-10-04,2.016495806010179
2017-10-05,2.0750662236121347
2017-10-06,2.079249824869417
2017-10-08,2.079249824869417
2017-10-09,2.0750662236121347
2017-10-10,2.079249824869417
2017-10-11,2.0959842298985474
2017-10-12,2.0876170273839825
2017-10-13,2.1127186349276776
2017-10-15,2.1127186349276776
2017-10-16,2.1336366412140904
2017-10-17,2.1420038437286553
2017-10-18,2.13363664121409
2017-10-19,2.108535033670395
2017-10-20,2.1252694386995246
2017-10-22,2.1252694386995246
2017-10-23,2.0834334261266996
2017-10-24,2.095984229898547
2017-10-25,2.070882622354852
2017-10-26,2.0499646160684395
2017-10-27,2.2256758688743057
2017-10-29,2.2256758688743057
2017-10-30,2.242410273903436
2017-10-31,2.267511881447131
2017-11-01,2.2633282801898487
2017-11-02,2.250777476418001
2017-11-03,2.313531495277239
2017-11-05,2.313531495277239
2017-11-06,2.3386331028209337
2017-11-07,2.342816704078216
2017-11-08,2.372101912879194
2017-11-09,2.3344495015636513
2017-11-10,2.3344495015636513
2017-11-12,2.3344495015636513
2017-11-13,2.3386331028209346
2017-11-14,2.317715096534522
2017-11-15,2.280062685218979
2017-11-16,2.367918311621912
2017-11-17,2.3428167040782166
2017-11-19,2.3428167040782166
2017-11-20,2.334449501563652
2017-11-21,2.4097543241947377
2017-11-22,2.418121526709303
2017-11-23,2.418121526709303
2017-11-24,2.4474067355102798
2017-11-26,2.4474067355102798
2017-11-27,2.4432231342529973
2017-11-28,2.4599575392821276
2017-11-29,2.3344495015636517
2017-11-30,2.3888363179083245
2017-12-01,2.3595511091073464
2017-12-03,2.3595511091073464
2017-12-04,2.2434018293518343
2017-12-05,2.2455527419398993
2017-12-06,2.2885709937012004
2017-12-07,2.329438332874436
2017-12-08,2.363852934283477
2017-12-10,2.363852934283477
2017-12-11,2.421927574161233
2017-12-12,2.417625748985103
2017-12-13,2.424078486749298
2017-12-14,2.413323923808973
2017-12-15,2.4972095147435094
2017-12-17,2.4972095147435094
2017-12-18,2.561736892385461
2017-12-19,2.5122659028599648
2017-12-20,2.5122659028599648
2017-12-21,2.495058602155445
2017-12-22,2.48860586439125
2017-12-25,2.48860586439125
2017-12-26,2.4391348748657538
2017-12-27,2.447738525218014
2017-12-28,2.456342175570274
2017-12-29,2.4133239238089734
2018-01-01,2.4133239238089734
2018-01-02,2.4133239238089734
2018-01-03,2.484771013658581
2018-01-04,2.4966788619668496
2018-01-05,2.5720952345858796
2018-01-07,2.57209523458588
2018-01-08,2.6038494967412604
2018-01-09,2.6038494967412604
2018-01-10,2.584003082894148
2018-01-11,2.635603758896642
2018-01-12,2.695143000437982
2018-01-15,2.695143000437982
2018-01-16,2.671327303821446
2018-01-17,2.7546822419793213
2018-01-18,2.7586515247487435
2018-01-19,2.786436504134702
2018-01-21,2.786436504134702
2018-01-22,2.8737607250620005
2018-01-23,2.9452078149116088
2018-01-24,2.885668573370269
2018-01-25,2.8816992906008463
2018-01-26,3.012685621991794
2018-01-28,3.012685621991794
2018-01-29,2.9690235115281447
2018-01-30,2.893607138909114
2018-01-31,2.9293306838339177
2018-02-01,2.8578835939843104
2018-02-02,2.8578835939843104
2018-02-05,2.8578835939843104
2018-02-06,2.8578835939843104
2018-02-07,2.8578835939843104
2018-02-08,2.8578835939843104
2018-02-09,2.8578835939843104
2018-02-12,2.8578835939843104
2018-02-13,2.8578835939843104
2018-02-14,2.8578835939843104
2018-02-15,2.8578835939843104
2018-02-16,2.8578835939843104
2018-02-19,2.8578835939843104
2018-02-20,2.8578835939843104
2018-02-21,2.8578835939843104
2018-02-22,2.8578835939843104
2018-02-23,2.8578835939843104
2018-02-26,2.8578835939843104
2018-02-27,2.8578835939843104
2018-02-28,2.8578835939843104
2018-03-01,2.8578835939843104
2018-03-02,2.9358258738202463
2018-03-05,3.0267585336288376
2018-03-06,3.065729673546806
2018-03-07,3.0873803068345653
2018-03-08,3.1350117000676376
2018-03-09,3.316877019684821
2018-03-12,3.364508412917892
2018-03-13,3.2432648665064367
2018-03-14,3.2302744865337805
2018-03-15,3.217284106561125
2018-03-16,3.195633473273365
2018-03-19,2.9964476470259735
2018-03-20,3.0180982803137333
2018-03-21,2.9747970137382134
2018-03-22,2.7582906808606142
2018-03-23,2.6292529064655654
2018-03-26,2.6292529064655654
2018-03-27,2.6292529064655654
2018-03-28,2.6292529064655654
2018-03-29,2.6292529064655654
2018-04-01,2.6292529064655654
2018-04-02,2.6292529064655654
2018-04-03,2.6292529064655654
2018-04-04,2.6292529064655654
2018-04-05,2.6292529064655654
2018-04-06,2.6292529064655654
2018-04-09,2.6292529064655654
2018-04-10,2.6292529064655654
2018-04-11,2.6292529064655654
2018-04-12,2.6292529064655654
2018-04-13,2.6292529064655654
2018-04-16,2.6292529064655654
2018-04-17,2.6292529064655654
2018-04-18,2.6292529064655654
2018-04-19,2.6292529064655654
2018-04-20,2.6292529064655654
2018-04-23,2.6292529064655654
2018-04-24,2.6292529064655654
2018-04-25,2.6292529064655654
2018-04-26,2.6292529064655654
2018-04-27,2.6292529064655654
2018-04-30,2.6292529064655654
2018-05-01,2.6292529064655654
2018-05-02,2.6180263782569164
2018-05-03,2.6404794346742144
2018-05-04,2.790914912670109
2018-05-07,2.8492928593550833
2018-05-08,2.8605193875637327
2018-05-09,2.9660487527250314
2018-05-10,3.0828046460949796
2018-05-11,3.069332812244601
2018-05-14,3.0670875066028715
2018-05-15,2.979520586575411
2018-05-16,3.019936088126547
2018-05-17,2.9750299752919513
2018-05-18,2.9346144737408157
2018-05-21,3.0087095599178983
2018-05-22,2.99523772606752
2018-05-23,3.062596895319413
2018-05-24,3.051370367110764
2018-05-25,3.044634450185575
2018-05-28,3.044634450185575
2018-05-29,2.9862565035006012
2018-05-30,3.051370367110764
2018-05-31,3.0536156727524935
2018-06-01,3.2130323733153077
2018-06-04,3.2130323733153077
2018-06-05,3.2130323733153077
2018-06-06,3.2130323733153077
2018-06-07,3.2130323733153077
2018-06-08,3.2130323733153077
2018-06-11,3.2130323733153077
2018-06-12,3.2130323733153077
2018-06-13,3.2130323733153077
2018-06-14,3.2130323733153077
2018-06-15,3.2130323733153077
2018-06-18,3.2130323733153077
2018-06-19,3.2130323733153077
2018-06-20,3.2130323733153077
2018-06-21,3.2130323733153077
2018-06-22,3.2130323733153077
2018-06-25,3.2130323733153077
2018-06-26,3.2130323733153077
2018-06-27,3.2130323733153077
2018-06-28,3.2130323733153077
2018-06-29,3.2130323733153077
2018-07-02,3.2130323733153077
2018-07-03,3.1029970180647832
2018-07-04,3.1029970180647832
2018-07-05,3.2174337875253287
2018-07-06,3.3626804564560207
2018-07-09,3.455110154866461
2018-07-10,3.463912983286503
2018-07-11,3.411096012766251
2018-07-12,3.5827511669570686
2018-07-13,3.5915539953771094
2018-07-16,3.565145510116983
2018-07-17,3.6355681374773177
2018-07-18,3.6091596522171923
2018-07-19,3.55634268169694
2018-07-20,3.551941267486919
2018-07-23,3.582751166957067
2018-07-24,3.6267653090572765
2018-07-25,3.78081480640801
2018-07-26,3.6135610664272138
2018-07-27,3.4639129832865003
2018-07-30,3.3142649001457873
2018-07-31,3.3802861132961017
2018-08-01,3.4287016696063333
2018-08-02,3.5618551325036663
2018-08-03,3.599898979045761
2018-08-05,3.599898979045761
2018-08-06,3.6593424892677846
2018-08-07,3.6973863358098797
2018-08-08,3.7259192207164507
2018-08-09,3.730674701534213
2018-08-10,3.6426983064056175
2018-08-13,3.628431863952331
2018-08-14,3.692630854992116
2018-08-15,3.5951434982279977
2018-08-16,3.6379428255878556
2018-08-17,3.6545870084500223
2018-08-20,3.635565085178975
2018-08-21,3.6498315276322604
2018-08-22,3.680742152947714
2018-08-23,3.7021418166276425
2018-08-24,3.813895615845047
2018-08-27,3.9208939342446896
2018-08-28,3.9327826362890947
2018-08-29,4.042158695097618
2018-08-30,4.008870329373285
2018-08-31,4.018381291008809
2018-09-03,4.018381291008809
2018-09-04,4.018381291008809
2018-09-05,3.8571647961000726
2018-09-06,3.6969107877281044
2018-09-07,3.6969107877281044
2018-09-10,3.6969107877281044
2018-09-11,3.6969107877281044
2018-09-12,3.6969107877281044
2018-09-13,3.6969107877281044
2018-09-14,3.6969107877281044
2018-09-17,3.6969107877281044
2018-09-18,3.6969107877281044
2018-09-19,3.6969107877281044
2018-09-20,3.6969107877281044
2018-09-21,3.6969107877281044
2018-09-24,3.6969107877281044
2018-09-25,3.6969107877281044
2018-09-26,3.6969107877281044
2018-09-27,3.6969107877281044
2018-09-28,3.6969107877281044
2018-10-01,3.6969107877281044
2018-10-02,3.6969107877281044
2018-10-03,3.6969107877281044
2018-10-04,3.6969107877281044
2018-10-05,3.6969107877281044
2018-10-08,3.6969107877281044
2018-10-09,3.6969107877281044
2018-10-10,3.6969107877281044
2018-10-11,3.6969107877281044
2018-10-12,3.6969107877281044
2018-10-15,3.6969107877281044
2018-10-16,3.6969107877281044
2018-10-17,3.6969107877281044
2018-10-18,3.6969107877281044
2018-10-19,3.6969107877281044
2018-10-22,3.6969107877281044
2018-10-23,3.6969107877281044
2018-10-24,3.6969107877281044
2018-10-25,3.6969107877281044
2018-10-26,3.6969107877281044
2018-10-29,3.6969107877281044
2018-10-30,3.6969107877281044
2018-10-31,3.6969107877281044
2018-11-01,3.6969107877281044
2018-11-02,3.6969107877281044
2018-11-05,3.6969107877281044
2018-11-06,3.6969107877281044
2018-11-07,3.6969107877281044
2018-11-08,3.6969107877281044
2018-11-09,3.6969107877281044
2018-11-12,3.6969107877281044
2018-11-13,3.6969107877281044
2018-11-14,3.6969107877281044
2018-11-15,3.6969107877281044
2018-11-16,3.6969107877281044
2018-11-19,3.6969107877281044
2018-11-20,3.6969107877281044
2018-11-21,3.6969107877281044
2018-11-22,3.6969107877281044
2018-11-23,3.6969107877281044
2018-11-26,3.6969107877281044
2018-11-27,3.6969107877281044
2018-11-28,3.6969107877281044
2018-11-29,3.6969107877281044
2018-11-30,3.6969107877281044
2018-12-03,3.6969107877281044
2018-12-04,3.7194587360082094
2018-12-05,3.7194587360082094
2018-12-06,3.7200938894808884
2018-12-07,3.75026367943314
2018-12-10,3.737243033243221
2018-12-11,3.7327969589344674
2018-12-12,3.7407363773429556
2018-12-13,3.7324793821981292
2018-12-14,3.7175532755901726
2018-12-17,3.7432769912336723
2018-12-18,3.752169139851178
2018-12-19,3.7293036148347345
2018-12-20,3.7867850041121827
2018-12-21,3.77027101382253
2018-12-24,3.8115559895466653
2018-12-25,3.8115559895466653
2018-12-26,3.8001232270384437
2018-12-27,3.8290227100453382
2018-12-28,3.844583970125974
2018-12-31,3.8506179281164234
2019-01-01,3.8506179281164234
2019-01-02,3.8506179281164234
2019-01-03,3.885528335442954
2019-01-04,3.854108968849076
2019-01-07,3.8674383971010244
2019-01-08,3.856965274903065
2019-01-09,3.8817199273709693
2019-01-10,3.858869478939058
2019-01-11,3.8655341930650318
2019-01-14,3.874737845905663
2019-01-15,3.868073131779688
2019-01-16,3.8804504580136396
2019-01-17,3.875372580584326
2019-01-18,3.840779540597127
2019-01-21,3.840779540597127
2019-01-22,3.854426336188408
2019-01-23,3.8490310914197625
2019-01-24,3.8430011119724523
2019-01-25,3.899175131034234
2019-01-28,3.9128219266255155
2019-01-29,3.9347202730394306
2019-01-30,3.9572533541320096
2019-01-31,3.9591575581680023
2019-02-01,3.9512233746847
2019-02-04,3.942493486344859
2019-02-05,3.9493255728716914
2019-02-06,3.9523620557725057
2019-02-07,3.9652671081009667
2019-02-08,3.970580953177392
2019-02-11,3.964507987375764
2019-02-12,3.959194142299338
2019-02-13,3.9493255728716914
2019-02-14,3.96792403063918
2019-02-15,3.9641284270131614
2019-02-18,3.9641284270131614
2019-02-19,3.9709605135399944
2019-02-20,3.9702013928147903
2019-02-21,3.958435021574135
2019-02-22,3.9702013928147903
2019-02-25,3.9641284270131623
2019-02-26,3.9758947982538184
2019-02-27,3.961851064837551
2019-02-28,3.9516029350473034
2019-03-01,3.9311066754668067
2019-03-04,3.9207854239394897
2019-03-05,3.925946049703148
2019-03-06,3.9223981194906323
2019-03-07,3.9191727283883466
2019-03-08,3.9620704300487577
2019-03-11,3.9427180834350386
2019-03-12,3.9665859775919587
2019-03-13,3.994324341071623
2019-03-14,3.9482012483089264
2019-03-15,3.966263438481731
2019-03-18,3.9685212122533313
2019-03-19,3.979487542001105
2019-03-20,4.005290670819398
2019-03-21,3.9891637153079658
2019-03-22,3.998517349504595
2019-03-25,4.029158564976317
2019-03-26,4.009161140142141
2019-03-27,3.9881960979772786
2019-03-28,3.931751753687265
2019-03-29,3.9352996838997787
2019-04-01,3.9198178066088034
2019-04-02,3.9198178066088034
2019-04-03,3.9198178066088034
2019-04-04,3.9198178066088034
2019-04-05,3.9198178066088034
2019-04-08,3.9198178066088034
2019-04-09,3.9198178066088034
2019-04-10,3.9198178066088034
2019-04-11,3.9198178066088034
2019-04-12,3.9198178066088034
2019-04-15,3.9198178066088034
2019-04-16,3.9198178066088034
2019-04-17,3.9198178066088034
2019-04-18,3.9198178066088034
2019-04-22,3.9198178066088034
2019-04-23,3.9198178066088034
2019-04-24,3.9198178066088034
2019-04-25,3.9198178066088034
2019-04-26,3.9198178066088034
2019-04-29,3.9198178066088034
2019-04-30,3.9198178066088034
2019-05-01,3.9198178066088034
2019-05-02,3.876584521977088
2019-05-03,4.059125057088772
2019-05-06,3.9870695827025817
2019-05-07,3.75649206466677
2019-05-08,3.722866176619881
2019-05-09,3.602773719309562
2019-05-10,3.602773719309562
2019-05-13,3.602773719309562
2019-05-14,3.602773719309562
2019-05-15,3.602773719309562
2019-05-16,3.602773719309562
2019-05-17,3.602773719309562
2019-05-20,3.602773719309562
2019-05-21,3.602773719309562
2019-05-22,3.602773719309562
2019-05-23,3.602773719309562
2019-05-24,3.602773719309562
2019-05-27,3.602773719309562
2019-05-28,3.602773719309562
2019-05-29,3.602773719309562
2019-05-30,3.602773719309562
2019-05-31,3.602773719309562
2019-06-03,3.602773719309562
2019-06-04,3.5895791625642426
2019-06-05,3.5895791625642426
2019-06-06,3.5889194347269764
2019-06-07,3.603103583228195
2019-06-10,3.585290931622013
2019-06-11,3.585290931622013
2019-06-12,3.594527121343737
2019-06-13,3.603433447146828
2019-06-14,3.6060723584958922
2019-06-17,3.605412630658625
2019-06-18,3.612339772949918
2019-06-19,3.6222356905089077
2019-06-20,3.6281732410443017
2019-06-21,3.6133293647058173
2019-06-24,3.6258641936138707
2019-06-25,3.6314718802306323
2019-06-26,3.6166280038921466
2019-06-27,3.627513513207035
2019-06-28,3.629162832800201
2019-07-01,3.6182773234853123
2019-07-02,3.6633368169284677
2019-07-03,3.7444439051261456
2019-07-04,3.7444439051261456
2019-07-05,3.721914158404567
2019-07-08,3.6408070702068884
2019-07-09,3.694878462338674
2019-07-10,3.807527195946561
2019-07-11,3.7940093479136148
2019-07-12,3.8570926387340307
2019-07-15,3.8931402334885554
2019-07-16,3.834562892012454
2019-07-17,3.7804914998806693
2019-07-18,3.7940093479136143
2019-07-19,3.7038903610273057
2019-07-22,3.789503398569299
2019-07-23,3.8615985880783468
2019-07-24,3.9472116256203402
2019-07-25,3.8345628920124537
2019-07-26,3.9472116256203402
2019-07-29,3.911164030865816
2019-07-30,3.8570926387340307
2019-07-31,3.6948784623386737
2019-08-01,3.645313019551204
2019-08-02,3.4513226775750874
2019-08-05,3.174193617609206
2019-08-06,3.174193617609206
2019-08-07,3.174193617609206
2019-08-08,3.174193617609206
2019-08-09,3.174193617609206
2019-08-12,3.174193617609206
2019-08-13,3.174193617609206
2019-08-14,3.174193617609206
2019-08-15,3.174193617609206
2019-08-16,3.174193617609206
2019-08-19,3.174193617609206
2019-08-20,3.174193617609206
2019-08-21,3.174193617609206
2019-08-22,3.174193617609206
2019-08-23,3.174193617609206
2019-08-26,3.174193617609206
2019-08-27,3.174193617609206
2019-08-28,3.174193617609206
2019-08-29,3.174193617609206
2019-08-30,3.174193617609206
2019-09-02,3.174193617609206
2019-09-03,3.174193617609206
2019-09-04,3.308253566036843
2019-09-05,3.489883173583963
2019-09-06,3.481234144653148
2019-09-09,3.4596115723261094
2019-09-10,3.4336644855336638
2019-09-11,3.5244792893072243
2019-09-12,3.5677244339613003
2019-09-13,3.528803803772632
2019-09-16,3.4812341446531483
2019-09-17,3.5244792893072248
2019-09-18,3.5244792893072248
2019-09-19,3.541777347168856
2019-09-20,3.4293399710682575
2019-09-23,3.433664485533665
2019-09-24,3.2952800226406205
2019-09-25,3.403392884275812
2019-09-26,3.368796768552551
2019-09-27,3.2477103635211373
2019-09-30,3.3342006528292902
2019-10-01,3.2520348779865453
2019-10-02,3.0877033283010547
2019-10-03,2.991872087747622
2019-10-04,2.991872087747622
2019-10-07,2.991872087747622
2019-10-08,2.991872087747622
2019-10-09,2.991872087747622
2019-10-10,2.991872087747622
2019-10-11,2.991872087747622
2019-10-14,2.991872087747622
2019-10-15,2.991872087747622
2019-10-16,2.991872087747622
2019-10-17,2.991872087747622
2019-10-18,2.991872087747622
2019-10-21,2.991872087747622
2019-10-22,2.991872087747622
2019-10-23,2.991872087747622
2019-10-24,2.991872087747622
2019-10-25,2.991872087747622
2019-10-28,2.991872087747622
2019-10-29,2.991872087747622
2019-10-30,2.991872087747622
2019-10-31,2.991872087747622
2019-11-01,2.991872087747622
2019-11-04,3.0388648430525578
2019-11-05,3.0263334416379086
2019-11-06,3.0294662919915707
2019-11-07,3.0936897242416506
2019-11-08,3.1453817550770804
2019-11-11,3.151647455784406
2019-11-12,3.1782766837905365
2019-11-13,3.2049059117966676
2019-11-14,3.1923745103820176
2019-11-15,3.2675629188699165
2019-11-18,3.29732499722971
2019-11-19,3.3176885245285157
2019-11-20,3.2518986671016044
2019-11-21,3.2080387621503297
2019-11-22,3.1955073607356796
2019-11-25,3.3302199259431644
2019-11-26,3.333352776296827
2019-11-27,3.3913105078395818
2019-11-28,3.3913105078395813
2019-11-29,3.3568491539492946
2019-12-02,3.2221365887418094
2019-12-03,3.1391160543697554
2019-12-04,3.1720109830832115
2019-12-05,3.2033394866198353
2019-12-06,3.31142282382119
2019-12-09,3.259730792985759
2019-12-10,3.2628636433394216
2019-12-11,3.3302199259431644
2019-12-12,3.436736837967688
2019-12-13,3.5072259709250924
2019-12-16,3.596512206004472
2019-12-17,3.5730158283520033
2019-12-18,3.5730158283520033
2019-12-19,3.6435049613094086
2019-12-20,3.7014626928521626
2019-12-23,3.7406233222729433
2019-12-24,3.7437561726266053
2019-12-25,3.7437561726266053
2019-12-26,3.8220774314681663
2019-12-27,3.82677670699866
2019-12-30,3.7594204243949174
2019-12-31,3.7876160775778795
2020-01-01,3.7876160775778795
2020-01-02,3.7876160775778795
2020-01-03,3.684256836024257
2020-01-06,3.7542743867541297
2020-01-07,3.750940217671755
2020-01-08,3.834294444731127
2020-01-09,3.9309853481199997
2020-01-10,3.9009778263786252
2020-01-13,4.037678758755996
2020-01-14,3.991000391602748
2020-01-15,3.991000391602748
2020-01-16,4.104362140403494
2020-01-17,4.164377183886241
2020-01-20,4.164377183886241
2020-01-21,4.161043014803867
2020-01-22,4.19105053654524
2020-01-23,4.231060565533738
2020-01-24,4.121032985815368
2020-01-27,3.8643019664725013
2020-01-28,4.044347096920745
2020-01-29,4.06101794233262
2020-01-30,4.104362140403494
2020-01-31,3.904311995461
2020-02-03,4.084357125909244
2020-02-04,4.412512074332368
2020-02-05,4.488690901644879
2020-02-06,4.604424120061963
2020-02-07,4.482830991851609
2020-02-10,4.65862828564971
2020-02-11,4.613213984751867
2020-02-12,4.758246752135302
2020-02-13,4.7230872933756824
2020-02-14,4.7831513687567
2020-02-17,4.7831513687567
2020-02-18,4.734807112962223
2020-02-19,4.89009472248388
2020-02-20,4.743596977652127
2020-02-21,4.422766916470589
2020-02-24,3.7576085558365038
2020-02-25,3.7576085558365038
2020-02-26,3.7576085558365038
2020-02-27,3.7576085558365038
2020-02-28,3.7576085558365038
2020-03-02,3.7576085558365038
2020-03-03,3.7576085558365038
2020-03-04,3.7576085558365038
2020-03-05,3.7576085558365038
2020-03-06,3.7576085558365038
2020-03-09,3.7576085558365038
2020-03-10,3.7576085558365038
2020-03-11,3.7576085558365038
2020-03-12,3.7576085558365038
2020-03-13,3.7576085558365038
2020-03-16,3.7576085558365038
2020-03-17,3.7576085558365038
2020-03-18,3.7576085558365038
2020-03-19,3.7576085558365038
2020-03-20,3.7576085558365038
2020-03-23,3.7576085558365038
2020-03-24,3.7576085558365038
2020-03-25,3.7576085558365038
2020-03-26,3.7576085558365038
2020-03-27,3.7576085558365038
2020-03-30,3.7576085558365038
2020-03-31,3.7576085558365038
2020-04-01,3.7576085558365038
2020-04-02,3.7582254167994575
2020-04-03,3.761001291132752
2020-04-06,3.744037614651507
2020-04-07,3.7273823686517393
2020-04-08,3.7227559114295814
2020-04-09,3.730775103947988
2020-04-13,3.722755911429581
2020-04-14,3.727690799133216
2020-04-15,3.761001291132752
2020-04-16,3.7650108873919548
2020-04-17,3.755141111984685
2020-04-20,3.7650108873919548
2020-04-21,3.775497523762179
2020-04-22,3.763777165466047
2020-04-23,3.7662446093178645
2020-04-24,3.767169900762296
2020-04-27,3.747121919466279
2020-04-28,3.76346873498457
2020-04-29,3.761618152095707
2020-04-30,3.7526736681328683
2020-05-01,3.7539073900587767
2020-05-03,3.7539073900587767
2020-05-04,3.8862869957535455
2020-05-05,4.009210915327259
2020-05-06,4.089584247356225
2020-05-07,4.250330911414157
2020-05-08,4.420533261593144
2020-05-11,4.529273651985275
2020-05-12,4.2597865975352125
2020-05-13,4.09903993347728
2020-05-14,4.236147382232576
2020-05-15,4.307065028140485
2020-05-18,4.557640710348439
2020-05-19,4.5245458089247474
2020-05-20,4.789305020314283
2020-05-21,4.642741885437933
2020-05-22,4.680564629922152
2020-05-25,4.680564629922152
2020-05-26,4.661653257680042
2020-05-27,4.727843060527425
2020-05-28,4.6994760021642605
2020-05-29,4.8933175676458855
2020-06-01,4.954779527432742
2020-06-02,5.097143639047024
2020-06-03,5.214085587873041
2020-06-04,5.084432557652891
2020-06-05,5.4784760808709905
2020-06-07,5.4784760808709905
2020-06-08,5.575080299466394
2020-06-09,5.643720138994707
2020-06-10,5.9437016598962265
2020-06-11,4.914104066971518
2020-06-12,5.08443255765289
2020-06-15,5.234423318103651
2020-06-16,5.590333597139352
2020-06-17,5.5827069483028735
2020-06-18,5.661515652946493
2020-06-19,5.5420314878416495
2020-06-22,5.852181873858475
2020-06-23,5.979292687799797
2020-06-24,5.569995866908739
2020-06-25,5.780999818051336
2020-06-26,5.450511701803897
2020-06-29,5.60558689481231
2020-06-30,5.920821713386789
2020-07-01,5.938617227338574
2020-07-02,6.060675763236441
2020-07-05,6.060675763236441
2020-07-06,6.506658875170956
2020-07-07,6.379905780200094
2020-07-08,6.6240228519958295
2020-07-09,6.793026978623646
2020-07-10,6.933863750813495
2020-07-12,6.933863750813495
2020-07-13,6.506658875170956
2020-07-14,6.64280108828781
2020-07-15,6.6756630017987755
2020-07-16,6.534826229608926
2020-07-17,6.562993584046897
2020-07-20,7.121646113733292
2020-07-21,6.896307278229537
2020-07-22,6.976114782470451
2020-07-23,6.426851370930045
2020-07-24,6.239069008010248
2020-07-26,6.239069008010248
2020-07-27,6.572382702192888
2020-07-28,6.328265630397152
2020-07-29,6.5442153477549185
2020-07-30,6.647495647360807
2020-07-31,7.008976695981418
2020-08-02,7.008976695981418
2020-08-03,7.008976695981418
2020-08-04,7.099531950451461
2020-08-05,7.158392865856991
2020-08-06,7.430058629267123
2020-08-07,7.190087204921506
2020-08-09,7.190087204921506
2020-08-10,7.090476425004457
2020-08-11,6.68750554261276
2020-08-12,7.190087204921506
2020-08-13,7.23989259488003
2020-08-14,7.217253781262518
2020-08-17,7.457225205608135
2020-08-18,7.67455781633624
2020-08-19,7.525141646460669
2020-08-20,7.837557274382319
2020-08-21,8.0005567324284
2020-08-23,8.0005567324284
2020-08-24,8.149972902303972
2020-08-25,8.340138936691066
2020-08-26,8.869887175340823
2020-08-27,8.792915209041286
2020-08-28,8.92874809074635
2020-08-30,8.92874809074635
2020-08-31,9.132497413303952
2020-09-01,9.60791249927168
2020-09-02,9.854517198548406
2020-09-03,8.839279499329946
2020-09-04,8.839279499329946
2020-09-07,8.839279499329946
2020-09-08,8.839279499329946
2020-09-09,8.839279499329946
2020-09-10,8.839279499329946
2020-09-11,8.839279499329946
2020-09-13,8.839279499329946
2020-09-14,8.839279499329946
2020-09-15,8.839279499329946
2020-09-16,8.839279499329946
2020-09-17,8.839279499329946
2020-09-18,8.839279499329946
2020-09-21,8.839279499329946
2020-09-22,8.839279499329946
2020-09-23,8.839279499329946
2020-09-24,8.839279499329946
2020-09-25,8.839279499329946
2020-09-27,8.839279499329946
2020-09-28,8.839279499329946
2020-09-29,8.839279499329946
2020-09-30,8.839279499329946
2020-10-01,8.839279499329946
2020-10-02,8.839279499329946
2020-10-04,8.839279499329946
2020-10-05,8.839279499329946
2020-10-06,8.839279499329946
2020-10-07,8.839279499329946
2020-10-08,8.839279499329946
2020-10-09,8.839279499329946
2020-10-12,8.839279499329946
2020-10-13,8.839279499329946
2020-10-14,8.839279499329946
2020-10-15,8.839279499329946
2020-10-16,8.839279499329946
2020-10-19,8.839279499329946
2020-10-20,8.839279499329946
2020-10-21,8.839279499329946
2020-10-22,8.839279499329946
2020-10-23,8.839279499329946
2020-10-26,8.839279499329946
2020-10-27,8.839279499329946
2020-10-28,8.839279499329946
2020-10-29,8.839279499329946
2020-10-30,8.839279499329946
2020-11-02,8.839279499329946
2020-11-03,9.332634634176268
2020-11-04,10.404996837001955
2020-11-05,11.391707106694597
2020-11-06,11.480785117152962
2020-11-09,11.254664013681731
2020-11-10,10.593431089894645
2020-11-11,11.350594178790738
2020-11-12,11.038821142186464
2020-11-13,11.333463792164128
2020-11-16,11.676071524696294
2020-11-17,11.477359039827638
2020-11-18,11.09363837939161
2020-11-19,11.37457672006799
2020-11-20,11.021690755559858
2020-11-23,11.025116832885178
2020-11-24,11.449950421225065
2020-11-25,11.525324122382141
2020-11-26,11.525324122382141
2020-11-27,11.727462684576121
2020-11-30,11.963862020023319
2020-12-01,12.446938922893674
2020-12-02,12.495441363898616
2020-12-03,12.550006610029177
2020-12-04,12.701576738169624
2020-12-07,12.919837722691872
2020-12-08,13.035031020078614
2020-12-09,12.161987081989626
2020-12-10,12.313557210130075
2020-12-11,12.228677938371424
2020-12-14,12.489378558773
2020-12-15,12.877398086812542
2020-12-16,13.089596266209169
2020-12-17,13.35635969173636
2020-12-18,13.210852368721525
2020-12-21,13.162349927716582
2020-12-22,13.265417614852087
2020-12-23,13.065345045706698
2020-12-24,13.235103589223998
2020-12-28,13.635248727514783
2020-12-29,13.677688363394106
2020-12-30,13.67162555826849
2020-12-31,13.780756050529613
2021-01-04,13.174475537967817
2021-01-05,13.437214366360339
2021-01-06,12.700180769830668
2021-01-07,13.720426350212016
2021-01-08,13.996813948910644
2021-01-11,13.631709343222333
2021-01-12,13.461099714396022
2021-01-13,13.71701415763549
2021-01-14,13.351909551947182
2021-01-15,12.949270827917086
2021-01-18,12.949270827917086
2021-01-19,13.450863136666444
2021-01-20,14.245904006997057
2021-01-21,14.781618241511676
2021-01-22,14.607596420108838
2021-01-25,15.003410758985883
2021-01-26,15.02388391444504
2021-01-27,14.174247962890009
2021-01-28,14.358506362022425
2021-01-29,13.33484858906455
2021-02-01,14.334621013986741
2021-02-02,15.031278872162371
2021-02-03,14.860066347695483
2021-02-04,15.385511681404218
2021-02-05,15.544916445563048
2021-02-08,15.846014333418614
2021-02-09,15.840110453264582
2021-02-10,15.727936730337998
2021-02-11,15.98180357696132
2021-02-12,16.253382064046733
2021-02-15,16.253382064046733
2021-02-16,16.117592820504026
2021-02-17,15.893245374650855
2021-02-18,15.680705689105746
2021-02-19,15.474069883714671
2021-02-22,14.275582212446425
2021-02-23,13.187851332867803
2021-02-24,13.187851332867803
2021-02-25,13.187851332867803
2021-02-26,13.187851332867803
2021-03-01,13.187851332867803
2021-03-02,13.187851332867803
2021-03-03,13.187851332867803
2021-03-04,13.187851332867803
2021-03-05,13.187851332867803
2021-03-08,13.187851332867803
2021-03-09,13.187851332867803
2021-03-10,13.187851332867803
2021-03-11,13.187851332867803
2021-03-12,13.187851332867803
2021-03-15,13.187851332867803
2021-03-16,13.187851332867803
2021-03-17,13.187851332867803
2021-03-18,13.187851332867803
2021-03-19,13.187851332867803
2021-03-22,13.187851332867803
2021-03-23,13.187851332867803
2021-03-24,13.187851332867803
2021-03-25,13.187851332867803
2021-03-26,13.187851332867803
2021-03-29,13.187851332867803
2021-03-30,13.187851332867803
2021-03-31,13.187851332867803
2021-04-01,13.187851332867803
2021-04-05,13.184792571106728
2021-04-06,13.187851332867801
2021-04-07,13.189380713748333
2021-04-08,13.193968856389946
2021-04-09,13.189380713748335
2021-04-12,13.186321951987264
2021-04-13,13.190910094628872
2021-04-14,13.190910094628872
2021-04-15,13.193968856389942
2021-04-16,13.19243947550941
2021-04-19,13.19091009462887
2021-04-20,13.193968856389942
2021-04-21,13.197027618151019
2021-04-22,13.19549823727048
2021-04-23,13.192439475509406
2021-04-26,13.189380713748331
2021-04-27,13.1878513328678
2021-04-28,13.19091009462887
2021-04-29,13.193968856389938
2021-04-30,13.19549823727048
2021-05-03,13.192439475509405
2021-05-04,12.137044317468654
2021-05-05,12.137044317468654
2021-05-06,12.137044317468654
2021-05-07,12.137044317468654
2021-05-10,12.137044317468654
2021-05-11,12.137044317468654
2021-05-12,12.137044317468654
2021-05-13,12.137044317468654
2021-05-14,12.137044317468654
2021-05-17,12.137044317468654
2021-05-18,12.137044317468654
2021-05-19,12.137044317468654
2021-05-20,12.137044317468654
2021-05-21,12.137044317468654
2021-05-24,12.137044317468654
2021-05-25,12.137044317468654
2021-05-26,12.137044317468654
2021-05-27,12.137044317468654
2021-05-28,12.137044317468654
2021-05-31,12.137044317468654
2021-06-01,12.137044317468654
2021-06-02,12.137044317468654
2021-06-03,12.137044317468654
2021-06-04,12.137044317468654
2021-06-07,12.137044317468654
2021-06-08,12.137044317468654
2021-06-09,12.137044317468654
2021-06-10,12.137044317468654
2021-06-11,12.137044317468654
2021-06-14,12.137044317468654
2021-06-15,12.137044317468654
2021-06-16,12.137044317468654
2021-06-17,12.137044317468654
2021-06-18,12.137044317468654
2021-06-21,12.137044317468654
2021-06-22,12.137044317468654
2021-06-23,12.137044317468654
2021-06-24,12.137044317468654
2021-06-25,12.137044317468654
2021-06-28,12.137044317468654
2021-06-29,12.137044317468654
2021-06-30,12.137044317468654
2021-07-01,12.137044317468654
2021-07-02,12.549006657226075
2021-07-04,12.549006657226077
2021-07-05,12.549006657226077
2021-07-06,12.715376063666575
2021-07-07,12.798560766886824
2021-07-08,12.576734891632828
2021-07-09,12.790638414199181
2021-07-12,12.953046644295862
2021-07-13,12.941163115264397
2021-07-14,13.012464289453183
2021-07-15,12.743104298073332
2021-07-16,12.434132543255267
2021-07-19,12.13308314112484
2021-07-20,12.533161951850799
2021-07-21,12.818366648605938
2021-07-22,13.08772663998579
2021-07-23,13.523456037806142
2021-07-26,13.578912506619645
2021-07-27,13.139221932455474
2021-07-28,13.28182428083304
2021-07-29,13.34520310233418
2021-07-30,13.14714428514311
2021-08-02,13.139221932455468
2021-08-03,13.37293133674093
2021-08-04,13.436310158242074
2021-08-05,13.689825444246642
2021-08-06,13.51157250877468
2021-08-08,13.51157250877468
2021-08-09,13.582873682963466
2021-08-10,13.380853689428578
2021-08-11,13.30955251523979
2021-08-12,13.448193687273543
2021-08-13,13.578912506619648
2021-08-16,13.606640741026398
2021-08-17,13.250134870082475
2021-08-18,12.86193958838798
2021-08-19,13.044153700203763
2021-08-20,13.448193687273545
2021-08-23,14.05029249153439
2021-08-24,14.188933663568138
2021-08-25,14.200817192599605
2021-08-26,13.959185435626502
2021-08-27,14.371147775383921
2021-08-30,14.846488936642487
2021-08-31,14.806877173204274
2021-09-01,14.886100700080698
2021-09-02,14.860011433482045
2021-09-03,15.03393987747306
2021-09-06,15.03393987747306
2021-09-07,15.038288088572834
2021-09-08,14.851315011282496
2021-09-09,14.668690145091933
2021-09-10,14.24908777396362
2021-09-13,14.253435985063392
2021-09-14,14.205605662965866
2021-09-15,14.56215897314744
2021-09-16,14.601292873045411
2021-09-17,13.929494258130129
2021-09-20,13.294655437562938
2021-09-21,13.294655437562938
2021-09-22,13.294655437562938
2021-09-23,13.294655437562938
2021-09-24,13.294655437562938
2021-09-27,13.294655437562938
2021-09-28,13.294655437562938
2021-09-29,13.294655437562938
2021-09-30,13.294655437562938
2021-10-01,13.294655437562938
2021-10-04,13.294655437562938
2021-10-05,13.294655437562938
2021-10-06,13.294655437562938
2021-10-07,13.294655437562938
2021-10-08,13.294655437562938
2021-10-11,13.294655437562938
2021-10-12,13.294655437562938
2021-10-13,13.294655437562938
2021-10-14,13.294655437562938
2021-10-15,13.294655437562938
2021-10-18,13.294655437562938
2021-10-19,13.294655437562938
2021-10-20,13.294655437562938
2021-10-21,13.294655437562938
2021-10-22,13.294655437562938
2021-10-25,13.294655437562938
2021-10-26,13.294655437562938
2021-10-27,13.294655437562938
2021-10-28,13.294655437562938
2021-10-29,13.294655437562938
2021-11-01,13.294655437562938
2021-11-02,13.610972031811583
2021-11-03,13.848677401454058
2021-11-04,14.48692567742322
2021-11-05,14.685325434762602
2021-11-08,14.941747762644642
2021-11-09,14.765808355192735
2021-11-10,14.01151493813827
2021-11-11,14.236118437013047
2021-11-12,14.741476309481303
2021-11-15,14.696555609706348
2021-11-16,15.153249390751728
2021-11-17,15.012872203954993
2021-11-18,15.447105635112896
2021-11-19,15.812086320784415
2021-11-22,15.284268098428683
2021-11-23,15.177581436463166
2021-11-24,15.493898030711815
2021-11-25,15.493898030711813
2021-11-26,14.342805098978571
2021-11-29,15.396569847866079
2021-11-30,15.014743899778951
2021-12-01,14.38772579875353
2021-12-02,14.38772579875353
2021-12-03,14.38772579875353
2021-12-06,14.38772579875353
2021-12-07,14.38772579875353
2021-12-08,14.38772579875353
2021-12-09,14.38772579875353
2021-12-10,14.38772579875353
2021-12-13,14.38772579875353
2021-12-14,14.38772579875353
2021-12-15,14.38772579875353
2021-12-16,14.38772579875353
2021-12-17,14.38772579875353
2021-12-20,14.38772579875353
2021-12-21,14.38772579875353
2021-12-22,14.38772579875353
2021-12-23,14.38772579875353
2021-12-27,14.38772579875353
2021-12-28,14.38772579875353
2021-12-29,14.38772579875353
2021-12-30,14.38772579875353
2021-12-31,14.38772579875353
2022-01-03,14.387725798753532
2022-01-04,13.931822444056897
2022-01-05,13.236707734853248
2022-01-06,13.236707734853248
2022-01-07,13.236707734853248
2022-01-10,13.236707734853248
2022-01-11,13.236707734853248
2022-01-12,13.236707734853248
2022-01-13,13.236707734853248
2022-01-14,13.236707734853248
2022-01-17,13.236707734853248
2022-01-18,13.236707734853248
2022-01-19,13.236707734853248
2022-01-20,13.236707734853248
2022-01-21,13.236707734853248
2022-01-23,13.236707734853248
2022-01-24,13.236707734853248
2022-01-25,13.236707734853248
2022-01-26,13.236707734853248
2022-01-27,13.236707734853248
2022-01-28,13.236707734853248
2022-01-30,13.236707734853248
2022-01-31,13.236707734853248
2022-02-01,13.236707734853248
2022-02-02,13.284703881309055
2022-02-03,13.26582015155595
2022-02-04,13.286277525455144
2022-02-06,13.286277525455144
2022-02-07,13.384630284585894
2022-02-08,13.425545032384287
2022-02-09,13.471180712620962
2022-02-10,13.420037277872968
2022-02-11,13.675754451612924
2022-02-13,13.675754451612926
2022-02-14,13.748928904406206
2022-02-15,13.618316440280566
2022-02-16,13.75837076928276
2022-02-17,13.946421244740755
2022-02-18,13.936192557791154
2022-02-21,13.936192557791154
2022-02-22,13.965304974493856
2022-02-23,14.028250740337535
2022-02-24,13.937766201937244
2022-02-25,13.89134369962753
2022-02-27,13.891343699627528
2022-02-28,14.035332138994944
2022-03-01,14.29026249066186
2022-03-02,14.14155311885616
2022-03-03,14.225743080672089
2022-03-04,14.452347837709342
2022-03-06,14.452347837709343
2022-03-07,14.66715026365091
2022-03-08,15.06842952090438
2022-03-09,14.620727761341195
2022-03-10,14.666363441577866
2022-03-11,14.563289750008837
2022-03-13,14.563289750008837
2022-03-14,14.343766391628995
2022-03-15,14.0754600647203
2022-03-16,14.163584136901452
2022-03-17,14.232824479329505
2022-03-18,14.107719769715185
2022-03-20,14.107719769715187
2022-03-21,14.215514393722492
2022-03-22,14.112440702153465
2022-03-23,14.30521211004974
2022-03-24,14.409072623691815
2022-03-25,14.350060968213361
2022-03-27,14.350060968213363
2022-03-28,14.088836039962084
2022-03-29,14.095130616546452
2022-03-30,14.208432995065083
2022-03-31,14.213940749576402
2022-04-01,14.12345621117611
2022-04-03,14.123456211176109
2022-04-04,14.191909731531114
2022-04-05,14.102998837276914
2022-04-06,14.136045364344845
2022-04-07,14.189549265311976
2022-04-08,14.278460159566178
2022-04-10,14.278460159566178
2022-04-11,14.349274146140322
2022-04-12,14.459429236366764
2022-04-13,14.528669578794814
2022-04-14,14.480673432339005
2022-04-17,14.480673432339005
2022-04-18,14.525522290502629
2022-04-19,14.305998932122785
2022-04-20,14.376026096623885
2022-04-21,14.324882661875892
2022-04-22,14.185615154946742
2022-04-24,14.185615154946742
2022-04-25,13.930684803279831
2022-04-26,13.951928999252072
2022-04-27,13.846494841463905
2022-04-28,13.921242938403278
2022-04-29,13.919669294257185
2022-05-01,13.919669294257185
2022-05-02,13.919669294257185
2022-05-03,13.919669294257185
2022-05-04,13.919669294257185
2022-05-05,13.919669294257185
2022-05-06,13.919669294257185
2022-05-08,13.919669294257185
2022-05-09,13.919669294257185
2022-05-10,13.919669294257185
2022-05-11,13.919669294257185
2022-05-12,13.919669294257185
2022-05-13,13.919669294257185
2022-05-15,13.919669294257185
2022-05-16,13.919669294257185
2022-05-17,13.919669294257185
2022-05-18,13.919669294257185
2022-05-19,13.919669294257185
2022-05-20,13.919669294257185
2022-05-22,13.919669294257185
2022-05-23,13.919669294257185
2022-05-24,13.919669294257185
2022-05-25,13.919669294257185
2022-05-26,13.919669294257185
2022-05-27,13.919669294257185
2022-05-30,13.919669294257185
2022-05-31,13.919669294257185
2022-06-01,13.919669294257185
2022-06-02,13.923018186184112
2022-06-03,13.917994848293723
2022-06-05,13.917994848293723
2022-06-06,13.899575942695646
2022-06-07,13.901250388659106
2022-06-08,13.891203712878333
2022-06-09,13.881157037097571
2022-06-10,13.822551428376409
2022-06-12,13.822551428376409
2022-06-13,13.752224697911018
2022-06-14,13.725433562495631
2022-06-15,13.77901583332641
2022-06-16,13.797434738924485
2022-06-17,13.79408584699756
2022-06-20,13.79408584699756
2022-06-21,13.789062509107174
2022-06-22,13.829249212230257
2022-06-23,13.840970333974486
2022-06-24,13.837621442047563
2022-06-26,13.837621442047563
2022-06-27,13.822551428376407
2022-06-28,13.819202536449485
2022-06-29,13.835946996084099
2022-06-30,13.862738131499487
2022-07-01,13.891203712878333
2022-07-04,13.891203712878333
2022-07-05,13.891203712878333
2022-07-06,13.891203712878333
2022-07-07,13.891203712878333
2022-07-08,13.891203712878333
2022-07-10,13.891203712878333
2022-07-11,13.891203712878333
2022-07-12,13.891203712878333
2022-07-13,13.891203712878333
2022-07-14,13.891203712878333
2022-07-15,13.891203712878333
2022-07-17,13.891203712878333
2022-07-18,13.891203712878333
2022-07-19,13.891203712878333
2022-07-20,13.891203712878333
2022-07-21,13.891203712878333
2022-07-22,13.891203712878333
2022-07-24,13.891203712878333
2022-07-25,13.891203712878333
2022-07-26,13.891203712878333
2022-07-27,13.891203712878333
2022-07-28,13.891203712878333
2022-07-29,13.891203712878333
2022-07-31,13.891203712878333
2022-08-01,13.891203712878333
2022-08-02,13.891203712878333
2022-08-03,13.891203712878333
2022-08-04,13.891203712878333
2022-08-05,13.891203712878333
2022-08-07,13.891203712878333
2022-08-08,13.891203712878333
2022-08-09,13.891203712878333
2022-08-10,13.891203712878333
2022-08-11,13.891203712878333
2022-08-12,13.891203712878333
2022-08-14,13.891203712878333
2022-08-15,13.891203712878333
2022-08-16,13.891203712878333
2022-08-17,13.891203712878333
2022-08-18,13.891203712878333
2022-08-19,13.891203712878333
2022-08-21,13.891203712878333
2022-08-22,13.891203712878333
2022-08-23,13.891203712878333
2022-08-24,13.891203712878333
2022-08-25,13.891203712878333
2022-08-26,13.891203712878333
2022-08-28,13.891203712878333
2022-08-29,13.891203712878333
2022-08-30,13.891203712878333
2022-08-31,13.891203712878333
2022-09-01,13.891203712878333
2022-09-02,13.891203712878333
2022-09-05,13.891203712878333
2022-09-06,13.891203712878333
2022-09-07,13.891203712878333
2022-09-08,13.891203712878333
2022-09-09,13.891203712878333
2022-09-11,13.891203712878333
2022-09-12,13.891203712878333
2022-09-13,13.891203712878333
2022-09-14,13.891203712878333
2022-09-15,13.891203712878333
2022-09-16,13.891203712878333
2022-09-18,13.891203712878333
2022-09-19,13.891203712878333
2022-09-20,13.891203712878333
2022-09-21,13.891203712878333
2022-09-22,13.891203712878333
2022-09-23,13.891203712878333
2022-09-25,13.891203712878333
2022-09-26,13.891203712878333
2022-09-27,13.891203712878333
2022-09-28,13.891203712878333
2022-09-29,13.891203712878333
2022-09-30,13.891203712878333
2022-10-02,13.891203712878333
2022-10-03,13.891203712878335
2022-10-04,13.896330879603063
2022-10-05,13.882658435003778
2022-10-06,13.865567879254664
2022-10-07,13.848477323505552
2022-10-09,13.848477323505554
2022-10-10,13.843350156780819
2022-10-11,13.850186379080466
2022-10-12,13.863858823679756
2022-10-13,13.822841489881885
2022-10-14,13.816005267582241
2022-10-16,13.816005267582243
2022-10-17,13.831386767756445
2022-10-18,13.838222990056087
2022-10-19,13.812587156432418
2022-10-20,13.79720565625822
2022-10-21,13.833095823331353
2022-10-23,13.833095823331353
2022-10-24,13.829677712181532
2022-10-25,13.84335015678082
2022-10-26,13.855313545805195
2022-10-27,13.884367490578686
2022-10-28,13.863858823679756
2022-10-30,13.863858823679754
2022-10-31,13.843350156780819
2022-11-01,13.805750934132773
2022-11-02,13.798914711833124
2022-11-03,13.773278878209455
2022-11-04,13.788660378383657
2022-11-06,13.788660378383657
2022-11-07,13.776696989359275
2022-11-08,13.790369433958567
2022-11-09,13.81258715643241
2022-11-10,13.88778560172851
2022-11-11,13.884367490578684
2022-11-13,13.884367490578684
2022-11-14,13.872404101554306
2022-11-15,13.886076546153594
2022-11-16,13.887785601728503
2022-11-17,13.870695045979389
2022-11-18,13.85531354580519
2022-11-20,13.85531354580519
2022-11-21,13.85189543465537
2022-11-22,13.862149768104837
2022-11-23,13.87411315712922
2022-11-24,13.874113157129221
2022-11-25,13.875822212704128
2022-11-27,13.87582221270413
2022-11-28,13.879240323853953
2022-11-29,13.87411315712922
2022-11-30,13.915130490927087
2022-12-01,13.916839546502004
2022-12-02,13.916839546502004
2022-12-04,13.916839546502004
2022-12-05,13.916839546502004
2022-12-06,13.916839546502004
2022-12-07,13.916839546502004
2022-12-08,13.916839546502004
2022-12-09,13.916839546502004
2022-12-11,13.916839546502004
2022-12-12,13.916839546502004
2022-12-13,13.916839546502004
2022-12-14,13.916839546502004
2022-12-15,13.916839546502004
2022-12-16,13.916839546502004
2022-12-18,13.916839546502004
2022-12-19,13.916839546502004
2022-12-20,13.916839546502004
2022-12-21,13.916839546502004
2022-12-22,13.916839546502004
2022-12-23,13.916839546502004
2022-12-26,13.916839546502004
2022-12-27,13.916839546502004
2022-12-28,13.916839546502004
2022-12-29,13.916839546502004
2022-12-30,13.916839546502004
2023-01-02,13.916839546502004
2023-01-03,13.916839546502004
2023-01-04,14.047823480033326
2023-01-05,13.872907047056717
2023-01-06,14.132434219705733
2023-01-08,14.132434219705734
2023-01-09,14.164163247082888
2023-01-10,14.2162313945736
2023-01-11,14.20646861691909
2023-01-12,14.370808707436648
2023-01-13,14.543284445999634
2023-01-16,14.543284445999634
2023-01-17,14.448097363868177
2023-01-18,14.406605558836516
2023-01-19,14.635217268912923
2023-01-20,14.586403380640382
2023-01-22,14.58640338064038
2023-01-23,14.614064583994821
2023-01-24,14.666946296290076
2023-01-25,14.734472175067095
2023-01-26,14.60104754712214
2023-01-27,14.580708427008583
2023-01-29,14.580708427008583
2023-01-30,14.54328444599963
2023-01-31,14.596166158294887
2023-02-01,14.780031804121464
2023-02-02,14.473317872808988
2023-02-03,14.112095099592171
2023-02-05,14.112095099592171
2023-02-06,14.141383432555696
2023-02-07,14.154400469428374
2023-02-08,14.189383756023698
2023-02-09,14.077111812996849
2023-02-10,14.10395945154675
2023-02-12,14.10395945154675
2023-02-13,14.03236574874702
2023-02-14,14.042942091206072
2023-02-15,13.903008944824778
2023-02-16,13.891619037561185
2023-02-17,13.933110842592844
2023-02-20,13.933110842592846
2023-02-21,13.881042695102135
2023-02-22,13.802940473866066
2023-02-23,13.795618390625183
2023-02-24,13.69636348447101
2023-02-26,13.69636348447101
2023-02-27,13.750058761570807
2023-02-28,13.812703251520572
2023-03-01,13.892432602365728
2023-03-02,14.405649754099064
2023-03-03,15.310131467054845
2023-03-05,15.310131467054845
2023-03-06,15.548955290138675
2023-03-07,14.954436411398078
2023-03-08,15.320294182930752
2023-03-09,14.654636293058802
2023-03-10,13.877188528551867
2023-03-12,13.877188528551867
2023-03-13,14.08044284607002
2023-03-14,15.050982212219202
2023-03-15,15.071307643971014
2023-03-16,16.34164712845947
2023-03-17,16.275589475266074
2023-03-19,16.275589475266074
2023-03-20,16.387379349901057
2023-03-21,16.732911689681913
2023-03-22,16.229857253824488
2023-03-23,17.03271180802119
2023-03-24,17.139420324718216
2023-03-27,16.748155763495774
2023-03-28,16.50425058247399
2023-03-29,17.53068488594066
2023-03-30,18.1201224067433
2023-03-31,18.89248881331228
2023-04-03,18.795943012491154
2023-04-04,18.839452139834886
2023-04-05,18.864641634612834
2023-04-06,18.857771772400667
2023-04-10,18.791363104349713
2023-04-11,18.78907315027899
2023-04-12,18.809682736915498
2023-04-13,18.82113250726911
2023-04-14,18.77762337992538
2023-04-17,18.750143931076707
2023-04-18,18.745564022935262
2023-04-19,18.729534344440207
2023-04-20,18.775333425854654
2023-04-21,18.76388365550104
2023-04-24,18.78449324213754
2023-04-25,18.857771772400667
2023-04-26,18.834872231693442
2023-04-27,18.79823296656188
2023-04-28,18.818842553198387
2023-05-01,18.73411425258165
2023-05-02,18.228864897295562
2023-05-03,17.869871934329122
2023-05-04,17.67043139934777
2023-05-05,18.760706323912498
2023-05-08,18.906962716232158
2023-05-09,18.547969753265722
2023-05-10,19.146291358209776
2023-05-11,19.305843786194853
2023-05-12,19.106403251213504
2023-05-15,19.398916035852817
2023-05-16,19.465396214179933
2023-05-17,20.17008610444737
2023-05-18,21.247064993346672
2023-05-19,21.100808601027012
2023-05-22,21.32684120733921
2023-05-23,20.50248699608296
2023-05-24,20.17008610444737
2023-05-25,21.619353991978535
2023-05-26,23.254766378825614
2023-05-30,23.587167270461194
2023-05-31,23.10850998650595
2023-06-01,23.94616023342763
2023-06-02,24.478001660044562
2023-06-05,24.531185802706254
2023-06-06,24.504593731375408
2023-06-07,23.254766378825604
2023-06-08,24.052528518751014
2023-06-09,24.345041303390335
2023-06-12,25.59486865594014
2023-06-13,26.166598189553344
2023-06-14,26.725031687501136
2023-06-15,27.655754184080777
2023-06-16,27.12391275746383
2023-06-20,26.990952400809604
2023-06-21,25.834197297917765
2023-06-22,26.68514358050487
2023-06-23,25.900677476244887
2023-06-26,24.863586694341855
2023-06-27,26.100118011226236
2023-06-28,26.25967043921132
2023-06-29,26.073525939895386
2023-06-30,27.256873114118076
2023-07-03,27.443017613434005
2023-07-05,27.429721577768575
2023-07-06,26.778215830162832
2023-07-07,26.49899908118894
2023-07-10,26.525591152519794
2023-07-11,26.91117618681706
2023-07-12,27.908378861723826
2023-07-13,29.291166570927864
2023-07-14,29.264574499597018
2023-07-17,30.07563267518785
2023-07-18,30.79361860112071
2023-07-19,30.79361860112071
2023-07-20,28.63966082332211
2023-07-21,28.38703614567906
2023-07-24,28.493404431002446
2023-07-25,29.065133964615654
2023-07-26,28.772621179976344
2023-07-27,28.519996502333296
2023-07-28,30.062336639522414
2023-07-31,30.128816817849533
2023-08-01,29.889488175871907
2023-08-02,27.498329121802154
2023-08-03,27.498329121802154
2023-08-04,27.498329121802154
2023-08-07,27.498329121802154
2023-08-08,27.498329121802154
2023-08-09,27.498329121802154
2023-08-10,27.498329121802154
2023-08-11,27.498329121802154
2023-08-14,27.498329121802154
2023-08-15,27.498329121802154
2023-08-16,27.498329121802154
2023-08-17,27.498329121802154
2023-08-18,27.498329121802154
2023-08-21,27.498329121802154
2023-08-22,27.498329121802154
2023-08-23,27.498329121802154
2023-08-24,27.498329121802154
2023-08-25,27.498329121802154
2023-08-28,27.498329121802154
2023-08-29,27.498329121802154
2023-08-30,27.498329121802154
2023-08-31,27.498329121802154
2023-09-01,27.498329121802154
2023-09-05,27.563336992066468
2023-09-06,26.835248845106214
2023-09-07,26.250178012727446
2023-09-08,26.328187457044617
2023-09-11,27.225296066692064
2023-09-12,26.354190605150336
2023-09-13,26.61422208620756
2023-09-14,27.23829764074491
2023-09-15,25.847129217088725
2023-09-18,25.899135513300173
2023-09-19,25.298462792057975
2023-09-20,25.298462792057975
2023-09-21,25.298462792057975
2023-09-22,25.298462792057975
2023-09-25,25.298462792057975
2023-09-26,25.298462792057975
2023-09-27,25.298462792057975
2023-09-28,25.298462792057975
2023-09-29,25.298462792057975
2023-10-02,25.298462792057975
2023-10-03,25.298462792057975
2023-10-04,25.298462792057975
2023-10-05,25.298462792057975
2023-10-06,25.298462792057975
2023-10-09,25.298462792057975
2023-10-10,25.298462792057975
2023-10-11,25.298462792057975
2023-10-12,25.298462792057975
2023-10-13,25.298462792057975
2023-10-16,25.298462792057975
2023-10-17,25.298462792057975
2023-10-18,25.298462792057975
2023-10-19,25.298462792057975
2023-10-20,25.298462792057975
2023-10-23,25.298462792057975
2023-10-24,25.298462792057975
2023-10-25,25.298462792057975
2023-10-26,25.298462792057975
2023-10-27,25.298462792057975
2023-10-30,25.298462792057975
2023-10-31,25.298462792057975
2023-11-01,25.298462792057975
2023-11-02,26.63382248699839
2023-11-03,27.57297655816528
2023-11-06,27.8958107701289
2023-11-07,28.673547735313974
2023-11-08,28.732244864761906
2023-11-09,28.04255359374873
2023-11-10,29.920861736082514
2023-11-13,29.642050371204835
2023-11-14,31.505684231176627
2023-11-15,31.593729925348526
2023-11-16,31.652427054796455
2023-11-17,31.66710133715843
2023-11-20,32.7970210790311
2023-11-21,32.210049784551785
2023-11-22,32.57690684360135
2023-11-24,32.415489737619545
2023-11-27,32.32744404344765
2023-11-28,32.57690684360135
2023-11-29,32.45951258470549
2023-11-30,32.195375502189805
2023-12-01,32.45951258470549
2023-12-04,31.53503279590058
2023-12-05,31.769821313692304
2023-12-06,31.19752430157499
2023-12-07,32.503535431791434
2023-12-08,32.899741055564974
2023-12-10,32.899741055564974
2023-12-11,33.73617515019798
2023-12-12,34.543260680107025
2023-12-13,35.76122611615158
2023-12-14,35.70252898670365
2023-12-15,36.12808317520114
2023-12-17,36.12808317520114
2023-12-18,36.891145858024224
2023-12-19,37.43409430541759
2023-12-20,35.614483292531744
2023-12-21,36.803100163852335
2023-12-22,36.94984298747217
2023-12-26,37.62485997612337
2023-12-27,37.81562564682914
2023-12-28,37.72757995265725
2023-12-29,37.199305787625875
2024-01-02,35.3209976452921
2024-01-03,34.19107790341945
2024-01-04,33.61878089130212
2024-01-05,33.73617515019798
2024-01-08,35.775900398513556
2024-01-09,36.01068891630528
2024-01-10,36.715054469680446
2024-01-11,36.89114585802424
2024-01-12,36.935168705110186
2024-01-16,36.9204944227482
2024-01-17,36.274825998820965
2024-01-18,37.83029992919112
2024-01-19,40.01676800112652
2024-01-22,40.17818510710833
2024-01-23,40.662436425053755
2024-01-24,41.322779131342976
2024-01-25,41.44017339023883
2024-01-26,40.67711070741574
2024-01-29,41.88040186109831
2024-01-30,41.04396776646531
2024-01-31,38.62271117673818
2024-02-01,39.98741943640256
2024-02-02,41.12463139207111
2024-02-05,41.4238976961944
2024-02-06,40.80360026582973
2024-02-07,42.44684433574314
2024-02-08,42.81684631175012
2024-02-09,44.536267259076716
2024-02-12,43.46434976976235
2024-02-13,41.260661530308944
2024-02-14,42.50669759656778
2024-02-15,42.1747840592674
2024-02-16,41.0158072814808
2024-02-20,39.75344759863342
2024-02-21,38.95359038579478
2024-02-22,42.74611063986644
2024-02-23,42.41419710256606
2024-02-26,42.57199206292197
2024-02-27,42.67537496798276
2024-02-28,42.04963633208858
2024-02-29,43.45890856423287
2024-03-01,45.76053850321753
2024-03-04,45.20973062766408
2024-03-05,42.09969542296013
2024-03-06,42.09969542296013
2024-03-07,42.09969542296013
2024-03-08,42.09969542296013
2024-03-11,42.09969542296013
2024-03-12,42.09969542296013
2024-03-13,42.09969542296013
2024-03-14,42.09969542296013
2024-03-15,42.09969542296013
2024-03-18,42.09969542296013
2024-03-19,42.09969542296013
2024-03-20,42.09969542296013
2024-03-21,42.09969542296013
2024-03-22,42.09969542296013
2024-03-25,42.09969542296013
2024-03-26,42.09969542296013
2024-03-27,42.09969542296013
2024-03-28,42.09969542296013
2024-04-01,42.09969542296013
2024-04-02,42.09969542296013
2024-04-03,42.09969542296013
2024-04-04,42.09969542296013
2024-04-05,42.09969542296013
2024-04-08,42.09969542296013
2024-04-09,42.09969542296013
2024-04-10,42.09969542296013
2024-04-11,42.09969542296013
2024-04-12,42.09969542296013
2024-04-15,42.09969542296013
2024-04-16,42.09969542296013
2024-04-17,42.09969542296013
2024-04-18,42.09969542296013
2024-04-19,42.09969542296013
2024-04-22,42.09969542296013
2024-04-23,42.09969542296013
2024-04-24,42.09969542296013
2024-04-25,42.09969542296013
2024-04-26,42.09969542296013
2024-04-29,42.09969542296013
2024-04-30,42.09969542296013
2024-05-01,42.09969542296013
2024-05-02,43.83951627403469
2024-05-03,47.44484845591924
2024-05-06,49.09867055770115
2024-05-07,48.6091392155737
2024-05-08,49.04574825044411
2024-05-09,48.93328834752294
2024-05-10,49.416204401243256
2024-05-13,50.13065554921304
2024-05-14,51.47355909585995
2024-05-15,54.900278490752044
2024-05-16,54.31151782251769
2024-05-17,53.87490878764727
2024-05-20,55.74703540686439
2024-05-21,56.031492808370885
2024-05-22,56.40856424757716
2024-05-23,55.03919954730174
2024-05-24,56.27625847943459
2024-05-28,56.98409433899725
2024-05-29,55.87272588659981
2024-05-30,52.04247389887293
2024-05-31,52.29385485834377
2024-06-03,52.68415687436432
2024-06-04,52.88261552657815
2024-06-05,56.42179482439145
2024-06-06,55.87272588659983
2024-06-07,56.20349030695621
2024-06-10,56.580561746162495
2024-06-11,59.71620845114098
2024-06-12,63.65230505338191
2024-06-13,65.21351311746403
2024-06-14,65.782427920477
2024-06-17,68.77253828049867
2024-06-18,69.05038039359803
2024-06-20,66.6225695481822
2024-06-21,65.99411714950509
2024-06-24,61.45602930221554
2024-06-25,64.67767475648668
2024-06-26,64.5189078347156
2024-06-27,64.59167600719401
2024-06-28,64.4196785086087
2024-07-01,65.80888907410551
2024-07-02,67.82595257184595
2024-07-03,69.49222241780545
2024-07-05,71.59698432849113
2024-07-08,72.07055575839541
2024-07-09,72.22841290169684
2024-07-10,74.49103195568392
2024-07-11,69.5799208307507
2024-07-12,70.72000019903875
2024-07-15,71.24619067671016
2024-07-16,71.2988097244773
2024-07-17,65.0371430401874
2024-07-18,64.05492081520076
2024-07-19,62.31849223888509
2024-07-22,65.0371430401874
2024-07-23,64.33555573662552
2024-07-24,60.54417794817709
2024-07-25,60.54417794817709
2024-07-26,60.54417794817709
2024-07-29,60.54417794817709
2024-07-30,60.54417794817709
2024-07-31,60.54417794817709
2024-08-01,60.54417794817709
2024-08-02,55.474766122097606
2024-08-05,55.474766122097606
2024-08-06,55.474766122097606
2024-08-07,55.474766122097606
2024-08-08,55.474766122097606
2024-08-09,55.474766122097606
2024-08-12,55.474766122097606
2024-08-13,55.474766122097606
2024-08-14,55.474766122097606
2024-08-15,55.474766122097606
2024-08-16,55.474766122097606
2024-08-19,55.474766122097606
2024-08-20,55.474766122097606
2024-08-21,55.474766122097606
2024-08-22,55.474766122097606
2024-08-23,55.474766122097606
2024-08-26,55.474766122097606
2024-08-27,55.474766122097606
2024-08-28,55.474766122097606
2024-08-29,55.474766122097606
2024-08-30,55.474766122097606
2024-09-03,55.474766122097606
2024-09-04,55.474766122097606
2024-09-05,55.474766122097606
2024-09-06,55.474766122097606
2024-09-09,55.474766122097606
2024-09-10,55.474766122097606
2024-09-11,55.474766122097606
2024-09-12,55.474766122097606
2024-09-13,55.474766122097606
2024-09-16,55.474766122097606
2024-09-17,55.474766122097606
2024-09-18,55.474766122097606
2024-09-19,55.474766122097606
2024-09-20,55.474766122097606
2024-09-23,55.474766122097606
2024-09-24,55.474766122097606
2024-09-25,55.474766122097606
2024-09-26,55.474766122097606
2024-09-27,55.474766122097606
2024-09-30,55.474766122097606
2024-10-01,55.474766122097606
2024-10-02,55.68253678173093
2024-10-03,55.55467791426426
2024-10-04,57.52050800156417
2024-10-07,55.618607347997575
2024-10-08,58.031943471430814
2024-10-09,59.43839101356408
2024-10-10,59.23062035393077
2024-10-11,59.37446157983076
2024-10-14,60.89278563099735
2024-10-15,58.463467149130786
2024-10-16,58.43150243226412
2024-10-17,58.60730837503079
2024-10-18,59.64616167319739
2024-10-21,59.98179120029738
2024-10-22,60.157597143064024
2024-10-23,57.376666775664155
2024-10-24,58.735167242497425
2024-10-25,59.72607346536404
2024-10-28,59.79000289909735
2024-10-29,61.436185817730625
2024-10-30,60.07768535089735
2024-10-31,55.506730838964216
2024-11-01,56.68942536303083
2024-11-04,56.526661131817434
2024-11-05,58.893524327378856
2024-11-06,63.756105734878936
2024-11-07,67.22162749113073
2024-11-08,66.90288087167117
2024-11-11,65.85169521175135
2024-11-12,65.98733207109584
2024-11-13,65.60076702196403
2024-11-14,64.66487269248702
2024-11-15,59.99218288806923
2024-11-18,60.3651842512666
2024-11-19,61.863971547023226
2024-11-20,61.552006770530895
2024-11-21,63.48483201618991
2024-11-22,63.491613859157134
2024-11-25,63.430577272452105
2024-11-26,64.4207263456669
2024-11-27,61.76902574548206
2024-11-29,63.41701358651766
2024-12-02,65.20063828689773
2024-12-03,65.87882258362019
2024-12-04,69.52745409998707
2024-12-05,68.38810448149333
2024-12-06,69.073070621183
2024-12-09,67.80486598631201
2024-12-10,64.9158008822743
2024-12-11,67.73026571367252
2024-12-12,66.5705705662771
2024-12-13,67.3437006645407
2024-12-16,69.31721696800308
2024-12-17,68.1100489198371
2024-12-18,61.60626151426866
2024-12-19,61.66729810097369
2024-12-20,59.984587223945915
2024-12-23,59.984587223945915
2024-12-24,59.984587223945915
2024-12-26,59.984587223945915
2024-12-27,59.984587223945915
2024-12-30,59.984587223945915
2024-12-31,59.984587223945915
2025-01-02,59.984587223945915
2025-01-03,62.85261936995351
2025-01-06,65.0036434794592
2025-01-07,61.49488074764141
2025-01-08,61.54064721805642
2025-01-10,58.61159311149548
2025-01-13,58.00137350596195
2025-01-14,57.787796644025214
2025-01-15,61.69320211943979
2025-01-16,60.44225192809605
2025-01-17,63.417072505072014
2025-01-21,64.46970132461735
2025-01-22,66.97160170730481
2025-01-23,67.38349994103994
2025-01-24,66.17831622011121
2025-01-27,60.36597447740435
2025-01-28,63.05094074175188
2025-01-29,62.65429799815509
2025-01-30,63.44758348534868
2025-01-31,63.0967072121669
2025-02-03,61.57115819833307
2025-02-04,64.18295135909136
2025-02-05,66.96637664184233
2025-02-06,67.39172581373725
2025-02-07,65.55600833503284
2025-02-10,68.44390534421416
2025-02-11,68.49614120742932
2025-02-12,68.08571656788158
2025-02-13,70.95122677854208
2025-02-14,71.51835900773533
2025-02-18,73.49585954373802
2025-02-19,73.48839727756443
2025-02-20,72.79440652342008
2025-02-21,66.78728225367604
2025-02-24,63.87699844597395
2025-02-25,61.399526076340386
2025-02-26,63.3621020799959
2025-02-27,56.64546554246644
2025-02-28,56.64546554246644
2025-03-03,56.64546554246644
2025-03-04,56.64546554246644
2025-03-05,56.64546554246644
2025-03-06,56.64546554246644
2025-03-07,56.64546554246644
2025-03-10,56.64546554246644
2025-03-11,56.64546554246644
2025-03-12,56.64546554246644
2025-03-13,56.64546554246644
2025-03-14,56.64546554246644
2025-03-17,56.64546554246644
2025-03-18,56.64546554246644
2025-03-19,56.64546554246644
2025-03-20,56.64546554246644
2025-03-21,56.64546554246644
2025-03-24,56.64546554246644
2025-03-25,56.64546554246644
2025-03-26,56.64546554246644
2025-03-27,56.64546554246644
2025-03-28,56.64546554246644
2025-03-31,56.64546554246644
2025-04-01,56.64546554246644
2025-04-02,56.76168359257617
2025-04-03,56.418938834625436
2025-04-04,55.099174536769176
2025-04-07,53.9153262636175
2025-04-08,54.20882608508106
2025-04-09,56.21407989883877
2025-04-10,57.58702872810119
2025-04-11,58.686175710494915
2025-04-14,58.35131014238213
2025-04-15,58.65662874860261
2025-04-16,60.56536248684548
2025-04-17,60.29943982981474
2025-04-21,62.16483802394888
2025-04-22,61.28236876209873
2025-04-23,59.81289985732146
2025-04-24,60.6835503344147
2025-04-25,60.02563798294605
2025-04-28,60.8805300803634
2025-04-29,60.28762104505784
2025-04-30,59.83653742683532
2025-05-01,58.59359522989905
2025-05-02,58.696024697792375
2025-05-05,60.44914443673578
2025-05-06,62.143170251894546
2025-05-07,61.21145605355722
2025-05-08,60.005940008351196
2025-05-09,60.4412652468978
2025-05-12,58.73739044444159
2025-05-13,58.98755472179644
2025-05-14,57.74658232231966
2025-05-15,58.66844753335954
2025-05-16,57.959320447944236
2025-05-19,58.70587368508981
2025-05-20,59.799111275105076
2025-05-21,60.24034590603015
2025-05-22,59.70653079450917
2025-05-23,61.014476307608525
2025-05-24,61.01447630760852
2025-05-27,59.98033264137788
2025-05-28,59.84441661667328
2025-05-29,60.198980159380916
2025-05-30,59.803050870024045
2025-06-02,61.392677419830015
2025-06-03,64.13923587388553
2025-06-04,64.45646754942993
2025-06-05,63.79695959237709
2025-06-06,65.60851942377539
2025-06-07,65.60851942377539
2025-06-09,66.56856265239661
2025-06-10,67.63713250686199
2025-06-11,67.20302600348543
2025-06-12,69.03128223885977
2025-06-13,66.02592952317596
2025-06-14,66.02592952317596
2025-06-16,69.29842470247613
2025-06-17,67.67052531481406
2025-06-18,68.0211497983105
2025-06-20,66.98597275179718
2025-06-21,66.98597275179718
2025-06-23,69.33181751042817
2025-06-24,72.87145515334467
2025-06-25,74.71640779269501
2025-06-26,76.31091437240504
2025-06-27,75.91020067698054
2025-06-28,75.91020067698054
2025-06-30,78.12247420380334
2025-07-01,76.06881651475273
2025-07-02,78.46475048531175
2025-07-03,81.38662118111547
2025-07-07,79.39974910796896
2025-07-08,80.59354199225449
2025-07-09,82.02943273419231
2025-07-10,81.1779161314152
2025-07-11,80.0759534689978
2025-07-12,80.0759534689978
2025-07-14,79.89229302526158
2025-07-15,81.85412049244407
2025-07-16,82.6555478832931
2025-07-17,84.92625882403198
2025-07-18,84.66746456240364
2025-07-19,84.66746456240364
2025-07-21,85.14331207572025
2025-07-22,82.47188743955684
2025-07-23,84.04134941330284
2025-07-24,85.00139264192404
2025-07-25,85.65255239698885
2025-07-26,85.65255239698885
2025-07-28,87.63107626814737
2025-07-29,87.55594245025527
2025-07-30,88.11527198345199
2025-07-31,86.04491789042535
2025-08-01,80.6352830021945
2025-08-02,80.6352830021945
2025-08-04,85.31862431746846
2025-08-05,83.56550189998622
2025-08-06,86.19518552620957
2025-08-07,86.29536395006569
2025-08-08,88.71634252658876
2025-08-09,88.71634252658876
2025-08-11,87.08009493693868
2025-08-12,90.90357144744753
2025-08-13,91.05383908323172
2025-08-14,90.494509550035
2025-08-15,88.32397703315223
2025-08-16,88.32397703315223
2025-08-18,88.77477994050481
2025-08-19,84.14152783715896
2025-08-20,82.41345002564074
2025-08-21,81.48679960497157
2025-08-22,84.76764298625973
2025-08-23,84.76764298625974
2025-08-25,84.15822424113497
2025-08-26,85.30192791349245
2025-08-27,86.52911360573002
2025-08-28,88.58277129478063
2025-08-29,84.52554512860746
2025-09-02,81.95429891630019
2025-09-03,83.87422048025576
2025-09-04,86.13295173196823
2025-09-05,86.41529313843229
2025-09-06,86.41529313843229
2025-09-08,87.65759532687412
2025-09-09,88.37286022324973
2025-09-10,88.46697402540441
2025-09-11,89.95397209944841
2025-09-12,91.06451496487374
2025-09-13,91.06451496487374
2025-09-15,93.39853725830996
2025-09-16,93.13501861227684
2025-09-17,92.55151303891778
2025-09-18,95.03611741580147
2025-09-19,96.9183934588952
2025-09-20,96.9183934588952
2025-09-22,98.55597361638672
2025-09-23,96.57958377113835
2025-09-24,95.45021814528211
2025-09-25,94.17027043597838
2025-09-26,95.2996360618346
2025-09-27,95.2996360618346
2025-09-29,96.5607610107074
2025-09-30,97.3136714279449
2025-10-01,98.68773293940329
2025-10-02,99.89238960698326
2025-10-03,98.53715085595579
2025-10-06,100.73941382637545
2025-10-07,99.12065642931485
2025-10-08,102.47110778602166
2025-10-09,102.07582981697198
2025-10-10,91.36567913176877
2025-10-13,97.16308934449741
2025-10-14,95.18669949924902
2025-10-15,97.12544382363554
2025-10-16,96.05254647907212
2025-10-17,97.87835424087304
2025-10-20,101.54879252490576
2025-10-21,101.43585596232012
2025-10-22,98.44303705380112
2025-10-23,100.90881867025388
2025-10-24,104.05221966222037
2025-10-27,109.58611122891587
2025-10-28,112.08953836623047
2025-10-29,113.5200681589817
2025-10-30,108.32498628004308
2025-10-31,109.84962987494896
2025-11-03,111.35545070942393
2025-11-04,109.40481289939389
2025-11-05,110.67000986905735
2025-11-06,110.53714908942682
2025-11-07,111.21353124027316
2025-11-10,114.2542313559082
2025-11-11,114.70414626874796
2025-11-12,116.55211893088168
2025-11-13,115.61001522077429
2025-11-14,113.52349706794027
2025-11-17,112.2220653401958
2025-11-18,113.03734739701952
2025-11-19,113.22154075059821
2025-11-20,113.18832555569058
2025-11-21,113.01319089163215
2025-11-24,114.80379185347087
2025-11-25,114.7675570953898
2025-11-26,115.68550430010986
2025-11-28,117.1228163706583
2025-12-01,117.68747468408806
2025-12-02,121.2368395712147
2025-12-03,122.02243233289876
2025-12-04,123.24341385407037
2025-12-05,125.88414133009262
2025-12-08,128.54379875217953
2025-12-09,129.51869097451035
2025-12-10,123.83970715510765
2025-12-11,121.79527298012272
2025-12-12,111.00520372325761
2025-12-15,108.272476709361
2025-12-16,108.272476709361
2025-12-17,108.272476709361
2025-12-18,108.272476709361
2025-12-19,108.272476709361
2025-12-22,108.272476709361
2025-12-23,108.272476709361
2025-12-24,108.272476709361
2025-12-26,108.272476709361
2025-12-29,108.272476709361
2025-12-30,108.272476709361
2025-12-31,108.272476709361
2026-01-02,108.272476709361
2026-01-05,108.272476709361
2026-01-06,108.272476709361
2026-01-07,108.272476709361
2026-01-08,108.272476709361
2026-01-09,108.272476709361
2026-01-12,108.272476709361
2026-01-13,108.272476709361
2026-01-14,108.272476709361
2026-01-15,108.272476709361
2026-01-16,108.272476709361
2026-01-20,108.272476709361
2026-01-21,108.272476709361
2026-01-22,108.272476709361
2026-01-23,108.272476709361
2026-01-26,108.272476709361
2026-01-27,108.272476709361
2026-01-28,108.272476709361
2026-01-29,108.272476709361
2026-01-30,108.272476709361
2026-02-02,108.272476709361
2026-02-03,115.15722015380706
2026-02-04,115.07610388347486
2026-02-05,112.01142979498616
2026-02-06,115.4538015172092
2026-02-09,118.38666166640803
2026-02-10,117.21301063003892
2026-02-11,118.53875467328093
2026-02-12,114.42210395392144
2026-02-13,117.26877806589233
2026-02-17,113.61347613404725
2026-02-18,116.16863864951175
2026-02-19,116.49310373084059
2026-02-20,118.78970813462118
2026-02-23,121.99887057963912
2026-02-24,120.3081033199022
2026-02-25,120.0064521896043
2026-02-26,121.03561486944419
2026-02-27,122.62498679126587
2026-03-02,124.20928894619178
2026-03-03,114.27254583049644
2026-03-04,114.27254583049644
2026-03-05,114.27254583049644
2026-03-06,114.27254583049644
2026-03-09,114.27254583049644
2026-03-10,114.27254583049644
2026-03-11,114.27254583049644
2026-03-12,114.27254583049644
2026-03-13,114.27254583049644
2026-03-16,114.27254583049644
2026-03-17,114.27254583049644
2026-03-18,114.27254583049644
2026-03-19,114.27254583049644
2026-03-20,114.27254583049644
2026-03-23,114.27254583049644
2026-03-24,114.27254583049644
2026-03-25,114.27254583049644
2026-03-26,114.27254583049644
2026-03-27,114.27254583049644
2026-03-30,114.27254583049644
2026-03-31,114.27254583049644
2026-04-01,114.27254583049644
2026-04-02,112.07750652111253
2026-04-06,111.61814038740076
2026-04-07,112.70391488526488
2026-04-08,113.41384436463757
2026-04-09,114.29603614415217
2026-04-10,114.09245342580265
2026-04-13,113.63047725724029
2026-04-14,116.17004116690802
2026-04-15,114.96159503106405
2026-04-16,114.86241370673993
2026-04-17,116.38928409436134
2026-04-20,115.38703071171754
2026-04-21,112.11926707872266
2026-04-22,113.60437690873391
2026-04-23,112.502942201766
2026-04-24,113.07975990375631
2026-04-27,112.20278819394298
2026-04-28,110.11998038313637
2026-04-29,108.94546470035067
2026-04-30,110.57673648199749
2026-05-01,110.451454809167
2026-05-04,110.80597605151269
2026-05-05,118.0266331915329
2026-05-06,127.35994753083757
2026-05-07,126.49896737085523
2026-05-08,139.7030748663832
2026-05-11,145.2090068138335
2026-05-12,138.68292190371503
2026-05-13,142.640536588676
2026-05-14,148.86998127560727
2026-05-15,141.12115983576595
2026-05-18,136.09274629637298
2026-05-19,133.4446896698726
2026-05-20,142.45965840380566
2026-05-21,145.8746385341559
2026-05-22,150.38212290112244
2026-05-26,162.11026440810917
2026-05-27,159.94696131706104
2026-05-28,166.58880826549648
2026-05-29,177.54279114123858
2026-06-01,190.76860401895098
2026-06-02,193.38490983882966
2026-06-03,191.9215523463551
2026-06-04,188.95049319496744
2026-06-05,175.50711569743487
2026-06-08,175.50711569743487
2026-06-09,175.50711569743487
2026-06-10,175.50711569743487
2026-06-11,175.50711569743487
2026-06-12,175.50711569743487
