date,equity,holding,branch,cash,shares
2026-01-02,24192.327864737446,TQQQ,bull_trend,1301.317404837544,439
2026-01-05,24738.91253957265,TQQQ,bull_trend,1301.317404837544,439
2026-01-06,25355.460829825337,TQQQ,bull_trend,1301.317404837544,439
2026-01-07,25425.424445242817,TQQQ,bull_trend,1301.317404837544,439
2026-01-08,24996.901068777974,TQQQ,bull_trend,1301.317404837544,439
2026-01-09,25683.41129979604,TQQQ,bull_trend,1301.317404837544,439
2026-01-12,25740.25736531728,TQQQ,bull_trend,1301.317404837544,439
2026-01-13,25613.45103368276,TQQQ,bull_trend,1301.317404837544,439
2026-01-14,24839.48712071889,TQQQ,bull_trend,1301.317404837544,439
2026-01-15,25079.983908743794,TQQQ,bull_trend,1301.317404837544,439
2026-01-16,24975.036810965474,TQQQ,bull_trend,1301.317404837544,439
2026-01-20,23483.95170125478,TQQQ,bull_trend,1301.317404837544,439
2026-01-21,24358.490195364888,TQQQ,bull_trend,1301.317404837544,439
2026-01-22,24870.094737143452,TQQQ,bull_trend,1301.317404837544,439
2026-01-23,25079.983908743794,TQQQ,bull_trend,1301.317404837544,439
2026-01-26,25386.071795554097,TQQQ,bull_trend,1301.317404837544,439
2026-01-27,26024.484343619282,TQQQ,bull_trend,1301.317404837544,439
2026-01-28,26251.863581747944,TQQQ,bull_trend,1301.317404837544,439
2026-01-29,25805.84846410268,TQQQ,bull_trend,1301.317404837544,439
2026-01-30,24913.821578116353,TQQQ,bull_trend,1301.317404837544,439
2026-02-02,25394.815154166157,TQQQ,bull_trend,1301.317404837544,439
2026-02-03,24266.662322134907,TQQQ,bull_trend,1301.317404837544,439
2026-02-04,23059.802516074116,TQQQ,bull_trend,1301.317404837544,439
2026-02-05,22132.79214772695,TQQQ,bull_trend,1301.317404837544,439
2026-02-06,23422.73646840566,TQQQ,bull_trend,1301.317404837544,439
2026-02-09,23925.594302267964,TQQQ,bull_trend,1301.317404837544,439
2026-02-10,23610.7597075414,TQQQ,bull_trend,1301.317404837544,439
2026-02-11,23776.923712820942,TQQQ,bull_trend,1301.317404837544,439
2026-02-12,22403.89822682851,TQQQ,bull_trend,1301.317404837544,439
2026-02-13,22495.72610005849,TQQQ,bull_trend,1301.317404837544,439
2026-02-17,22443.25255116933,TQQQ,bull_trend,1301.317404837544,439
2026-02-18,22898.012702078755,TQQQ,bull_trend,1301.317404837544,439
2026-02-19,22653.143397421773,TQQQ,bull_trend,1301.317404837544,439
2026-02-20,23190.983038992817,TQQQ,bull_trend,1301.317404837544,439
2026-02-23,22395.15319356435,TQQQ,bull_trend,1301.317404837544,439
2026-02-24,23068.547549338276,TQQQ,bull_trend,1301.317404837544,439
2026-02-25,23982.438693137105,TQQQ,bull_trend,1301.317404837544,439
2026-02-26,23186.608847708638,TQQQ,bull_trend,1301.317404837544,439
2026-02-27,22954.858767599995,TQQQ,bull_trend,1301.317404837544,439
2026-03-02,23033.567416281636,TQQQ,bull_trend,1301.317404837544,439
2026-03-03,22333.93628606313,TQQQ,bull_trend,1301.317404837544,439
2026-03-04,23278.43504628652,TQQQ,bull_trend,1301.317404837544,439
2026-03-05,23077.292582602437,TQQQ,bull_trend,1301.317404837544,439
2026-03-06,22089.065306754048,TQQQ,bull_trend,1301.317404837544,439
2026-03-09,22898.012702078755,TQQQ,bull_trend,1301.317404837544,439
2026-03-10,22902.385218710835,TQQQ,bull_trend,1301.317404837544,439
2026-03-11,22880.520960898335,TQQQ,bull_trend,1301.317404837544,439
2026-03-12,21778.606577963765,TQQQ,bull_trend,1301.317404837544,439
2026-03-13,21385.06333455556,TQQQ,bull_trend,1301.317404837544,439
2026-03-16,22054.083499045308,TQQQ,bull_trend,1301.317404837544,439
2026-03-17,22360.17306050771,TQQQ,bull_trend,1301.317404837544,439
2026-03-18,21459.397791953023,TQQQ,bull_trend,1301.317404837544,439
2026-03-19,21280.11791142934,TQQQ,bull_trend,1301.317404837544,439
2026-03-20,20138.84920415395,TQQQ,bull_trend,1301.317404837544,439
2026-03-23,20775.973991238887,SPXL,bear_spy_oversold,1186.30629714709,103
2026-03-24,20378.916940806626,TECS,bear_relative_inverse,1184.9173070175639,99
2026-03-25,20123.650842784165,TECS,bear_relative_inverse,1184.9173070175639,99
2026-03-26,21910.510507701158,TECS,bear_relative_inverse,1184.9173070175639,99
2026-03-27,23137.747354624986,TECS,bear_relative_inverse,1184.9173070175639,99
2026-03-30,20683.60608662893,TECL,bear_tqqq_oversold,1142.1474608354729,255
2026-03-31,23193.168960469262,TECL,bear_tqqq_oversold,1142.1474608354729,255
2026-04-01,23371.028442151164,TECS,bear_relative_inverse,1283.4252317019454,113
2026-04-02,24794.78734561464,BSV,bear_relative_bond,1262.6911694671799,306
2026-04-06,24764.703757968156,BSV,bear_relative_bond,1262.6911694671799,306
2026-04-07,24791.7780530121,BSV,bear_relative_bond,1262.6911694671799,306
2026-04-08,24812.838432040422,BSV,bear_relative_bond,1262.6911694671799,306
2026-04-09,25252.78430985612,TQQQ,bull_trend,1268.6469006459156,491
2026-04-10,25355.655987254802,TQQQ,bull_trend,1268.6469006459156,491
2026-04-13,26085.566715709392,TQQQ,bull_trend,1268.6469006459156,491
2026-04-14,27432.7150006215,TQQQ,bull_trend,1268.6469006459156,491
2026-04-15,28530.029125682537,TQQQ,bull_trend,1268.6469006459156,491
2026-04-16,28912.13008164567,TQQQ,bull_trend,1268.6469006459156,491
2026-04-17,29970.25321244401,TQQQ,bull_trend,1268.6469006459156,491
2026-04-20,29863.319952906175,UVXY,bull_overbought,1500.520510614915,731
2026-04-21,29262.35645758889,TQQQ,bull_trend,1544.5753906943573,484
2026-04-22,30619.27131354592,TQQQ,bull_trend,1544.5753906943573,484
2026-04-23,30141.212750313498,TQQQ,bull_trend,1544.5753906943573,484
2026-04-24,31754.05988776467,TQQQ,bull_trend,1544.5753906943573,484
2026-04-27,31792.690304634787,TQQQ,bull_trend,1544.5753906943573,484
2026-04-28,30875.20359504006,TQQQ,bull_trend,1544.5753906943573,484
2026-04-29,31416.038662789084,TQQQ,bull_trend,1544.5753906943573,484
2026-04-30,32227.29034125588,TQQQ,bull_trend,1544.5753906943573,484
2026-05-01,33077.17612921975,TQQQ,bull_trend,1544.5753906943573,484
2026-05-04,32888.84846198342,TQQQ,bull_trend,1544.5753906943573,484
2026-05-05,34086.40800177834,TQQQ,bull_trend,1544.5753906943573,484
2026-05-06,36104.88282477639,TQQQ,bull_trend,1544.5753906943573,484
2026-05-07,36186.42873740025,UVXY,bull_overbought,1815.8685910684653,959
2026-05-08,36435.767127750594,UVXY,bull_overbought,1815.8685910684653,959
2026-05-11,37279.688152073104,UVXY,bull_overbought,1815.8685910684653,959
2026-05-12,36090.53020071812,UVXY,bull_overbought,1815.8685910684653,959
2026-05-13,36857.31546985247,TQQQ,bull_trend,1870.909296146412,454
2026-05-14,36034.35928093586,UVXY,bull_overbought,1844.4089864412308,965
2026-05-15,36352.80736672077,UVXY,bull_overbought,1844.4089864412308,965
2026-05-18,34706.70343436171,TQQQ,bull_trend,1784.4245647328062,444
2026-05-19,34090.95965994765,TQQQ,bull_trend,1784.4245647328062,444
2026-05-20,35676.82880057265,TQQQ,bull_trend,1784.4245647328062,444
2026-05-21,35871.739353551166,TQQQ,bull_trend,1784.4245647328062,444
2026-05-22,36265.99124564101,TQQQ,bull_trend,1784.4245647328062,444
2026-05-26,38086.63785208632,TQQQ,bull_trend,1784.4245647328062,444
2026-05-27,37962.60632742812,TQQQ,bull_trend,1784.4245647328062,444
2026-05-28,38852.99448050429,TQQQ,bull_trend,1784.4245647328062,444
2026-05-29,39242.818973912494,TQQQ,bull_trend,1784.4245647328062,444
2026-06-01,39898.42966116835,TQQQ,bull_trend,1784.4245647328062,444
2026-06-02,40421.147251500384,TQQQ,bull_trend,1784.4245647328062,444
2026-06-03,40166.70366505126,UVXY,bull_overbought,2042.8237650726223,1311
2026-06-04,41300.24022512933,TQQQ,bull_trend,2104.0662367870464,461
2026-06-05,35702.757910065855,TQQQ,bull_trend,2104.0662367870464,461
2026-06-08,37183.76683645746,TQQQ,bull_trend,2104.0662367870464,461
2026-06-09,36010.916601472105,TQQQ,bull_trend,2104.0662367870464,461
2026-06-10,33964.17747335931,TQQQ,bull_trend,2104.0662367870464,461
2026-06-11,37064.183706574644,TQQQ,bull_trend,2104.0662367870464,461
2026-06-12,37758.69087057611,TQQQ,bull_trend,2104.0662367870464,461
2026-06-15,41010.47271566888,TQQQ,bull_trend,2104.0662367870464,461
2026-06-16,38867.152624421324,TQQQ,bull_trend,2104.0662367870464,461
2026-06-17,37767.89173727533,TQQQ,bull_trend,2104.0662367870464,461
2026-06-18,40219.377554230894,TQQQ,bull_trend,2104.0662367870464,461
2026-06-22,40085.99664145013,TQQQ,bull_trend,2104.0662367870464,461
2026-06-23,36342.0774596264,TQQQ,bull_trend,2104.0662367870464,461
2026-06-24,35895.3676436474,TQQQ,bull_trend,2104.0662367870464,461
2026-06-25,36656.014829926695,TQQQ,bull_trend,2104.0662367870464,461
2026-06-26,35217.69708090326,TQQQ,bull_trend,2104.0662367870464,461
2026-06-29,37688.65736227533,TQQQ,bull_trend,2104.0662367870464,461
2026-06-30,39445.06623678705,TQQQ,bull_trend,2104.0662367870464,461
2026-07-01,37813.12581472894,TQQQ,bull_trend,2104.0662367870464,461
2026-07-02,35918.41553335687,TQQQ,bull_trend,2104.0662367870464,461
2026-07-06,37333.685392670835,TQQQ,bull_trend,2104.0662367870464,461
2026-07-07,35402.09778433343,TQQQ,bull_trend,2104.0662367870464,461
2026-07-08,35627.98679953119,TQQQ,bull_trend,2104.0662367870464,461
2026-07-09,37296.804548554624,TQQQ,bull_trend,2104.0662367870464,461
2026-07-10,37614.895674042906,TQQQ,bull_trend,2104.0662367870464,461
2026-07-13,35591.105955414976,TQQQ,bull_trend,2104.0662367870464,461
2026-07-14,36688.28468924066,TQQQ,bull_trend,2104.0662367870464,461
2026-07-15,36420.90736227533,TQQQ,bull_trend,2104.0662367870464,461
2026-07-16,34715.2052519848,TQQQ,bull_trend,2104.0662367870464,461
2026-07-17,33235.395674042906,TQQQ,bull_trend,2104.0662367870464,461
2026-07-20,33290.71694021722,TQQQ,bull_trend,2104.0662367870464,461
2026-07-21,35005.63750296136,TQQQ,bull_trend,2104.0662367870464,461
2026-07-22,34503.145674042906,TQQQ,bull_trend,2104.0662367870464,461
2026-07-23,32668.367643647398,TQQQ,bull_trend,2104.0662367870464,461
2026-07-24,31608.066236787046,TQQQ,bull_trend,2104.0662367870464,461
2026-07-27,31331.466940217222,TQQQ,bull_trend,2104.0662367870464,461
2026-07-28,30483.226869874205,TQQQ,bull_trend,2104.0662367870464,461
2026-07-29,28726.816236787046,TQQQ,bull_trend,2104.0662367870464,461
2026-07-30,31285.36588507196,TQQQ,bull_trend,2104.0662367870464,461
2026-07-31,31893.887502961363,TQQQ,bull_trend,2104.0662367870464,461
2026-08-03,33433.62581472894,TQQQ,bull_trend,2104.0662367870464,461
2026-08-04,36596.08609610101,TQQQ,bull_trend,2104.0662367870464,461
2026-08-05,35683.304548554624,TQQQ,bull_trend,2104.0662367870464,461
2026-08-06,35309.895674042906,TQQQ,bull_trend,2104.0662367870464,461
2026-08-07,36434.73679953119,TQQQ,bull_trend,2104.0662367870464,461
2026-08-10,36125.8676436474,TQQQ,bull_trend,2104.0662367870464,461
2026-08-11,35784.725111298765,TQQQ,bull_trend,2104.0662367870464,461
2026-08-12,36494.66553335687,TQQQ,bull_trend,2104.0662367870464,461
2026-08-13,37670.21694021722,TQQQ,bull_trend,2104.0662367870464,461
2026-08-14,37504.25665884515,TQQQ,bull_trend,2104.0662367870464,461
2026-08-17,37324.46694021722,TQQQ,bull_trend,2104.0662367870464,461
2026-08-18,35540.395674042906,TQQQ,bull_trend,2104.0662367870464,461
2026-08-19,35323.725111298765,TQQQ,bull_trend,2104.0662367870464,461
2026-08-20,34595.34778433343,TQQQ,bull_trend,2104.0662367870464,461
2026-08-21,34913.435392670835,TQQQ,bull_trend,2104.0662367870464,461
2026-08-24,33917.67722158929,TQQQ,bull_trend,2104.0662367870464,461
2026-08-25,34498.53468924066,TQQQ,bull_trend,2104.0662367870464,461
2026-08-26,34590.73679953119,TQQQ,bull_trend,2104.0662367870464,461
2026-08-27,35895.3676436474,TQQQ,bull_trend,2104.0662367870464,461
2026-08-28,35226.91553335687,TQQQ,bull_trend,2104.0662367870464,461
2026-08-31,35259.185392670835,TQQQ,bull_trend,2104.0662367870464,461
2026-09-01,33982.21694021722,TQQQ,bull_trend,2104.0662367870464,461
2026-09-02,34189.66553335687,TQQQ,bull_trend,2104.0662367870464,461
2026-09-03,35309.895674042906,TQQQ,bull_trend,2104.0662367870464,461
2026-09-04,35466.63750296136,TQQQ,bull_trend,2104.0662367870464,461
