opened,closed,px_open,px_close,long_strike,short_strike,long_delta,short_delta,expiration,dte,days_held,contracts,debit,cost,entry_equity,equity_fraction,value_at_close,gross_pnl,fees,net_pnl,reason,multiple
2013-01-04,2013-01-24,66.63,66.66,69.0,70.0,0.17496,0.09201,2013-02-01,28,20,10,0.15,150.0,12330.0,0.012165450121654502,0.0,-150.0,26.0,-176.0,SL,0.0
2013-01-11,2013-01-24,67.26,66.66,70.0,71.0,0.17373,0.08267,2013-02-16,36,13,10,0.14,140.00000000000003,12297.0,0.011384890623729367,0.009999999999999998,-130.0,26.0,-156.0,SL,0.07142857142857141
2013-01-18,2013-02-15,67.07,67.75,69.0,71.0,0.23352,0.05324,2013-02-22,35,28,10,0.29000000000000004,290.00000000000006,12114.0,0.02393924385009081,0.03,-260.0,26.0,-286.0,SL,0.10344827586206895
2013-02-01,2013-02-20,67.66,67.19,69.0,71.0,0.27069,0.04684,2013-03-01,28,19,10,0.32999999999999996,329.99999999999994,11885.0,0.027766091712242317,0.03,-299.99999999999994,26.0,-325.99999999999994,SL,0.09090909090909091
2013-02-15,2013-03-18,67.75,68.36,69.5,71.0,0.2173,0.07313,2013-03-22,35,31,10,0.25,250.0,11489.0,0.021759944294542605,0.04,-210.0,26.0,-236.0,SL,0.16
2013-02-22,2013-03-28,67.139,68.97,69.0,71.0,0.2191,0.03888,2013-03-28,34,34,10,0.28,280.00000000000006,11213.0,0.02497101578524927,0.0,-280.00000000000006,26.0,-306.00000000000006,EXP,0.0
2013-03-01,2013-04-03,67.38,68.41,69.5,70.5,0.19257,0.08024,2013-04-05,35,33,10,0.18,180.0,11120.0,0.01618705035971223,0.019999999999999997,-160.0,26.0,-186.0,SL,0.1111111111111111
2013-03-22,2013-04-05,68.59,67.861,71.0,72.0,0.16595,0.06609,2013-04-26,35,14,10,0.15,150.0,11011.0,0.013622740895468168,0.010000000000000002,-139.99999999999997,26.0,-165.99999999999997,SL,0.06666666666666668
2013-03-15,2013-04-17,68.51,68.115,70.0,72.0,0.25908,0.06428,2013-04-20,36,33,10,0.29000000000000004,290.00000000000006,11177.0,0.02594613939339716,0.0,-290.00000000000006,26.0,-316.00000000000006,SL,0.0
2013-03-28,2013-04-18,68.97,67.169,71.0,72.5,0.21179,0.06328,2013-05-03,36,21,10,0.24000000000000002,240.00000000000003,10715.0,0.02239850676621559,0.0,-240.00000000000003,26.0,-266.0,SL,0.0
2013-04-19,2013-05-24,68.09,73.41,70.0,72.0,0.25684,0.0897,2013-05-24,35,35,10,0.38999999999999996,389.99999999999994,9910.0,0.03935418768920282,1.8900000000000001,1500.0000000000002,26.0,1474.0000000000002,EXP,4.846153846153847
2013-04-26,2013-05-30,69.57,73.93,72.0,73.0,0.18804,0.08672,2013-05-31,35,34,10,0.17,170.0,10127.0,0.016786807544188802,0.8899999999999999,719.9999999999999,26.0,693.9999999999999,TP,5.235294117647058
2013-05-03,2013-06-05,72.12,72.05,74.0,76.0,0.25539,0.06893,2013-06-07,35,33,10,0.35,350.0,11184.0,0.03129470672389127,0.01,-340.0,26.0,-366.0,SL,0.028571428571428574
2013-06-07,2013-06-20,73.39,71.025,75.0,77.0,0.24855,0.06374,2013-07-05,28,13,10,0.32,320.0,11712.0,0.0273224043715847,0.0,-320.0,26.0,-346.0,SL,0.0
2013-06-21,2013-07-26,70.43,75.37,73.0,75.0,0.23006,0.07948,2013-07-26,35,35,10,0.37,370.0,11366.0,0.032553228928382895,1.9600000000000002,1590.0000000000002,26.0,1564.0000000000002,EXP,5.297297297297298
2013-07-05,2013-08-01,72.58,76.54,75.0,76.0,0.17107,0.07208,2013-08-02,28,27,10,0.15,150.0,11553.0,0.012983640612827837,0.89,740.0,26.0,714.0,TP,5.933333333333334
2013-08-02,2013-08-15,76.97,75.51,79.0,81.0,0.21183,0.05632,2013-09-06,35,13,10,0.29000000000000004,290.00000000000006,13741.0,0.021104723091478064,0.02,-270.0,26.0,-296.0,SL,0.06896551724137931
2013-07-26,2013-08-19,75.37,75.35,78.0,79.0,0.14455,0.07204,2013-08-30,35,24,10,0.14,140.00000000000003,13247.0,0.010568430588057676,0.02,-120.00000000000001,26.0,-146.0,SL,0.14285714285714285
2013-08-09,2013-08-21,76.49,75.42,78.0,80.0,0.27086,0.07734,2013-09-06,28,12,10,0.33,330.0,13428.0,0.024575513851653262,0.05,-280.00000000000006,26.0,-306.00000000000006,SL,0.15151515151515152
2013-08-23,2013-09-27,76.67,79.07,79.0,81.0,0.20039,0.05958,2013-09-27,35,35,10,0.28,280.00000000000006,12896.0,0.021712158808933006,0.09000000000000001,-190.0,26.0,-216.0,EXP,0.32142857142857145
2013-08-30,2013-10-04,75.47,79.4,78.0,80.0,0.23331,0.08008,2013-10-04,35,35,10,0.35,350.0,12703.0,0.027552546642525388,1.36,1010.0000000000002,26.0,984.0000000000002,EXP,3.885714285714286
2013-09-06,2013-10-04,76.93,79.4,79.0,81.0,0.22189,0.06622,2013-10-04,28,28,10,0.29,289.99999999999994,12860.0,0.022550544323483666,0.36,70.00000000000001,26.0,44.000000000000014,EXP,1.2413793103448276
2013-09-13,2013-10-09,78.06,76.98,80.0,82.0,0.24973,0.08463,2013-10-19,36,26,10,0.32999999999999996,329.99999999999994,13187.0,0.02502464548418897,0.05,-279.99999999999994,26.0,-305.99999999999994,SL,0.15151515151515155
2013-10-04,2013-10-09,79.4,76.98,82.0,84.0,0.19442,0.06412,2013-11-01,28,5,10,0.28,280.00000000000006,13839.0,0.020232675771370768,0.04,-240.00000000000003,26.0,-266.0,SL,0.14285714285714285
2013-09-20,2013-10-25,78.985,82.9,81.0,83.0,0.24074,0.08009,2013-10-25,35,35,10,0.32999999999999996,329.99999999999994,14144.0,0.023331447963800902,1.83,1500.0,26.0,1474.0,EXP,5.545454545454547
2013-09-27,2013-11-01,79.07,82.78,81.5,83.5,0.21798,0.07784,2013-11-01,35,35,10,0.32999999999999996,329.99999999999994,13808.0,0.023899188876013902,1.22,890.0,26.0,864.0,EXP,3.6969696969696972
2013-10-11,2013-11-14,79.21,83.77,82.0,84.0,0.20832,0.08169,2013-11-16,36,34,10,0.30999999999999994,309.99999999999994,12850.0,0.024124513618677037,1.62,1310.0,26.0,1284.0,TP,5.225806451612905
2013-11-01,2013-12-06,82.78,86.0,85.0,87.0,0.2295,0.0795,2013-12-06,35,35,10,0.30999999999999994,309.99999999999994,16121.0,0.019229576329011844,0.97,660.0,26.0,634.0,EXP,3.1290322580645165
2013-11-22,2013-12-27,83.99,87.52,86.0,88.0,0.23417,0.05442,2013-12-27,35,35,10,0.31,310.0,16685.0,0.0185795624812706,1.49,1180.0,26.0,1154.0,EXP,4.806451612903226
2013-12-20,2014-01-13,86.5,86.01,89.0,91.0,0.21231,0.0754,2014-01-24,35,24,10,0.3,300.0,17779.0,0.01687383992350526,0.02,-279.99999999999994,26.0,-305.99999999999994,SL,0.06666666666666667
2013-12-27,2014-01-13,87.52,86.01,90.0,92.0,0.21683,0.07865,2014-01-31,35,17,10,0.31,310.0,18593.0,0.01667294142957027,0.030000000000000002,-279.99999999999994,26.0,-305.99999999999994,SL,0.09677419354838711
2014-01-31,2014-03-07,86.27,90.53,89.5,92.0,0.20777,0.07465,2014-03-07,35,35,10,0.4,400.0,17934.0,0.02230400356864057,0.48000000000000004,80.00000000000001,26.0,54.000000000000014,EXP,1.2
2014-02-07,2014-03-12,87.3,90.56,90.5,92.0,0.19511,0.08606,2014-03-14,35,33,10,0.27,270.0,17881.0,0.015099826631620156,0.0,-270.0,26.0,-296.0,SL,0.0
2014-02-14,2014-03-13,89.81,89.28,92.0,95.0,0.25368,0.07447,2014-03-22,36,27,10,0.42000000000000004,420.00000000000006,18638.0,0.02253460671745896,0.04,-380.00000000000006,26.0,-406.00000000000006,SL,0.09523809523809523
2014-02-28,2014-03-21,90.34,89.0,92.63,95.63,0.24199,0.05312,2014-04-04,35,21,10,0.46,460.0,17695.0,0.025996044080248658,0.010000000000000002,-450.0,26.0,-476.0,SL,0.02173913043478261
2014-03-07,2014-03-21,90.53,89.0,93.0,95.0,0.22557,0.08618,2014-04-11,35,14,10,0.33999999999999997,340.0,17629.0,0.019286403085824494,0.0,-340.0,26.0,-366.0,SL,0.0
2014-03-21,2014-03-28,89.0,87.05,92.0,94.0,0.21504,0.09419,2014-04-25,35,7,10,0.34,340.0,16444.0,0.02067623449282413,0.05,-290.00000000000006,26.0,-316.00000000000006,SL,0.14705882352941177
2014-03-28,2014-04-11,87.05,84.11,90.5,93.0,0.21081,0.06903,2014-05-02,35,14,10,0.37,370.0,16128.0,0.022941468253968252,0.019999999999999997,-350.0,26.0,-376.0,SL,0.05405405405405404
2014-04-04,2014-04-23,86.37,86.76,90.0,92.5,0.19691,0.07538,2014-05-09,35,19,10,0.41000000000000003,410.0,15905.0,0.025778057214712356,0.039999999999999994,-370.00000000000006,26.0,-396.00000000000006,SL,0.09756097560975607
2014-04-11,2014-05-15,84.11,87.135,88.0,91.0,0.22165,0.07524,2014-05-17,36,34,10,0.43999999999999995,439.99999999999994,15419.0,0.02853622154484726,0.049999999999999996,-389.99999999999994,26.0,-415.99999999999994,SL,0.11363636363636365
2014-04-17,2014-05-15,86.2,87.135,89.5,92.5,0.22239,0.07252,2014-05-23,36,28,10,0.4700000000000001,470.00000000000006,15706.0,0.02992486947663314,0.060000000000000005,-410.00000000000006,26.0,-436.00000000000006,SL,0.1276595744680851
2014-04-25,2014-05-30,86.19,91.31,89.5,92.0,0.21823,0.07177,2014-05-30,35,35,10,0.4,400.0,15250.0,0.02622950819672131,1.77,1370.0,26.0,1344.0,EXP,4.425
2014-05-02,2014-06-06,87.49,92.82,90.5,93.0,0.22755,0.07048,2014-06-06,35,35,10,0.39,390.0,15567.0,0.02505299672383889,2.18,1790.0,26.0,1764.0,EXP,5.58974358974359
2014-05-09,2014-06-06,86.8,92.82,90.0,92.0,0.19387,0.08051,2014-06-13,35,28,10,0.31999999999999995,319.99999999999994,14234.0,0.022481382605030204,1.67,1350.0,26.0,1324.0,TP,5.218750000000001
2014-05-16,2014-06-10,87.71,92.91,90.63,92.63,0.20273,0.06358,2014-06-21,36,25,10,0.28,280.00000000000006,13955.0,0.020064493013256902,1.52,1240.0,26.0,1214.0,TP,5.428571428571428
2014-05-23,2014-06-27,89.88,93.75,92.5,94.0,0.18806,0.08212,2014-06-27,35,35,10,0.25,250.0,15482.0,0.016147784523963312,1.15,899.9999999999999,26.0,873.9999999999999,EXP,4.6
2014-05-30,2014-07-03,91.31,95.7,93.5,95.5,0.23018,0.07874,2014-07-03,34,34,10,0.33999999999999997,340.0,18066.0,0.018819882652496404,1.9100000000000001,1570.0000000000002,26.0,1544.0000000000002,EXP,5.617647058823531
2014-06-20,2014-07-23,92.77,97.227,95.0,97.0,0.23326,0.06279,2014-07-25,35,33,10,0.32,320.0,20384.0,0.015698587127158554,1.68,1360.0,26.0,1334.0,TP,5.25
2014-07-03,2014-07-31,95.7,95.02,98.0,99.5,0.21297,0.07019,2014-08-08,36,28,10,0.24,240.0,23552.0,0.010190217391304348,0.030000000000000002,-210.0,26.0,-236.0,SL,0.12500000000000003
2014-06-27,2014-08-01,93.75,94.67,96.0,98.0,0.20998,0.06387,2014-08-01,35,35,10,0.3,300.0,21188.0,0.014158957900698509,0.0,-300.0,26.0,-326.0,EXP,0.0
2014-07-18,2014-08-05,96.12,94.59,98.5,100.5,0.22644,0.06286,2014-08-22,35,18,10,0.36,360.0,23729.0,0.015171309368283535,0.05,-310.0,26.0,-336.0,SL,0.1388888888888889
2014-08-01,2014-09-05,94.67,99.89,98.0,100.0,0.2051,0.07688,2014-09-05,35,35,10,0.33,330.0,23057.0,0.014312356334301947,1.8699999999999999,1539.9999999999998,26.0,1513.9999999999998,EXP,5.666666666666666
2014-08-08,2014-09-12,94.9,99.48,98.0,100.5,0.22239,0.06758,2014-09-12,35,35,10,0.44000000000000006,440.00000000000006,22911.0,0.019204748810614992,1.48,1040.0,26.0,1014.0,EXP,3.3636363636363633
2014-08-15,2014-09-19,97.4,99.98,99.63,101.63,0.24727,0.07506,2014-09-20,36,35,10,0.36,360.0,23598.0,0.015255530129672006,0.35,-10.000000000000009,26.0,-36.00000000000001,EXP,0.9722222222222222
2014-08-22,2014-09-22,99.05,99.05,101.5,103.0,0.20278,0.08987,2014-09-26,35,31,10,0.24000000000000002,240.00000000000003,24855.0,0.009656004828002416,0.01,-230.0,26.0,-256.0,SL,0.041666666666666664
2014-08-29,2014-09-22,99.78,99.05,102.0,104.0,0.22723,0.07739,2014-10-03,35,24,10,0.32,320.0,25622.0,0.012489267036140816,0.039999999999999994,-280.00000000000006,26.0,-306.00000000000006,SL,0.12499999999999997
2014-09-12,2014-10-01,99.48,97.21,102.0,104.0,0.22456,0.08707,2014-10-18,36,19,10,0.32999999999999996,329.99999999999994,25333.0,0.013026487190620927,0.05,-279.99999999999994,26.0,-305.99999999999994,SL,0.15151515151515155
2014-09-19,2014-10-01,99.98,97.21,102.5,105.0,0.22235,0.06399,2014-10-24,35,12,10,0.4,400.0,25067.0,0.01595723461124187,0.060000000000000005,-340.0,26.0,-366.0,SL,0.15
2014-09-26,2014-10-10,98.78,94.44,102.0,104.5,0.22287,0.07126,2014-10-31,35,14,10,0.42,420.0,24518.0,0.017130271637164532,0.020000000000000004,-400.0,26.0,-426.0,SL,0.04761904761904763
2014-10-03,2014-10-10,98.17,94.44,102.0,104.5,0.19814,0.06594,2014-11-07,35,7,10,0.38,380.0,24039.0,0.015807645908731644,0.04,-340.0,26.0,-366.0,SL,0.10526315789473684
2014-10-10,2014-10-16,94.44,91.79,99.0,102.0,0.20809,0.07687,2014-11-14,35,6,10,0.51,510.0,23470.0,0.021729867916489135,0.04999999999999999,-460.0,26.0,-486.0,SL,0.09803921568627448
2014-10-17,2014-11-10,93.0,101.96,97.0,100.0,0.22489,0.07982,2014-11-22,36,24,10,0.5,500.0,22984.0,0.0217542638357118,2.67,2170.0,26.0,2144.0,TP,5.34
2014-10-24,2014-11-25,98.62,104.84,102.5,105.0,0.19614,0.06531,2014-11-28,35,32,10,0.38,380.0,24181.0,0.015714817418634466,2.12,1740.0000000000002,26.0,1714.0000000000002,TP,5.578947368421053
2014-10-31,2014-12-05,101.4,105.38,105.0,107.0,0.18371,0.08076,2014-12-05,35,35,10,0.29,289.99999999999994,25128.0,0.011540910538045207,0.39999999999999997,109.99999999999999,26.0,83.99999999999999,EXP,1.379310344827586
2014-11-07,2014-12-12,101.6,102.67,104.5,107.0,0.21522,0.07113,2014-12-12,35,35,10,0.37,370.0,25005.0,0.014797040591881624,0.0,-370.0,26.0,-396.0,EXP,0.0
2014-11-21,2014-12-15,103.87,101.61,106.5,108.5,0.22139,0.08809,2014-12-26,35,24,10,0.36,360.0,26359.0,0.013657574263060055,0.02,-340.0,26.0,-366.0,SL,0.05555555555555556
2014-12-12,2015-01-02,102.67,102.94,107.0,109.63,0.19985,0.07368,2015-01-17,36,21,10,0.39,390.0,26267.0,0.014847527315643202,0.039999999999999994,-350.0,26.0,-376.0,SL,0.10256410256410255
2014-12-19,2015-01-02,104.32,102.94,108.0,110.5,0.20469,0.06696,2015-01-23,35,14,10,0.43,430.0,26141.0,0.016449255958073523,0.010000000000000002,-420.0,26.0,-446.0,SL,0.023255813953488375
2014-12-26,2015-01-02,105.04,102.94,108.5,111.0,0.20206,0.0589,2015-01-30,35,7,10,0.43,430.0,25988.0,0.016546098199168847,0.06,-370.0,26.0,-396.0,SL,0.13953488372093023
2015-01-02,2015-01-15,102.94,99.65,107.0,109.5,0.19573,0.06828,2015-02-06,35,13,10,0.38,380.0,24946.0,0.015232903070632567,0.04,-340.0,26.0,-366.0,SL,0.10526315789473684
2015-01-09,2015-01-28,102.62,100.92,106.5,109.0,0.20577,0.07312,2015-02-13,35,19,10,0.42000000000000004,420.00000000000006,24723.0,0.016988229583788376,0.020000000000000004,-400.0,26.0,-426.0,SL,0.04761904761904762
2015-01-16,2015-02-20,100.82,108.41,105.0,108.0,0.21585,0.07484,2015-02-20,35,35,10,0.49,490.0,24307.0,0.020158801991195952,2.8200000000000003,2330.0,26.0,2304.0,EXP,5.755102040816327
2015-01-30,2015-03-06,101.1,107.41,105.5,108.5,0.20405,0.06924,2015-03-06,35,35,10,0.54,540.0,23961.0,0.022536622010767497,1.95,1410.0,26.0,1384.0,EXP,3.6111111111111107
2015-02-13,2015-03-10,106.91,105.72,110.0,112.0,0.21254,0.07447,2015-03-20,35,25,10,0.31,310.0,26965.0,0.011496384201743001,0.030000000000000002,-279.99999999999994,26.0,-305.99999999999994,SL,0.09677419354838711
2015-02-20,2015-03-10,108.41,105.72,111.0,114.0,0.25546,0.05917,2015-03-27,35,18,10,0.49000000000000005,490.00000000000006,29149.0,0.016810182167484308,0.020000000000000004,-470.0,26.0,-496.0,SL,0.04081632653061225
2015-02-27,2015-03-10,108.4,105.72,111.0,114.0,0.22999,0.05594,2015-04-02,34,11,10,0.46,460.0,28976.0,0.015875207067918277,0.05,-410.0,26.0,-436.0,SL,0.10869565217391304
2015-02-06,2015-03-11,103.13,105.11,107.0,109.5,0.20749,0.07439,2015-03-13,35,33,10,0.43000000000000005,430.00000000000006,24108.0,0.01783640285382446,0.03,-400.0,26.0,-426.0,SL,0.0697674418604651
2015-03-06,2015-03-13,107.41,105.34,111.0,113.0,0.19852,0.07544,2015-04-10,35,7,10,0.33999999999999997,340.0,27650.0,0.012296564195298372,0.030000000000000006,-309.99999999999994,26.0,-335.99999999999994,SL,0.08823529411764708
2015-03-20,2015-03-25,108.53,105.46,111.5,114.0,0.22521,0.06339,2015-04-24,35,5,10,0.4,400.0,25842.0,0.015478678120888476,0.05,-350.0,26.0,-376.0,SL,0.125
2015-03-27,2015-04-30,105.52,107.63,109.0,111.5,0.22039,0.07566,2015-05-01,35,34,10,0.48,480.0,25466.0,0.018848660959710987,0.04,-440.0,26.0,-466.0,SL,0.08333333333333334
2015-04-24,2015-04-30,110.54,107.63,113.5,116.0,0.20861,0.04878,2015-05-29,35,6,10,0.39,390.0,28327.0,0.013767783386874713,0.04000000000000001,-350.0,26.0,-376.0,SL,0.10256410256410257
2015-04-02,2015-05-06,105.12,106.71,109.0,111.5,0.19736,0.06512,2015-05-08,36,34,10,0.38,380.0,25193.0,0.015083554955741674,0.02,-360.0,26.0,-386.0,SL,0.05263157894736842
2015-04-17,2015-05-22,106.01,110.47,109.5,112.0,0.22087,0.05965,2015-05-22,35,35,10,0.44000000000000006,440.00000000000006,24960.0,0.01762820512820513,0.96,519.9999999999999,26.0,493.9999999999999,EXP,2.1818181818181817
2015-05-01,2015-05-26,109.05,109.2,112.0,114.5,0.22794,0.06502,2015-06-05,35,25,10,0.46,460.0,25378.0,0.018125935849948774,0.06,-400.0,26.0,-426.0,SL,0.13043478260869565
2015-05-08,2015-06-05,108.69,109.3,112.0,114.0,0.20028,0.06939,2015-06-12,35,28,10,0.33999999999999997,340.0,24062.0,0.014130163743662206,0.03,-309.99999999999994,26.0,-335.99999999999994,SL,0.08823529411764706
2015-05-22,2015-06-05,110.47,109.3,113.5,115.0,0.20293,0.08412,2015-06-26,35,14,10,0.27,270.0,24493.0,0.01102355775119422,0.04000000000000001,-230.0,26.0,-256.0,SL,0.14814814814814817
2015-05-15,2015-06-08,109.58,108.19,113.0,114.63,0.17189,0.08118,2015-06-19,35,24,10,0.24000000000000002,240.00000000000003,24179.0,0.009925968815914638,0.009999999999999998,-230.0,26.0,-256.0,SL,0.04166666666666666
2015-05-29,2015-06-09,110.05,108.01,113.0,115.5,0.22617,0.06371,2015-07-02,34,11,10,0.42,420.0,23967.0,0.017524095631493302,0.030000000000000006,-389.99999999999994,26.0,-415.99999999999994,SL,0.07142857142857144
2015-06-05,2015-06-26,109.3,109.27,112.5,114.5,0.2096,0.07466,2015-07-10,35,21,10,0.38,380.0,23248.0,0.016345492085340675,0.06,-320.0,26.0,-346.0,SL,0.15789473684210525
2015-06-19,2015-06-29,109.89,106.69,113.0,115.0,0.21753,0.07932,2015-07-24,35,10,10,0.37,370.0,22956.0,0.016117790555845966,0.04,-330.0,26.0,-356.0,SL,0.10810810810810811
2015-06-12,2015-07-06,108.75,107.7,112.0,114.0,0.20475,0.07174,2015-07-17,35,24,10,0.30999999999999994,309.99999999999994,22769.0,0.01361500285475866,0.02,-289.99999999999994,26.0,-315.99999999999994,SL,0.06451612903225808
2015-06-26,2015-07-08,109.27,106.09,112.5,114.5,0.20734,0.07345,2015-07-31,35,12,10,0.4,400.0,22380.0,0.017873100983020553,0.04000000000000001,-360.0,26.0,-386.0,SL,0.10000000000000002
2015-07-17,2015-07-27,113.59,110.18,116.0,119.0,0.26093,0.055,2015-08-21,35,10,10,0.49000000000000005,490.00000000000006,22715.0,0.02157164869029276,0.06999999999999999,-420.00000000000006,26.0,-446.00000000000006,SL,0.14285714285714282
2015-07-24,2015-08-11,111.1,110.14,114.5,117.0,0.21933,0.07144,2015-08-28,35,18,10,0.48,480.0,21762.0,0.022056796250344637,0.06,-420.0,26.0,-446.0,SL,0.125
2015-07-10,2015-08-13,107.65,110.34,111.5,114.0,0.20143,0.06779,2015-08-14,35,34,10,0.44000000000000006,440.00000000000006,21638.0,0.02033459654311859,0.019999999999999997,-420.00000000000006,26.0,-446.00000000000006,SL,0.04545454545454544
2015-07-31,2015-08-14,111.95,110.51,115.0,117.5,0.2259,0.06636,2015-09-04,35,14,10,0.43,430.0,21646.0,0.0198651020973852,0.06,-370.0,26.0,-396.0,SL,0.13953488372093023
2015-08-07,2015-08-20,110.31,107.08,114.0,116.0,0.21723,0.07733,2015-09-11,35,13,10,0.4,400.0,20363.0,0.019643471001325935,0.020000000000000004,-380.0,26.0,-406.0,SL,0.05000000000000001
2015-08-14,2015-08-21,110.51,102.4,114.0,116.0,0.21207,0.08515,2015-09-18,35,7,10,0.39,390.0,19731.0,0.019765850691804775,0.04,-350.0,26.0,-376.0,SL,0.10256410256410256
2015-08-28,2015-09-01,105.62,101.05,111.5,115.0,0.2003,0.06812,2015-10-02,35,4,10,0.66,660.0,19122.0,0.03451521807342328,0.1,-560.0000000000001,26.0,-586.0000000000001,SL,0.15151515151515152
2015-09-11,2015-09-25,105.57,102.92,110.0,114.0,0.24068,0.05352,2015-10-16,35,14,10,0.72,720.0,18783.0,0.03833253473885961,0.06999999999999999,-650.0,26.0,-676.0,SL,0.09722222222222221
2015-09-04,2015-09-28,102.16,99.98,108.0,112.0,0.21742,0.06335,2015-10-09,35,24,10,0.76,760.0,18536.0,0.041001294777729826,0.04,-720.0,26.0,-746.0,SL,0.05263157894736842
2015-09-18,2015-09-28,105.35,99.98,110.5,113.0,0.20541,0.07101,2015-10-23,35,10,10,0.52,520.0,18370.0,0.028307022318998367,0.030000000000000002,-490.0,26.0,-516.0,SL,0.057692307692307696
2015-09-25,2015-10-29,102.92,113.84,108.5,111.5,0.19393,0.06896,2015-10-30,35,34,10,0.52,520.0,16774.0,0.031000357696434958,2.82,2299.9999999999995,26.0,2273.9999999999995,TP,5.4230769230769225
2015-10-02,2015-11-06,104.01,114.79,109.0,112.0,0.22278,0.08548,2015-11-06,35,35,10,0.5900000000000001,590.0000000000001,16535.0,0.03568188690656184,2.1599999999999997,1569.9999999999998,26.0,1543.9999999999998,EXP,3.6610169491525415
2015-10-30,2015-11-13,113.33,109.84,117.0,120.0,0.22425,0.06802,2015-12-04,35,14,10,0.52,520.0,21486.0,0.02420180582705017,0.04,-480.00000000000006,26.0,-506.00000000000006,SL,0.07692307692307693
2015-11-06,2015-11-13,114.79,109.84,118.5,121.0,0.20648,0.06778,2015-12-11,35,7,10,0.4,400.0,21500.0,0.018604651162790697,0.02,-380.0,26.0,-406.0,SL,0.049999999999999996
2015-10-16,2015-11-20,108.12,114.48,112.0,114.0,0.20062,0.0842,2015-11-20,35,35,10,0.36,360.0,17452.0,0.0206280082512033,1.8599999999999999,1500.0,26.0,1474.0,EXP,5.166666666666666
2015-11-20,2015-12-03,114.48,112.51,118.0,120.5,0.21465,0.07037,2015-12-24,34,13,10,0.45000000000000007,450.00000000000006,21825.0,0.02061855670103093,0.06999999999999999,-380.00000000000006,26.0,-406.00000000000006,SL,0.15555555555555553
2015-11-13,2015-12-17,109.84,112.32,114.63,118.0,0.2039,0.06655,2015-12-18,35,34,10,0.5,500.0,19411.0,0.02575859048992839,0.0,-500.0,26.0,-526.0,SL,0.0
2015-11-27,2015-12-17,114.31,112.32,118.0,120.0,0.18263,0.08148,2015-12-31,34,20,10,0.33999999999999997,340.0,21412.0,0.015878946385204557,0.02,-319.99999999999994,26.0,-345.99999999999994,SL,0.05882352941176471
2015-12-11,2016-01-04,110.79,109.5,116.0,119.63,0.20074,0.06551,2016-01-15,35,24,10,0.54,540.0,19996.0,0.027005401080216044,0.019999999999999997,-520.0,26.0,-546.0,SL,0.03703703703703703
2015-12-24,2016-01-05,112.59,109.31,116.5,119.5,0.21344,0.06379,2016-01-29,36,12,10,0.5,500.0,19574.0,0.025544089097782774,0.06,-440.0,26.0,-466.0,SL,0.12
2015-12-18,2016-01-06,109.83,108.26,114.5,118.0,0.22562,0.06696,2016-01-22,35,19,10,0.61,610.0,19337.0,0.031545741324921134,0.06999999999999999,-540.0,26.0,-566.0,SL,0.11475409836065573
2015-12-31,2016-01-07,111.86,104.87,116.5,119.0,0.20426,0.07109,2016-02-05,36,7,10,0.43999999999999995,439.99999999999994,19011.0,0.02314449529219925,0.010000000000000002,-429.99999999999994,26.0,-455.99999999999994,SL,0.022727272727272735
2016-01-08,2016-01-19,104.01,101.06,110.0,114.0,0.21659,0.07458,2016-02-12,35,11,10,0.69,690.0,17666.0,0.03905807766330805,0.11000000000000001,-579.9999999999999,26.0,-605.9999999999999,SL,0.1594202898550725
2016-01-15,2016-02-05,100.84,98.12,107.0,111.0,0.21362,0.06532,2016-02-19,35,21,10,0.6399999999999999,639.9999999999999,17093.0,0.03744222781255484,0.03,-609.9999999999999,26.0,-635.9999999999999,SL,0.04687500000000001
2016-01-22,2016-02-05,103.77,98.12,109.0,112.5,0.21245,0.0678,2016-02-26,35,14,10,0.59,590.0,17267.0,0.03416922453234494,0.009999999999999998,-579.9999999999999,26.0,-605.9999999999999,SL,0.01694915254237288
2016-02-05,2016-03-11,98.12,106.49,104.0,108.0,0.21821,0.06547,2016-03-11,35,35,10,0.69,690.0,15818.0,0.04362119104817297,2.25,1560.0,26.0,1534.0,EXP,3.2608695652173916
2016-02-12,2016-03-18,98.02,107.37,104.0,108.0,0.21401,0.07312,2016-03-18,35,35,10,0.6399999999999999,639.9999999999999,15545.0,0.041170794467674486,3.1900000000000004,2550.0000000000005,26.0,2524.0000000000005,EXP,4.984375000000002
2016-02-19,2016-03-24,101.63,107.26,106.5,110.0,0.22066,0.06893,2016-03-24,34,34,10,0.6,600.0,16412.0,0.0365586156470875,0.75,150.00000000000003,26.0,124.00000000000003,EXP,1.25
2016-02-26,2016-04-01,103.43,110.36,108.0,111.0,0.20214,0.0701,2016-04-01,35,35,10,0.5,500.0,17009.0,0.029396202010700218,2.37,1870.0,26.0,1844.0,EXP,4.74
2016-03-04,2016-04-07,105.67,109.08,110.0,112.0,0.18797,0.08151,2016-04-08,35,34,10,0.39,390.0,18896.0,0.020639288738357325,0.060000000000000005,-330.0,26.0,-356.0,SL,0.15384615384615385
2016-03-11,2016-04-15,106.49,110.64,110.0,113.0,0.23909,0.07732,2016-04-15,35,35,10,0.5,500.0,19380.0,0.025799793601651185,0.6799999999999999,179.99999999999994,26.0,153.99999999999994,EXP,1.3599999999999999
2016-03-18,2016-04-22,107.37,108.98,111.0,114.0,0.21633,0.05995,2016-04-22,35,35,10,0.48000000000000004,480.00000000000006,20574.0,0.023330417031204434,0.0,-480.00000000000006,26.0,-506.00000000000006,EXP,0.0
2016-04-01,2016-04-22,110.36,108.98,114.0,116.0,0.20346,0.08017,2016-05-06,35,21,10,0.36,360.0,23912.0,0.015055202408832385,0.02,-340.0,26.0,-366.0,SL,0.05555555555555556
2016-03-24,2016-04-27,107.26,107.58,111.0,114.0,0.21256,0.05945,2016-04-29,36,34,10,0.49,490.0,19328.0,0.02535182119205298,0.0,-490.0,26.0,-516.0,SL,0.0
2016-04-08,2016-04-27,109.0,107.58,113.0,115.5,0.21439,0.06648,2016-05-13,35,19,10,0.44000000000000006,440.00000000000006,21186.0,0.020768431983385256,0.03,-410.0,26.0,-436.0,SL,0.06818181818181818
2016-04-15,2016-04-27,110.64,107.58,114.0,117.0,0.22293,0.05732,2016-05-20,35,12,10,0.48,480.0,22260.0,0.0215633423180593,0.030000000000000002,-449.99999999999994,26.0,-475.99999999999994,SL,0.06250000000000001
2016-04-22,2016-04-29,108.98,105.72,112.5,115.5,0.20845,0.06586,2016-05-27,35,7,10,0.45,450.0,19751.0,0.022783656523720316,0.04000000000000001,-410.0,26.0,-436.0,SL,0.0888888888888889
2016-04-29,2016-05-17,105.72,105.48,110.0,112.5,0.19054,0.06761,2016-06-03,35,18,10,0.42000000000000004,420.00000000000006,18906.0,0.022215169787369093,0.039999999999999994,-380.00000000000006,26.0,-406.00000000000006,SL,0.09523809523809522
2016-05-06,2016-06-10,105.58,108.94,109.5,112.0,0.19404,0.06279,2016-06-10,35,35,10,0.42000000000000004,420.00000000000006,18663.0,0.02250442051117184,0.0,-420.00000000000006,26.0,-446.00000000000006,EXP,0.0
2016-05-27,2016-06-14,110.13,108.03,113.0,116.0,0.21709,0.05412,2016-07-01,35,18,10,0.44,440.0,20731.0,0.021224253533355844,0.06999999999999999,-370.0,26.0,-396.0,SL,0.15909090909090906
2016-05-13,2016-06-15,105.5,107.72,109.0,112.0,0.22075,0.06036,2016-06-17,35,33,10,0.4700000000000001,470.00000000000006,18320.0,0.02565502183406114,0.04,-430.00000000000006,26.0,-456.00000000000006,SL,0.08510638297872339
2016-05-20,2016-06-17,106.47,106.49,110.0,112.0,0.20222,0.07683,2016-06-24,35,28,10,0.35,350.0,18274.0,0.01915289482324614,0.05,-300.0,26.0,-326.0,SL,0.14285714285714288
2016-06-03,2016-06-17,110.06,106.49,113.0,115.5,0.21127,0.06808,2016-07-08,35,14,10,0.41,410.0,20188.0,0.020309094511591044,0.009999999999999998,-400.0,26.0,-426.0,SL,0.024390243902439022
2016-06-10,2016-06-24,108.94,104.29,112.0,115.0,0.24078,0.06335,2016-07-15,35,14,10,0.54,540.0,17922.0,0.03013056578506863,0.019999999999999997,-520.0,26.0,-546.0,SL,0.03703703703703703
2016-06-17,2016-06-27,106.49,102.22,110.5,113.0,0.20835,0.06183,2016-07-22,35,10,10,0.45999999999999996,460.0,16017.0,0.02871948554660673,0.010000000000000002,-449.99999999999994,26.0,-475.99999999999994,SL,0.021739130434782615
2016-06-24,2016-07-29,104.29,115.23,109.0,112.0,0.21168,0.06823,2016-07-29,35,35,10,0.58,579.9999999999999,15541.0,0.03732063573772601,2.5,1920.0,26.0,1894.0,EXP,4.310344827586207
2016-07-01,2016-08-05,108.08,116.78,111.5,114.0,0.2136,0.06643,2016-08-05,35,35,10,0.47000000000000003,470.0,15845.0,0.02966235405490691,2.26,1789.9999999999998,26.0,1763.9999999999998,EXP,4.8085106382978715
2016-07-08,2016-08-05,110.3,116.78,113.5,116.0,0.2139,0.05977,2016-08-12,35,28,10,0.39,390.0,16632.0,0.023448773448773448,2.1799999999999997,1789.9999999999998,26.0,1763.9999999999998,TP,5.5897435897435885
2016-08-12,2016-08-30,117.2,116.56,120.0,122.0,0.23744,0.08578,2016-09-16,35,18,10,0.35,350.0,20850.0,0.016786570743405275,0.039999999999999994,-310.0,26.0,-336.0,SL,0.11428571428571428
2016-08-19,2016-09-08,117.26,117.23,120.5,122.5,0.17892,0.06791,2016-09-23,35,20,10,0.3,300.0,20687.0,0.014501861072170929,0.03,-270.0,26.0,-296.0,SL,0.1
2016-08-26,2016-09-09,116.78,114.28,120.0,122.0,0.20398,0.06785,2016-09-30,35,14,10,0.33999999999999997,340.0,20404.0,0.016663399333464026,0.02,-319.99999999999994,26.0,-345.99999999999994,SL,0.05882352941176471
2016-09-02,2016-10-04,117.12,118.37,120.0,122.0,0.20711,0.08212,2016-10-07,35,32,10,0.31999999999999995,319.99999999999994,20088.0,0.01592990840302668,0.04,-279.99999999999994,26.0,-305.99999999999994,SL,0.12500000000000003
2016-09-16,2016-10-11,117.29,117.52,121.0,123.0,0.19325,0.07119,2016-10-21,35,25,10,0.33999999999999997,340.0,20456.0,0.016621040281579978,0.03,-309.99999999999994,26.0,-335.99999999999994,SL,0.08823529411764706
2016-09-23,2016-10-12,118.33,117.42,121.5,123.5,0.21085,0.07236,2016-10-28,35,19,10,0.39,390.0,20513.0,0.01901233364208063,0.05,-340.0,26.0,-366.0,SL,0.12820512820512822
2016-09-09,2016-10-13,114.28,117.0,118.0,120.5,0.20682,0.06762,2016-10-14,35,34,10,0.41000000000000003,410.0,19599.0,0.02091943466503393,0.019999999999999997,-390.0,26.0,-416.0,SL,0.04878048780487804
2016-09-30,2016-10-13,118.72,117.0,122.0,124.0,0.22442,0.06836,2016-11-04,35,13,10,0.38,380.0,20350.0,0.018673218673218674,0.06,-320.0,26.0,-346.0,SL,0.15789473684210525
2016-10-14,2016-11-02,117.14,115.18,121.0,124.0,0.22261,0.05415,2016-11-18,35,19,10,0.5,500.0,18102.0,0.02762125731963319,0.07,-430.0,26.0,-456.0,SL,0.14
2016-10-21,2016-11-03,118.15,114.05,121.5,124.0,0.21937,0.0679,2016-11-25,35,13,10,0.43000000000000005,430.00000000000006,18039.0,0.023837241532235716,0.039999999999999994,-390.00000000000006,26.0,-416.00000000000006,SL,0.09302325581395346
2016-10-28,2016-11-04,117.1,113.65,121.5,124.0,0.19141,0.06893,2016-12-02,35,7,10,0.44000000000000006,440.00000000000006,17716.0,0.024836306163919623,0.04000000000000001,-400.0,26.0,-426.0,SL,0.09090909090909091
2016-11-25,2016-12-01,118.8,115.47,122.0,124.0,0.20964,0.07204,2016-12-30,35,6,10,0.38,380.0,17525.0,0.02168330955777461,0.05,-330.0,26.0,-356.0,SL,0.13157894736842105
2016-11-04,2016-12-02,113.65,115.7,118.5,121.5,0.21063,0.06795,2016-12-09,35,28,10,0.55,550.0000000000001,16804.0,0.03273030230897406,0.06,-490.00000000000006,26.0,-516.0,SL,0.10909090909090907
2016-11-11,2016-12-02,115.8,115.7,120.0,123.0,0.19992,0.05881,2016-12-16,35,21,10,0.47,470.0,16871.0,0.027858455337561497,0.06,-410.0,26.0,-436.0,SL,0.1276595744680851
2016-11-18,2016-12-02,117.32,115.7,121.0,123.5,0.19534,0.07413,2016-12-23,35,14,10,0.37,370.0,16968.0,0.021805752003771807,0.05,-320.0,26.0,-346.0,SL,0.13513513513513514
2016-12-02,2017-01-06,115.7,121.93,119.5,122.0,0.20476,0.06757,2017-01-06,35,35,10,0.39,390.0,15150.0,0.02574257425742574,2.36,1969.9999999999998,26.0,1943.9999999999998,EXP,6.051282051282051
2016-12-16,2017-01-20,119.6,123.25,123.0,126.0,0.22079,0.07192,2017-01-20,35,35,10,0.43999999999999995,439.99999999999994,15767.0,0.027906386757151007,0.22999999999999998,-209.99999999999997,26.0,-235.99999999999997,EXP,0.5227272727272727
2016-12-30,2017-02-03,118.48,125.68,122.5,126.0,0.21673,0.05553,2017-02-03,35,35,10,0.54,540.0,14784.0,0.036525974025974024,3.1500000000000004,2610.0000000000005,26.0,2584.0000000000005,EXP,5.833333333333334
2017-01-06,2017-02-10,121.93,127.38,125.5,127.5,0.21381,0.08549,2017-02-10,35,35,10,0.36,360.0,17648.0,0.020398912058023574,1.8,1440.0,26.0,1414.0,EXP,5.0
2017-01-20,2017-02-17,123.25,129.81,126.5,128.5,0.21688,0.07879,2017-02-24,35,28,10,0.33999999999999997,340.0,17592.0,0.019326966803092316,1.83,1490.0000000000002,26.0,1464.0000000000002,TP,5.382352941176471
2017-01-27,2017-03-01,125.8,131.44,129.0,131.5,0.20142,0.06634,2017-03-03,35,33,10,0.37,370.0,19749.0,0.018735125829155905,2.04,1670.0,26.0,1644.0,TP,5.513513513513514
2017-02-17,2017-03-21,129.81,129.81,132.5,135.0,0.22394,0.06881,2017-03-24,35,32,10,0.4,400.0,23077.0,0.017333275555748148,0.01,-390.0,26.0,-416.0,SL,0.024999999999999998
2017-02-24,2017-03-21,130.26,129.81,133.0,136.0,0.24603,0.07184,2017-03-31,35,25,10,0.44000000000000006,440.00000000000006,23204.0,0.018962247888295123,0.05,-390.00000000000006,26.0,-416.00000000000006,SL,0.11363636363636363
2017-03-03,2017-03-21,131.02,129.81,134.0,136.0,0.20163,0.07912,2017-04-07,35,18,10,0.32,320.0,23838.0,0.013423944961825656,0.03,-290.00000000000006,26.0,-316.00000000000006,SL,0.09375
2017-03-31,2017-04-13,132.38,130.4,136.0,138.5,0.18517,0.06315,2017-05-05,35,13,10,0.38,380.0,22893.0,0.01659896038090246,0.06,-320.0,26.0,-346.0,SL,0.15789473684210525
2017-03-24,2017-04-28,130.63,135.99,134.5,137.0,0.19083,0.07296,2017-04-28,35,35,10,0.41000000000000003,410.0,22816.0,0.01796984572230014,1.43,1020.0,26.0,994.0,EXP,3.48780487804878
2017-04-07,2017-05-12,131.97,138.6,135.5,138.5,0.21568,0.07003,2017-05-12,35,35,10,0.56,560.0000000000001,22510.0,0.0248778320746335,2.9099999999999997,2349.9999999999995,26.0,2323.9999999999995,EXP,5.19642857142857
2017-04-28,2017-05-31,135.99,141.29,139.0,141.5,0.21004,0.06701,2017-06-02,35,33,10,0.37,370.0,24021.0,0.015403188876399817,2.06,1690.0,26.0,1664.0,TP,5.5675675675675675
2017-05-05,2017-06-02,137.54,143.46,141.0,143.5,0.20648,0.07643,2017-06-09,35,28,10,0.36,360.0,25068.0,0.014360938247965534,1.89,1529.9999999999998,26.0,1503.9999999999998,TP,5.25
2017-05-26,2017-06-15,141.22,139.13,144.0,147.0,0.2388,0.06542,2017-06-30,35,20,10,0.5,500.0,28329.0,0.017649758198312684,0.06,-440.0,26.0,-466.0,SL,0.12
2017-06-09,2017-06-16,139.98,138.15,145.0,149.0,0.20595,0.06857,2017-07-14,35,7,10,0.6699999999999999,670.0,28920.0,0.023167358229598894,0.05,-619.9999999999999,26.0,-645.9999999999999,SL,0.0746268656716418
2017-05-19,2017-06-23,137.84,141.24,141.5,144.0,0.19324,0.07015,2017-06-23,35,35,10,0.39,390.0,25662.0,0.015197568389057751,0.01,-380.0,26.0,-406.0,EXP,0.02564102564102564
2017-06-23,2017-06-29,141.24,137.59,145.5,149.0,0.21067,0.06853,2017-07-28,35,6,10,0.56,560.0000000000001,27865.0,0.020096895747353315,0.04000000000000001,-520.0,26.0,-546.0,SL,0.07142857142857144
2017-06-16,2017-07-03,138.15,136.190002,143.0,146.0,0.19391,0.06203,2017-07-21,35,17,10,0.44999999999999996,449.99999999999994,27521.0,0.016351150030885504,0.04000000000000001,-409.99999999999994,26.0,-435.99999999999994,SL,0.08888888888888892
2017-06-30,2017-08-04,137.64,143.65,142.5,146.0,0.21071,0.0652,2017-08-04,35,35,10,0.61,610.0,26589.0,0.022941818045056225,0.9299999999999999,319.99999999999994,26.0,293.99999999999994,EXP,1.5245901639344261
2017-07-21,2017-08-04,144.11,143.65,148.5,151.0,0.20825,0.0781,2017-08-25,35,14,10,0.47,470.0,29057.0,0.016175104105723235,0.07,-400.0,26.0,-426.0,SL,0.14893617021276598
2017-07-07,2017-08-10,137.76,141.03,142.5,145.5,0.21761,0.08131,2017-08-11,35,34,10,0.5599999999999999,559.9999999999999,26173.0,0.021396095212623693,0.049999999999999996,-509.99999999999994,26.0,-536.0,SL,0.08928571428571429
2017-07-14,2017-08-10,142.12,141.03,146.0,149.0,0.23446,0.07551,2017-08-18,35,27,10,0.51,510.0,27630.0,0.018458197611292075,0.04,-470.0,26.0,-496.0,SL,0.0784313725490196
2017-07-28,2017-08-10,143.84,141.03,148.5,151.0,0.19314,0.06985,2017-09-01,35,13,10,0.44999999999999996,449.99999999999994,28524.0,0.015776188472864956,0.039999999999999994,-410.0,26.0,-436.0,SL,0.08888888888888888
2017-08-04,2017-08-18,143.65,141.23,147.5,150.0,0.21742,0.0735,2017-09-08,35,14,10,0.52,520.0,26655.0,0.019508534984055526,0.06999999999999999,-450.0,26.0,-476.0,SL,0.1346153846153846
2017-08-11,2017-09-14,142.1,145.56,147.0,150.0,0.19832,0.0494,2017-09-15,35,34,10,0.51,510.0,24543.0,0.020779855763354112,0.019999999999999997,-490.0,26.0,-516.0,SL,0.039215686274509796
2017-08-18,2017-09-21,141.23,144.46,146.0,149.0,0.2034,0.06826,2017-09-22,35,34,10,0.5700000000000001,570.0000000000001,24087.0,0.023664217212604314,0.0,-570.0000000000001,26.0,-596.0000000000001,SL,0.0
2017-08-25,2017-09-25,141.97,142.8,146.0,149.0,0.22525,0.0709,2017-09-29,35,31,10,0.56,560.0000000000001,23724.0,0.02360478839993256,0.039999999999999994,-520.0,26.0,-546.0,SL,0.07142857142857141
2017-09-08,2017-09-25,144.21,142.8,148.5,151.0,0.21401,0.06107,2017-10-13,35,17,10,0.45000000000000007,450.00000000000006,23951.0,0.018788359567450213,0.04000000000000001,-410.0,26.0,-436.0,SL,0.08888888888888889
2017-09-15,2017-09-25,146.06,142.8,150.0,152.0,0.16417,0.06788,2017-10-20,35,10,10,0.28,280.00000000000006,24205.0,0.011567857880603183,0.03,-250.0,26.0,-276.0,SL,0.10714285714285712
2017-09-22,2017-10-27,144.32,151.24,148.5,151.0,0.19847,0.06433,2017-10-27,35,35,10,0.43000000000000005,430.00000000000006,22339.0,0.01924884730739962,2.26,1829.9999999999998,26.0,1803.9999999999998,EXP,5.255813953488371
2017-09-29,2017-11-03,145.45,153.27,149.5,152.0,0.20728,0.0693,2017-11-03,35,35,10,0.47,470.0,22027.0,0.02133744949380306,2.2399999999999998,1769.9999999999998,26.0,1743.9999999999998,EXP,4.76595744680851
2017-10-13,2017-11-17,148.34,153.95,152.0,155.0,0.2371,0.07035,2017-11-17,35,35,10,0.47,470.0,22704.0,0.020701198026779423,1.76,1290.0,26.0,1264.0,EXP,3.74468085106383
2017-10-20,2017-11-24,148.71,156.26,153.0,155.0,0.19946,0.08278,2017-11-24,35,35,10,0.33999999999999997,340.0,22601.0,0.01504358214238308,1.61,1270.0,26.0,1244.0,EXP,4.73529411764706
2017-11-03,2017-12-04,153.27,152.71,157.5,160.0,0.21031,0.09669,2017-12-08,35,31,10,0.44,440.0,27172.0,0.016193139997055794,0.02,-420.0,26.0,-446.0,SL,0.045454545454545456
2017-11-10,2017-12-13,153.68,155.99,158.0,161.0,0.22757,0.07889,2017-12-15,35,33,10,0.48000000000000004,480.00000000000006,27479.0,0.01746788456639616,0.06,-420.00000000000006,26.0,-446.00000000000006,SL,0.12499999999999999
2017-11-17,2017-12-22,153.95,157.37,158.0,161.0,0.19784,0.06642,2017-12-22,35,35,10,0.42000000000000004,420.00000000000006,26993.0,0.015559589523209722,0.0,-420.00000000000006,26.0,-446.00000000000006,EXP,0.0
2017-11-24,2017-12-22,156.26,157.37,160.0,163.0,0.22097,0.07861,2017-12-29,35,28,10,0.44000000000000006,440.00000000000006,28377.0,0.01550551502977764,0.02,-420.00000000000006,26.0,-446.00000000000006,SL,0.04545454545454545
2017-12-01,2017-12-29,154.49,155.76,159.0,162.5,0.21855,0.06192,2018-01-05,35,28,10,0.5399999999999999,539.9999999999999,27324.0,0.01976284584980237,0.0,-539.9999999999999,26.0,-565.9999999999999,SL,0.0
2017-12-08,2018-01-08,154.7,162.55,159.0,162.5,0.23023,0.06731,2018-01-12,35,31,10,0.51,510.0,26338.0,0.019363657073430025,2.8,2290.0,26.0,2264.0,TP,5.490196078431372
2017-12-29,2018-01-26,155.76,170.93,160.5,163.5,0.20985,0.07089,2018-02-02,35,28,10,0.52,520.0,25333.0,0.02052658587612995,2.8000000000000007,2280.0000000000005,26.0,2254.0000000000005,TP,5.384615384615386
2018-01-05,2018-02-05,161.92,158.12,166.5,170.0,0.20653,0.07041,2018-02-09,35,31,10,0.5499999999999999,549.9999999999999,28730.0,0.01914375217542638,0.0,-549.9999999999999,26.0,-575.9999999999999,SL,0.0
2018-02-09,2018-03-16,156.1,171.02,165.0,170.0,0.2001,0.0595,2018-03-16,35,35,10,0.8700000000000001,870.0000000000001,29658.0,0.029334412300222542,4.33,3460.0,26.0,3434.0,EXP,4.977011494252873
2018-03-09,2018-03-16,173.16,171.02,180.0,182.5,0.16629,0.09119,2018-04-13,35,7,10,0.36,360.0,36126.0,0.009965122072745391,0.05000000000000002,-309.99999999999994,26.0,-335.99999999999994,SL,0.13888888888888895
2018-02-23,2018-03-19,168.17,167.1,174.0,178.0,0.19498,0.0709,2018-03-29,34,24,10,0.58,579.9999999999999,32032.0,0.018106893106893104,0.09000000000000001,-489.99999999999994,26.0,-516.0,SL,0.15517241379310348
2018-02-16,2018-03-20,164.96,167.65,171.5,176.5,0.2024,0.06838,2018-03-23,35,32,10,0.77,770.0,31055.0,0.02479471904685236,0.09,-680.0,26.0,-706.0,SL,0.11688311688311688
2018-03-02,2018-03-22,165.99,162.8,172.5,177.5,0.22132,0.07012,2018-04-06,35,20,10,0.84,840.0,30249.0,0.027769513041753447,0.05,-789.9999999999999,26.0,-815.9999999999999,SL,0.05952380952380953
2018-03-23,2018-04-23,158.51,161.89,167.5,173.5,0.21446,0.07009,2018-04-27,35,31,10,1.1400000000000001,1140.0000000000002,30718.0,0.03711179113223518,0.1,-1040.0,26.0,-1066.0,SL,0.08771929824561403
2018-03-29,2018-04-24,160.13,158.46,169.0,175.0,0.212,0.07682,2018-05-04,36,26,10,0.96,960.0,30465.0,0.03151157065484983,0.020000000000000004,-940.0,26.0,-966.0,SL,0.02083333333333334
2018-04-06,2018-05-11,156.63,169.46,165.5,172.5,0.22613,0.06689,2018-05-11,35,35,10,1.09,1090.0000000000002,29102.0,0.03745447048312831,3.8200000000000003,2730.0000000000005,26.0,2704.0000000000005,EXP,3.5045871559633026
2018-04-20,2018-05-25,162.3,169.72,170.0,175.0,0.20661,0.07332,2018-05-25,35,35,10,0.73,730.0,29449.0,0.024788617610105607,0.0,-730.0,26.0,-756.0,EXP,0.0
2018-04-27,2018-06-01,162.09,172.74,169.0,174.0,0.2181,0.07304,2018-06-01,35,35,10,0.77,770.0,28110.0,0.027392387050871575,3.58,2810.0,26.0,2784.0,EXP,4.649350649350649
2018-05-04,2018-06-08,164.87,174.44,170.0,175.0,0.26135,0.0809,2018-06-08,35,35,10,0.95,950.0,28507.0,0.03332514820921177,4.3500000000000005,3400.0000000000005,26.0,3374.0000000000005,EXP,4.578947368421053
2018-05-18,2018-06-22,167.46,175.32,173.0,177.5,0.21239,0.06986,2018-06-22,35,35,10,0.69,690.0,31151.0,0.022150171744085262,2.14,1450.0000000000002,26.0,1424.0000000000002,EXP,3.1014492753623193
2018-05-25,2018-06-27,169.72,169.73,175.0,178.0,0.18504,0.07623,2018-06-29,35,33,10,0.44999999999999996,449.99999999999994,31735.0,0.01417992752481487,0.01,-439.99999999999994,26.0,-465.99999999999994,SL,0.022222222222222227
2018-06-01,2018-06-27,172.74,169.73,177.5,180.0,0.21542,0.08697,2018-07-06,35,26,10,0.43,430.0,36359.0,0.011826507879754668,0.020000000000000004,-410.0,26.0,-436.0,SL,0.04651162790697675
2018-06-22,2018-06-27,175.32,169.73,181.5,185.0,0.217,0.08807,2018-07-27,35,5,10,0.71,710.0,39250.0,0.018089171974522294,0.10999999999999999,-600.0,26.0,-626.0,SL,0.15492957746478872
2018-07-13,2018-07-30,179.61,175.11,186.0,190.0,0.19584,0.06115,2018-08-17,35,17,10,0.57,569.9999999999999,38752.0,0.014708918249380674,0.05,-519.9999999999999,26.0,-545.9999999999999,SL,0.08771929824561404
2018-06-29,2018-08-03,171.65,180.08,179.0,183.5,0.21822,0.07247,2018-08-03,35,35,10,0.81,810.0,36688.0,0.022078063672045355,0.96,149.99999999999991,26.0,123.99999999999991,EXP,1.1851851851851851
2018-07-06,2018-08-10,175.61,180.52,181.5,187.5,0.229,0.04805,2018-08-10,35,35,10,0.9500000000000001,950.0,37025.0,0.025658338960162053,0.0,-950.0,26.0,-976.0,EXP,0.0
2018-07-20,2018-08-15,178.99,179.23,185.0,189.0,0.21027,0.06773,2018-08-24,35,26,10,0.6699999999999999,670.0,37459.0,0.017886222269681517,0.05,-619.9999999999999,26.0,-645.9999999999999,SL,0.0746268656716418
2018-07-27,2018-08-31,177.62,186.65,184.5,188.5,0.19356,0.06631,2018-08-31,35,35,10,0.63,630.0,35686.0,0.017653981953707338,2.2,1570.0000000000002,26.0,1544.0000000000002,EXP,3.4920634920634925
2018-08-03,2018-09-06,180.08,181.81,185.5,189.0,0.2172,0.07395,2018-09-07,35,34,10,0.5900000000000001,590.0000000000001,35277.0,0.01672477818408595,0.0,-590.0000000000001,26.0,-616.0000000000001,SL,0.0
2018-08-10,2018-09-07,180.52,181.11,186.5,190.5,0.21361,0.07004,2018-09-14,35,28,10,0.59,590.0,34661.0,0.01702201321369839,0.07,-520.0,26.0,-546.0,SL,0.11864406779661019
2018-09-07,2018-10-04,181.11,182.38,188.0,193.0,0.21564,0.06802,2018-10-12,35,27,10,0.73,730.0,35026.0,0.0208416604807857,0.09999999999999999,-630.0,26.0,-656.0,SL,0.136986301369863
2018-09-28,2018-10-05,185.79,180.15,192.0,197.5,0.21338,0.04667,2018-11-02,35,7,10,0.77,770.0,35260.0,0.021837776517300057,0.11,-660.0,26.0,-686.0,SL,0.14285714285714285
2018-09-21,2018-10-08,183.71,179.05,190.0,193.5,0.2055,0.07767,2018-10-26,35,17,10,0.54,540.0,34753.0,0.015538226915661956,0.039999999999999994,-500.0,26.0,-526.0,SL,0.07407407407407406
2018-10-05,2018-10-10,180.15,171.73,188.0,193.0,0.21548,0.06673,2018-11-09,35,5,10,0.9199999999999999,920.0,33231.0,0.02768499292828985,0.05,-869.9999999999999,26.0,-895.9999999999999,SL,0.05434782608695653
2018-10-12,2018-10-24,174.32,165.34,183.0,189.0,0.211,0.06024,2018-11-16,35,12,10,1.0,1000.0,32262.0,0.030996218461347716,0.09,-910.0,26.0,-936.0,SL,0.09
2018-10-19,2018-10-24,173.02,165.34,181.5,187.5,0.21492,0.07326,2018-11-23,35,5,10,1.02,1020.0,31789.0,0.03208657082638649,0.1,-920.0,26.0,-946.0,SL,0.09803921568627451
2018-10-26,2018-11-14,166.66,165.2,177.5,184.0,0.21623,0.07253,2018-11-30,35,19,10,1.15,1149.9999999999998,30380.0,0.03785385121790651,0.09000000000000001,-1059.9999999999998,26.0,-1085.9999999999998,SL,0.07826086956521741
2018-11-02,2018-11-14,169.38,165.2,179.0,185.0,0.2044,0.0763,2018-12-07,35,12,10,0.95,950.0,30147.0,0.03151225660928119,0.14,-810.0,26.0,-836.0,SL,0.1473684210526316
2018-11-09,2018-11-19,171.52,162.06,180.0,185.5,0.21279,0.0787,2018-12-14,35,10,10,0.8200000000000001,820.0,29714.0,0.027596419196338425,0.04000000000000001,-780.0,26.0,-806.0,SL,0.04878048780487806
2018-11-16,2018-11-23,167.5,159.21,177.0,183.0,0.20478,0.07562,2018-12-21,35,7,10,0.8599999999999999,859.9999999999999,27845.0,0.030885257676423052,0.12000000000000001,-739.9999999999999,26.0,-765.9999999999999,SL,0.13953488372093026
2018-11-30,2018-12-07,169.37,161.38,178.5,185.0,0.20473,0.0547,2019-01-04,35,7,10,0.97,970.0,29183.0,0.03323852928074564,0.020000000000000004,-950.0,26.0,-976.0,SL,0.02061855670103093
2018-11-23,2018-12-17,159.21,157.43,168.5,176.0,0.22113,0.06986,2018-12-28,35,24,10,1.06,1060.0,26886.0,0.039425723424830764,0.16,-900.0,26.0,-926.0,SL,0.1509433962264151
2018-12-07,2018-12-19,161.38,154.53,171.0,177.5,0.21593,0.0707,2019-01-11,35,12,10,1.04,1040.0,25777.0,0.04034604492376925,0.06,-980.0,26.0,-1006.0,SL,0.05769230769230769
2018-12-21,2019-01-25,147.57,165.15,158.5,166.0,0.21476,0.07245,2019-01-25,35,35,10,1.15,1149.9999999999998,23978.0,0.04796063057802985,6.32,5170.0,26.0,5144.0,EXP,5.495652173913044
2018-12-28,2019-02-01,152.97,167.45,164.5,172.0,0.21051,0.06496,2019-02-01,35,35,10,1.22,1220.0,24775.0,0.04924318869828456,2.81,1590.0,26.0,1564.0,EXP,2.3032786885245904
2019-01-04,2019-02-08,156.23,168.56,166.0,172.0,0.21605,0.06907,2019-02-08,35,35,10,1.04,1040.0,24882.0,0.04179728317659352,2.35,1310.0,26.0,1284.0,EXP,2.2596153846153846
2019-01-11,2019-02-15,160.69,171.94,169.0,175.0,0.22812,0.06161,2019-02-15,35,35,10,0.99,990.0,26989.0,0.036681611026714585,2.9400000000000004,1950.0000000000002,26.0,1924.0000000000002,EXP,2.96969696969697
2019-01-18,2019-02-22,165.25,172.89,172.5,177.5,0.21505,0.07322,2019-02-22,35,35,10,0.81,810.0,31326.0,0.02585711549511588,0.16,-650.0,26.0,-676.0,EXP,0.19753086419753085
2019-01-25,2019-03-01,165.15,174.39,172.5,177.5,0.21152,0.07145,2019-03-01,35,35,10,0.81,810.0,30860.0,0.02624756966947505,1.8699999999999999,1059.9999999999998,26.0,1033.9999999999998,EXP,2.3086419753086416
2019-02-01,2019-03-07,167.45,171.43,174.5,180.0,0.2099,0.071,2019-03-08,35,34,10,0.8,800.0,32074.0,0.02494232088295816,0.0,-800.0,26.0,-826.0,SL,0.0
2019-02-08,2019-03-08,168.56,171.17,176.0,180.0,0.19811,0.0775,2019-03-15,35,28,10,0.61,610.0,31798.0,0.01918359645260708,0.06999999999999999,-540.0,26.0,-566.0,SL,0.11475409836065573
2019-02-15,2019-03-08,171.94,171.17,178.5,182.5,0.20056,0.06739,2019-03-22,35,21,10,0.63,630.0,35522.0,0.017735487866674175,0.06,-570.0000000000001,26.0,-596.0000000000001,SL,0.09523809523809523
2019-03-01,2019-04-03,174.39,183.78,180.0,184.0,0.20443,0.07254,2019-04-05,35,33,10,0.58,579.9999999999999,34623.0,0.016751870144123843,3.17,2590.0,26.0,2564.0,TP,5.4655172413793105
2019-03-08,2019-04-03,171.17,183.78,178.0,182.5,0.20689,0.06787,2019-04-12,35,26,10,0.6599999999999999,659.9999999999999,31871.0,0.020708481064290418,3.6899999999999995,3029.9999999999995,26.0,3003.9999999999995,TP,5.590909090909091
2019-03-15,2019-04-18,178.35,187.39,184.0,188.0,0.22432,0.07308,2019-04-18,34,34,10,0.62,620.0,34088.0,0.018188218727998123,3.31,2690.0,26.0,2664.0,EXP,5.338709677419355
2019-03-22,2019-04-26,178.56,190.65,186.5,192.5,0.21179,0.063,2019-04-26,35,35,10,0.8600000000000001,860.0000000000001,34785.0,0.02472330027310623,4.1000000000000005,3240.0,26.0,3214.0,EXP,4.767441860465117
2019-03-29,2019-05-03,179.66,191.11,186.5,190.5,0.20129,0.07108,2019-05-03,35,35,10,0.68,680.0,34302.0,0.019823916972771267,3.7300000000000004,3050.0,26.0,3024.0,EXP,5.485294117647059
2019-04-05,2019-05-08,184.66,185.77,191.5,196.0,0.20806,0.06745,2019-05-10,35,33,10,0.6399999999999999,639.9999999999999,40283.0,0.01588759526351066,0.060000000000000005,-579.9999999999999,26.0,-605.9999999999999,SL,0.09375000000000003
2019-04-12,2019-05-10,185.83,185.0,192.0,196.0,0.21674,0.07401,2019-05-17,35,28,10,0.63,630.0,40660.0,0.015494343334972946,0.05,-579.9999999999999,26.0,-605.9999999999999,SL,0.07936507936507937
2019-04-18,2019-05-10,187.39,185.0,194.0,198.0,0.20562,0.07022,2019-05-24,36,22,10,0.5800000000000001,580.0000000000001,42734.0,0.013572331164880425,0.06,-520.0,26.0,-546.0,SL,0.10344827586206895
2019-05-03,2019-05-10,191.11,185.0,197.5,202.5,0.21492,0.0735,2019-06-07,35,7,10,0.75,750.0,48265.0,0.015539210608101109,0.06,-690.0,26.0,-716.0,SL,0.08
2019-05-10,2019-05-22,185.0,181.02,192.5,197.0,0.20279,0.07189,2019-06-14,35,12,10,0.77,770.0,44260.0,0.017397198373248983,0.09,-680.0,26.0,-706.0,SL,0.11688311688311688
2019-05-17,2019-05-28,183.04,177.49,191.0,196.0,0.20177,0.05505,2019-06-21,35,11,10,0.71,710.0,43757.0,0.016225975272527823,0.1,-610.0,26.0,-636.0,SL,0.14084507042253522
2019-05-24,2019-06-03,178.16,170.12,186.0,192.0,0.22849,0.06388,2019-06-28,35,10,10,0.97,970.0,42951.0,0.02258387464785453,0.08,-890.0,26.0,-916.0,SL,0.08247422680412371
2019-05-31,2019-07-01,173.95,189.26,183.0,189.0,0.20125,0.06715,2019-07-05,35,31,10,0.8999999999999999,899.9999999999999,42205.0,0.02132448761995024,4.95,4050.0000000000005,26.0,4024.0000000000005,TP,5.500000000000001
2019-06-14,2019-07-19,182.64,191.01,190.0,196.0,0.22046,0.06235,2019-07-19,35,35,10,0.8400000000000001,840.0000000000001,43329.0,0.01938655404001939,0.8099999999999999,-30.00000000000014,26.0,-56.00000000000014,EXP,0.9642857142857141
2019-06-28,2019-08-01,186.74,190.15,195.0,200.0,0.21304,0.08225,2019-08-02,35,34,10,0.8699999999999999,869.9999999999999,45536.0,0.01910576247364722,0.019999999999999997,-849.9999999999999,26.0,-875.9999999999999,SL,0.022988505747126436
2019-07-05,2019-08-01,191.05,190.15,197.5,202.5,0.21265,0.07242,2019-08-09,35,27,10,0.76,760.0,47660.0,0.01594628619387327,0.09999999999999999,-660.0,26.0,-686.0,SL,0.13157894736842105
2019-07-12,2019-08-01,193.53,190.15,200.0,204.0,0.21481,0.07632,2019-08-16,35,20,10,0.65,650.0,49687.0,0.013081892647976332,0.09,-560.0000000000001,26.0,-586.0000000000001,SL,0.13846153846153844
2019-07-19,2019-08-05,191.01,180.73,198.0,202.5,0.21109,0.07163,2019-08-23,35,17,10,0.7,700.0,45021.0,0.01554829968237045,0.010000000000000002,-690.0,26.0,-716.0,SL,0.014285714285714289
2019-08-02,2019-08-15,187.35,182.55,195.5,201.0,0.21567,0.07604,2019-09-06,35,13,10,0.97,970.0,43249.0,0.022428264237323407,0.12,-850.0,26.0,-876.0,SL,0.12371134020618557
2019-08-09,2019-08-23,186.49,182.07,195.0,199.5,0.20379,0.07098,2019-09-13,35,14,10,0.74,740.0,42603.0,0.01736966880266648,0.08,-660.0,26.0,-686.0,SL,0.10810810810810811
2019-08-16,2019-09-20,185.48,190.8,194.0,199.0,0.20221,0.0624,2019-09-20,35,35,10,0.77,770.0,41827.0,0.01840916154636957,0.0,-770.0,26.0,-796.0,EXP,0.0
2019-08-30,2019-09-24,187.47,187.97,195.5,200.0,0.20405,0.07987,2019-10-04,35,25,10,0.81,810.0,42068.0,0.0192545402681373,0.1,-710.0000000000001,26.0,-736.0000000000001,SL,0.12345679012345678
2019-09-06,2019-09-24,191.59,187.97,198.5,202.5,0.21273,0.08211,2019-10-11,35,18,10,0.65,650.0,43405.0,0.014975233268056675,0.07,-580.0000000000001,26.0,-606.0000000000001,SL,0.1076923076923077
2019-08-23,2019-09-26,182.07,189.38,191.0,196.5,0.21439,0.07186,2019-09-27,35,34,10,1.07,1070.0,41071.0,0.026052445764651457,0.12000000000000001,-950.0,26.0,-976.0,SL,0.11214953271028037
2019-09-13,2019-09-27,192.54,187.03,199.0,204.0,0.23056,0.07286,2019-10-18,35,14,10,0.8,800.0,43422.0,0.018423840449541706,0.06999999999999999,-730.0000000000001,26.0,-756.0000000000001,SL,0.08749999999999998
2019-09-20,2019-10-02,190.8,184.05,198.0,203.0,0.21749,0.07327,2019-10-25,35,12,10,0.8200000000000001,820.0,39736.0,0.020636198912824644,0.05,-770.0,26.0,-796.0,SL,0.06097560975609756
2019-09-27,2019-11-01,187.03,198.87,195.5,201.0,0.20409,0.0701,2019-11-01,35,35,10,0.8999999999999999,899.9999999999999,37091.0,0.024264646410180363,3.2600000000000002,2360.0000000000005,26.0,2334.0000000000005,EXP,3.6222222222222227
2019-10-04,2019-11-08,188.81,201.23,196.0,201.0,0.23081,0.07104,2019-11-08,35,35,10,0.94,940.0,36775.0,0.025560842963970088,4.890000000000001,3950.0000000000005,26.0,3924.0000000000005,EXP,5.202127659574469
2019-10-11,2019-11-15,191.11,202.91,199.0,204.0,0.19483,0.06248,2019-11-15,35,35,10,0.75,750.0,37242.0,0.020138553246334782,3.5300000000000002,2780.0,26.0,2754.0,EXP,4.706666666666667
2019-10-18,2019-11-22,191.69,201.83,199.0,204.0,0.21461,0.07222,2019-11-22,35,35,10,0.76,760.0,36349.0,0.020908415637294012,2.75,1990.0,26.0,1964.0,EXP,3.6184210526315788
2019-10-25,2019-11-27,195.64,206.04,202.0,206.0,0.19738,0.07865,2019-11-29,35,33,10,0.6,600.0,38486.0,0.015590084706126904,3.6100000000000003,3010.0,26.0,2984.0,TP,6.0166666666666675
2019-11-01,2019-12-03,198.87,201.41,205.0,210.0,0.22855,0.06637,2019-12-06,35,32,10,0.73,730.0,43630.0,0.016731606692642675,0.09000000000000001,-640.0,26.0,-666.0,SL,0.12328767123287673
2019-11-15,2019-12-20,202.91,211.71,209.0,213.0,0.21498,0.07165,2019-12-20,35,35,10,0.59,590.0,49991.0,0.01180212438238883,2.79,2200.0000000000005,26.0,2174.0000000000005,EXP,4.728813559322035
2019-11-22,2019-12-20,201.83,211.71,208.0,212.0,0.21048,0.06898,2019-12-27,35,28,10,0.6,600.0,47695.0,0.012579935003669147,3.13,2529.9999999999995,26.0,2503.9999999999995,TP,5.216666666666667
2019-11-29,2020-01-02,205.1,216.16,211.5,215.0,0.20549,0.07786,2020-01-03,35,34,10,0.56,560.0000000000001,52159.0,0.010736402154949292,3.2199999999999998,2659.9999999999995,26.0,2633.9999999999995,TP,5.749999999999999
2019-12-06,2020-01-08,205.0,217.15,211.5,215.0,0.20145,0.07561,2020-01-10,35,33,10,0.55,550.0000000000001,49903.0,0.01102138148007134,3.15,2599.9999999999995,26.0,2573.9999999999995,TP,5.727272727272727
2019-12-13,2020-01-09,207.19,218.99,213.0,217.0,0.20979,0.06158,2020-01-17,35,27,10,0.58,579.9999999999999,50200.0,0.011553784860557767,3.3500000000000005,2770.0000000000005,26.0,2744.0000000000005,TP,5.775862068965519
2019-12-20,2020-01-17,211.71,223.38,217.5,221.0,0.21595,0.07688,2020-01-24,35,28,10,0.5700000000000001,570.0000000000001,57451.0,0.009921498320307743,3.0500000000000003,2480.0000000000005,26.0,2454.0000000000005,TP,5.350877192982456
2019-12-27,2020-01-31,213.61,219.07,221.0,225.0,0.20027,0.07608,2020-01-31,35,35,10,0.6,600.0,59528.0,0.010079290417954577,0.0,-600.0,26.0,-626.0,EXP,0.0
2020-01-03,2020-02-05,214.18,228.22,222.0,227.0,0.20586,0.06968,2020-02-07,35,33,10,0.77,770.0,61042.0,0.01261426558762819,4.29,3520.0,26.0,3494.0,TP,5.571428571428571
2020-01-10,2020-02-12,218.43,234.27,226.0,230.0,0.19977,0.07743,2020-02-14,35,33,10,0.6599999999999999,659.9999999999999,65153.0,0.010130001688333614,3.7299999999999995,3069.9999999999995,26.0,3043.9999999999995,TP,5.651515151515151
2020-02-07,2020-02-24,229.2,221.39,238.0,245.0,0.21124,0.07177,2020-03-13,35,17,10,0.99,990.0,72695.0,0.013618543228557673,0.15,-840.0,26.0,-866.0,SL,0.15151515151515152
2020-01-24,2020-02-25,222.7,215.37,231.0,236.0,0.2008,0.07013,2020-02-28,35,32,10,0.79,790.0,69157.0,0.011423283254045144,0.02,-770.0,26.0,-796.0,SL,0.02531645569620253
2020-02-21,2020-02-25,230.27,215.37,240.0,246.0,0.20421,0.07361,2020-03-27,35,4,10,0.98,980.0,73889.0,0.013263137950168495,0.06999999999999999,-910.0,26.0,-936.0,SL,0.07142857142857142
2020-01-31,2020-02-27,219.07,205.64,229.0,234.0,0.20257,0.07412,2020-03-06,35,27,10,0.8899999999999999,889.9999999999999,64431.0,0.013813226552435937,0.07,-819.9999999999999,26.0,-845.9999999999999,SL,0.07865168539325844
2020-03-27,2020-04-03,185.3,183.37,208.0,222.5,0.20828,0.07055,2020-05-01,35,7,10,2.3000000000000003,2300.0000000000005,69591.0,0.03305025075081548,0.32,-1980.0000000000002,26.0,-2006.0000000000002,SL,0.13913043478260867
2020-03-20,2020-04-24,170.7,213.84,193.0,207.0,0.2112,0.0652,2020-04-24,35,35,10,2.7,2700.0,67724.0,0.039867698304884534,13.560000000000002,10860.000000000002,26.0,10834.000000000002,EXP,5.022222222222223
2020-04-03,2020-05-05,183.37,217.66,201.0,210.0,0.20397,0.07725,2020-05-08,35,32,10,1.5399999999999998,1539.9999999999998,65475.0,0.023520427644138982,8.39,6850.0,26.0,6824.0,TP,5.448051948051949
2020-04-24,2020-05-29,213.84,233.36,229.0,240.0,0.2078,0.06425,2020-05-29,35,35,10,1.6400000000000001,1640.0,81609.0,0.020095822764646058,4.21,2570.0,26.0,2544.0,EXP,2.567073170731707
2020-05-01,2020-06-05,212.74,239.69,228.0,238.0,0.21449,0.06988,2020-06-05,35,35,10,1.6199999999999999,1620.0,81236.0,0.01994189768083116,9.77,8150.0,26.0,8124.0,EXP,6.030864197530865
2020-05-08,2020-06-12,224.86,235.88,238.0,247.5,0.2119,0.06484,2020-06-12,35,35,10,1.3900000000000001,1390.0,86240.0,0.016117810760667903,0.0,-1390.0,26.0,-1416.0,EXP,0.0
2020-05-15,2020-06-19,223.27,244.24,237.0,246.0,0.21084,0.07247,2020-06-19,35,35,10,1.45,1450.0,84257.0,0.01720925264369726,6.26,4809.999999999999,26.0,4783.999999999999,EXP,4.317241379310345
2020-05-22,2020-06-26,229.66,240.22,242.5,251.0,0.21089,0.06997,2020-06-26,35,35,10,1.3800000000000001,1380.0,88544.0,0.015585471629924106,0.0,-1380.0,26.0,-1406.0,EXP,0.0
2020-05-29,2020-07-02,233.36,252.19,246.0,254.0,0.20276,0.06577,2020-07-02,34,34,10,1.1800000000000002,1180.0000000000002,91598.0,0.012882377344483506,6.189999999999998,5009.999999999998,26.0,4983.999999999998,EXP,5.245762711864404
2020-06-12,2020-07-17,235.88,259.42,251.0,263.0,0.22179,0.06749,2020-07-17,35,35,10,1.77,1770.0,94819.0,0.01866714477056286,8.200000000000001,6430.000000000001,26.0,6404.000000000001,EXP,4.632768361581921
2020-06-19,2020-07-24,244.24,255.56,259.0,269.0,0.20412,0.07338,2020-07-24,35,35,10,1.42,1420.0,101613.0,0.013974589865469969,0.0,-1420.0,26.0,-1446.0,EXP,0.0
2020-06-26,2020-07-31,240.22,265.79,257.0,269.0,0.21139,0.06822,2020-07-31,35,35,10,1.8099999999999998,1809.9999999999998,95507.0,0.018951490466667362,9.0,7190.0,26.0,7164.0,EXP,4.972375690607735
2020-07-24,2020-08-24,255.56,283.63,273.0,285.0,0.20713,0.06714,2020-08-28,35,31,10,1.6800000000000002,1680.0000000000002,107355.0,0.015649014950398214,8.91,7230.0,26.0,7204.0,TP,5.303571428571428
2020-07-31,2020-08-31,265.79,294.88,281.0,292.5,0.2056,0.0653,2020-09-04,35,31,10,1.6300000000000001,1630.0,114399.0,0.014248376296995604,9.379999999999999,7749.999999999999,26.0,7723.999999999999,TP,5.754601226993864
2020-08-07,2020-09-02,271.47,302.76,287.5,298.0,0.20964,0.07062,2020-09-11,35,26,10,1.49,1490.0,116386.0,0.012802227071984603,7.989999999999998,6499.999999999998,26.0,6473.999999999998,TP,5.36241610738255
2020-08-21,2020-09-11,281.87,270.45,297.5,307.5,0.21299,0.09603,2020-09-25,35,21,10,1.47,1470.0,123643.0,0.011889067719159192,0.11,-1360.0,26.0,-1386.0,SL,0.07482993197278912
2020-10-30,2020-12-04,269.38,305.52,293.0,309.0,0.2103,0.06774,2020-12-04,35,35,10,2.36,2360.0,133128.0,0.01772730004206478,12.36,10000.0,26.0,9974.0,EXP,5.237288135593221
2020-12-24,2021-01-29,309.56,314.56,325.0,337.0,0.21704,0.07127,2021-01-29,36,36,10,1.7400000000000002,1740.0000000000002,143102.0,0.012159159201129265,0.0,-1740.0000000000002,26.0,-1766.0000000000002,EXP,0.0
2020-12-31,2021-02-05,313.74,331.36,330.0,344.0,0.22046,0.0658,2021-02-05,36,36,10,2.15,2150.0,143559.0,0.014976420844391505,1.42,-730.0,26.0,-756.0,EXP,0.6604651162790698
2021-01-15,2021-02-19,311.86,331.02,329.0,342.0,0.21507,0.07277,2021-02-19,35,35,10,1.96,1960.0,140876.0,0.013912944717340073,1.9,-60.00000000000006,26.0,-86.00000000000006,EXP,0.9693877551020408
2021-01-29,2021-02-25,314.56,312.83,337.0,352.0,0.20639,0.06945,2021-03-05,35,27,10,2.13,2130.0,139850.0,0.015230604218805864,0.15,-1980.0,26.0,-2006.0,SL,0.07042253521126761
2021-02-19,2021-02-26,331.02,314.14,348.0,360.0,0.20684,0.07072,2021-03-26,35,7,10,1.73,1730.0,140661.0,0.012299073659365424,0.23,-1500.0,26.0,-1526.0,SL,0.13294797687861273
2021-02-26,2021-03-08,314.14,299.94,334.0,347.5,0.21126,0.07074,2021-04-01,34,10,10,2.15,2150.0,136962.0,0.01569778478702122,0.31999999999999995,-1830.0,26.0,-1856.0,SL,0.14883720930232555
2021-07-30,2021-09-03,364.57,381.57,379.0,390.0,0.21106,0.06512,2021-09-03,35,35,10,1.54,1540.0,135106.0,0.011398457507438604,2.41,870.0000000000001,26.0,844.0000000000001,EXP,1.564935064935065
2021-08-20,2021-09-20,367.73,365.7,381.0,390.0,0.19903,0.07832,2021-09-24,35,31,10,1.33,1330.0,133873.0,0.009934788941758234,0.11,-1220.0,26.0,-1246.0,SL,0.08270676691729323
2021-08-27,2021-09-20,376.04,365.7,387.5,396.0,0.19972,0.07135,2021-10-01,35,24,10,1.2000000000000002,1200.0000000000002,135300.0,0.00886917960088692,0.07,-1130.0000000000002,26.0,-1156.0000000000002,SL,0.05833333333333333
2021-09-10,2021-09-20,376.59,365.7,390.0,400.0,0.21955,0.07302,2021-10-15,35,10,10,1.6300000000000001,1630.0,136634.0,0.011929680752960463,0.19,-1440.0000000000002,26.0,-1466.0000000000002,SL,0.1165644171779141
2021-09-17,2021-09-28,373.83,359.87,387.0,397.5,0.22203,0.0694,2021-10-22,35,11,10,1.5299999999999998,1529.9999999999998,133051.0,0.011499349873356832,0.17,-1360.0,26.0,-1386.0,SL,0.11111111111111113
2021-10-01,2021-11-02,360.18,389.05,377.0,388.0,0.2021,0.07162,2021-11-05,35,32,10,1.7299999999999998,1729.9999999999998,130696.0,0.013236824386362244,9.15,7420.000000000001,26.0,7394.000000000001,TP,5.289017341040464
2021-10-08,2021-11-03,361.16,393.18,376.0,386.0,0.21766,0.06783,2021-11-12,35,26,10,1.5799999999999998,1579.9999999999998,129933.0,0.012160113289156718,8.890000000000002,7310.000000000002,26.0,7284.000000000002,TP,5.626582278481015
2021-11-26,2021-12-16,391.2,386.84,411.0,426.0,0.21004,0.06767,2021-12-31,35,20,10,2.3499999999999996,2349.9999999999995,145374.0,0.016165201480319726,0.28,-2069.9999999999995,26.0,-2095.9999999999995,SL,0.1191489361702128
2021-12-03,2022-01-04,383.13,396.47,406.0,421.0,0.207,0.06839,2022-01-07,35,32,10,2.39,2390.0,143941.0,0.016604025260349726,0.15000000000000002,-2240.0000000000005,26.0,-2266.0000000000005,SL,0.06276150627615064
2021-12-17,2022-01-07,384.91,379.86,405.0,420.0,0.21527,0.07377,2022-01-21,35,21,10,2.17,2170.0,141915.0,0.015290843110312511,0.16,-2009.9999999999998,26.0,-2035.9999999999998,SL,0.07373271889400922
2022-01-07,2022-01-19,379.86,366.48,399.0,413.0,0.2111,0.07143,2022-02-11,35,12,10,2.01,2009.9999999999998,138976.0,0.014462928851024636,0.32,-1689.9999999999998,26.0,-1715.9999999999998,SL,0.1592039800995025
2022-01-21,2022-02-11,351.69,347.06,376.0,393.0,0.21386,0.07202,2022-02-25,35,21,10,2.5,2500.0,137260.0,0.018213609208800816,0.21000000000000002,-2290.0,26.0,-2316.0,SL,0.084
2022-01-28,2022-02-17,351.8,345.45,375.0,390.0,0.205,0.06948,2022-03-04,35,20,10,2.24,2240.0000000000005,136287.0,0.016435903644514888,0.21000000000000002,-2030.0000000000002,26.0,-2056.0,SL,0.09375
2022-02-11,2022-02-23,347.06,329.42,370.0,386.0,0.21462,0.07219,2022-03-18,35,12,10,2.5,2500.0,133271.0,0.018758769724846365,0.27,-2230.0,26.0,-2256.0,SL,0.10800000000000001
2022-02-18,2022-03-07,341.51,324.86,364.0,380.0,0.20533,0.07132,2022-03-25,35,17,10,2.2800000000000002,2280.0000000000005,131305.0,0.01736415216480713,0.24,-2040.0,26.0,-2066.0,SL,0.10526315789473682
2022-03-04,2022-03-14,337.3,318.17,360.0,376.0,0.21038,0.06789,2022-04-08,35,10,10,2.3600000000000003,2360.0000000000005,129049.0,0.01828762718037335,0.33999999999999997,-2020.0000000000005,26.0,-2046.0000000000005,SL,0.14406779661016947
2022-04-14,2022-04-26,338.43,317.14,358.0,372.0,0.21184,0.0751,2022-05-18,34,12,10,2.09,2090.0,126520.0,0.016519127410686056,0.22,-1870.0,26.0,-1896.0,SL,0.10526315789473685
2022-04-22,2022-05-06,325.4,309.25,348.0,364.0,0.21362,0.07055,2022-05-27,35,14,10,2.4400000000000004,2440.0000000000005,124987.0,0.019522030291150284,0.24,-2200.0000000000005,26.0,-2226.0000000000005,SL,0.0983606557377049
2022-04-29,2022-05-11,313.25,291.84,339.0,355.0,0.2098,0.07225,2022-06-03,35,12,10,2.42,2420.0,122961.0,0.019681037076796706,0.21000000000000002,-2210.0,26.0,-2236.0,SL,0.08677685950413225
2022-07-08,2022-08-12,295.35,330.39,316.0,330.0,0.2164,0.08373,2022-08-12,35,35,10,2.0199999999999996,2019.9999999999995,120162.0,0.016810638970722852,13.76,11740.0,26.0,11714.0,EXP,6.8118811881188135
2022-12-09,2022-12-19,282.04,269.75,302.0,315.0,0.21169,0.07106,2023-01-13,35,10,10,1.8699999999999997,1869.9999999999998,131876.0,0.014179987260760106,0.23000000000000004,-1639.9999999999998,26.0,-1665.9999999999998,SL,0.12299465240641716
2023-02-17,2023-03-09,301.16,292.66,319.0,332.0,0.21624,0.07072,2023-03-24,35,20,10,1.8399999999999999,1840.0,130210.0,0.014131019122955226,0.2,-1640.0,26.0,-1666.0,SL,0.10869565217391305
2023-04-21,2023-05-26,316.61,348.4,332.0,342.0,0.21694,0.07672,2023-05-26,35,35,10,1.48,1480.0,128544.0,0.011513567338810057,9.690000000000001,8210.000000000002,26.0,8184.000000000002,EXP,6.547297297297298
2023-05-05,2023-06-01,322.89,352.01,338.0,346.0,0.19827,0.07459,2023-06-09,35,27,10,1.19,1190.0,128551.0,0.009257026394193743,6.74,5550.000000000001,26.0,5524.000000000001,TP,5.663865546218488
2023-09-22,2023-10-19,357.91,359.97,377.0,389.0,0.2092,0.06163,2023-10-27,35,27,10,1.6800000000000002,1680.0000000000002,142252.0,0.011810027275539186,0.26,-1420.0000000000002,26.0,-1446.0000000000002,SL,0.15476190476190474
2023-10-06,2023-10-20,364.7,354.6,384.0,395.0,0.21124,0.08311,2023-11-10,35,14,10,1.65,1650.0,142409.0,0.011586346368558167,0.21999999999999997,-1430.0,26.0,-1456.0,SL,0.13333333333333333
2023-10-27,2023-11-14,345.31,385.33,366.0,379.0,0.20468,0.07186,2023-12-01,35,18,10,1.8600000000000003,1860.0000000000002,137867.0,0.013491263318995845,11.129999999999999,9270.0,26.0,9244.0,TP,5.983870967741934
2023-10-20,2023-11-20,354.6,390.74,375.0,388.0,0.20266,0.06823,2023-11-24,35,31,10,1.92,1920.0,139350.0,0.013778256189451023,11.67,9750.0,26.0,9724.0,TP,6.078125
2023-11-03,2023-12-08,367.71,392.17,385.0,395.0,0.21387,0.08166,2023-12-08,35,35,10,1.42,1420.0,144254.0,0.009843747833682255,6.67,5250.0,26.0,5224.0,EXP,4.69718309859155
2024-01-19,2024-02-21,421.18,425.61,440.0,450.0,0.21196,0.08535,2024-02-23,35,33,10,1.45,1450.0,163542.0,0.008866223966932043,0.21,-1240.0,26.0,-1266.0,SL,0.14482758620689656
2024-04-05,2024-04-17,440.47,425.84,460.0,475.0,0.22914,0.06987,2024-05-10,35,12,10,2.23,2230.0,162276.0,0.013742019768788976,0.3,-1930.0,26.0,-1956.0,SL,0.13452914798206278
2024-04-19,2024-05-20,414.65,454.91,438.0,453.0,0.20821,0.07197,2024-05-24,35,31,10,2.27,2270.0,160320.0,0.014159181636726546,12.27,10000.0,26.0,9974.0,TP,5.405286343612334
2024-04-26,2024-05-31,431.0,450.71,452.0,465.0,0.20451,0.08172,2024-05-31,35,35,10,1.8299999999999998,1829.9999999999998,162537.0,0.011258974879565882,0.0,-1829.9999999999998,26.0,-1855.9999999999998,EXP,0.0
2024-07-19,2024-07-30,475.24,457.53,499.0,516.0,0.2123,0.07618,2024-08-23,35,11,10,2.41,2410.0,168438.0,0.014307935264014058,0.0,-2410.0,26.0,-2436.0,SL,0.0
2024-08-09,2024-09-06,450.41,448.69,477.0,495.0,0.20851,0.06887,2024-09-13,35,28,10,2.6100000000000003,2610.0000000000005,166002.0,0.015722702136118843,0.07,-2540.0000000000005,26.0,-2566.0000000000005,SL,0.02681992337164751
2024-09-06,2024-10-09,448.69,493.15,475.0,491.0,0.21025,0.068,2024-10-11,35,33,10,2.3600000000000003,2360.0000000000005,163436.0,0.014439903081328474,13.71,11350.000000000002,26.0,11324.000000000002,TP,5.8093220338983045
2024-10-25,2024-11-21,495.32,504.98,520.0,535.0,0.21056,0.07695,2024-11-29,35,27,10,2.3,2299.9999999999995,174760.0,0.01316090638590066,0.27,-2029.9999999999998,26.0,-2056.0,SL,0.1173913043478261
2024-11-01,2024-12-06,487.43,526.48,514.0,530.0,0.21423,0.08297,2024-12-06,35,35,10,2.59,2590.0,173497.0,0.014928212015193346,10.120000000000001,7530.000000000001,26.0,7504.000000000001,EXP,3.907335907335908
2024-12-27,2025-01-10,522.56,507.19,546.0,560.0,0.20509,0.07209,2025-01-31,35,14,10,2.0300000000000002,2030.0000000000002,180208.0,0.011264760720944688,0.24,-1790.0000000000002,26.0,-1816.0000000000002,SL,0.11822660098522166
2025-01-10,2025-02-14,507.19,538.15,534.0,550.0,0.20661,0.07698,2025-02-14,35,35,10,2.33,2330.0,178392.0,0.013061123817211534,4.33,2000.0,26.0,1974.0,EXP,1.8583690987124464
2025-02-14,2025-02-24,538.15,519.87,560.0,575.0,0.21464,0.08184,2025-03-21,35,10,10,2.2199999999999998,2219.9999999999995,182713.0,0.012150202777032831,0.28,-1939.9999999999998,26.0,-1965.9999999999998,SL,0.12612612612612614
2025-02-07,2025-02-27,522.92,500.27,546.0,560.0,0.20929,0.07427,2025-03-14,35,20,10,2.1399999999999997,2139.9999999999995,177079.0,0.012085001609451146,0.04999999999999999,-2090.0,26.0,-2116.0,SL,0.02336448598130841
2025-02-21,2025-02-27,526.08,500.27,549.0,565.0,0.21265,0.06553,2025-03-28,35,6,10,2.26,2259.9999999999995,177940.0,0.012700910419242439,0.27,-1989.9999999999998,26.0,-2015.9999999999998,SL,0.11946902654867259
2025-02-28,2025-03-10,508.17,472.73,534.0,550.0,0.20283,0.06992,2025-04-04,35,10,10,2.43,2430.0000000000005,174268.0,0.013944040213923386,0.19000000000000003,-2240.0000000000005,26.0,-2266.0000000000005,SL,0.07818930041152264
2025-03-07,2025-03-18,491.79,474.54,520.0,540.0,0.2114,0.0687,2025-04-11,35,11,10,3.02,3020.0,172395.0,0.017517909452130283,0.35,-2670.0,26.0,-2696.0,SL,0.11589403973509933
2025-03-21,2025-04-03,480.84,450.66,506.0,522.0,0.20921,0.07403,2025-04-25,35,13,10,2.42,2420.0,169306.0,0.014293645824719738,0.16000000000000003,-2259.9999999999995,26.0,-2285.9999999999995,SL,0.06611570247933886
2025-04-11,2025-04-21,454.4,433.11,490.0,513.0,0.21651,0.06935,2025-05-16,35,10,10,3.7100000000000004,3710.0000000000005,172487.0,0.021508867334929592,0.5700000000000001,-3140.0000000000005,26.0,-3166.0000000000005,SL,0.15363881401617252
2025-04-04,2025-05-09,422.67,487.97,465.0,491.0,0.20521,0.06914,2025-05-09,35,35,10,4.15,4150.000000000001,167020.0,0.024847323673811525,22.77,18619.999999999996,26.0,18593.999999999996,EXP,5.486746987951807
2025-04-17,2025-05-12,444.1,507.85,478.0,500.0,0.20841,0.06062,2025-05-23,36,25,10,3.22,3220.0,164394.0,0.019587089553146707,17.840000000000003,14620.000000000002,26.0,14594.000000000002,TP,5.5403726708074545
2025-04-25,2025-05-29,472.56,519.93,502.0,523.0,0.21386,0.0717,2025-05-30,35,34,10,3.07,3070.0,177298.0,0.017315480152060372,16.32,13250.0,26.0,13224.0,TP,5.315960912052118
2025-05-09,2025-06-12,487.97,533.66,515.0,535.0,0.2202,0.07214,2025-06-13,35,34,10,2.9,2900.0,191812.0,0.015118970658770046,15.709999999999999,12809.999999999998,26.0,12783.999999999998,TP,5.417241379310345
2025-05-23,2025-06-27,509.24,548.09,535.0,555.0,0.23065,0.07559,2025-06-27,35,35,10,2.87,2870.0,206986.0,0.013865672074439818,10.49,7620.0,26.0,7594.0,EXP,3.6550522648083623
2025-06-13,2025-07-18,526.96,561.26,550.0,570.0,0.22691,0.07152,2025-07-18,35,35,10,2.92,2920.0,223947.0,0.013038799358776854,9.33,6410.0,26.0,6384.0,EXP,3.195205479452055
2025-06-20,2025-07-25,526.83,566.37,550.0,570.0,0.22542,0.05853,2025-07-25,35,35,10,2.9,2900.0,220894.0,0.013128468858366457,14.89,11990.0,26.0,11964.0,EXP,5.13448275862069
2025-07-03,2025-08-01,556.22,553.88,580.0,600.0,0.23663,0.06953,2025-08-08,36,29,10,2.85,2850.0,243948.0,0.011682817649663044,0.05,-2800.0,26.0,-2826.0,SL,0.017543859649122806
2025-07-18,2025-08-05,561.26,560.27,585.0,600.0,0.20397,0.08008,2025-08-22,35,18,10,2.11,2110.0,242832.0,0.008689134875140014,0.09999999999999998,-2009.9999999999998,26.0,-2035.9999999999998,SL,0.04739336492890994
2025-08-01,2025-09-03,553.88,570.07,579.0,595.0,0.2176,0.06483,2025-09-05,35,33,10,2.42,2420.0,244503.0,0.009897629067945996,0.32999999999999996,-2090.0,26.0,-2116.0,SL,0.13636363636363635
2025-08-29,2025-09-04,570.4,575.23,592.0,610.0,0.21546,0.06417,2025-10-03,35,6,10,2.52,2520.0,242777.0,0.01037989595390008,0.0,-2520.0,26.0,-2546.0,SL,0.0
2025-09-05,2025-10-10,576.06,589.5,598.0,610.0,0.21396,0.08313,2025-10-10,35,35,10,1.85,1850.0,239468.0,0.007725458098785641,0.0,-1850.0,26.0,-1876.0,EXP,0.0
2025-09-26,2025-10-31,595.97,629.07,622.0,640.0,0.21058,0.07888,2025-10-31,35,35,10,2.54,2540.0,242415.0,0.010477899469917291,4.59,2049.9999999999995,26.0,2023.9999999999995,EXP,1.8070866141732282
2025-10-10,2025-11-13,589.5,608.4,622.0,645.0,0.20792,0.06559,2025-11-14,35,34,10,3.29,3290.0,236429.0,0.013915382630726348,0.19,-3100.0,26.0,-3126.0,SL,0.057750759878419454
2025-10-17,2025-11-17,603.93,603.66,635.0,655.0,0.21244,0.07602,2025-11-21,35,31,10,3.08,3080.0,239666.0,0.01285121794497342,0.24,-2840.0,26.0,-2866.0,SL,0.07792207792207792
2025-11-07,2025-11-20,609.74,585.67,644.0,665.0,0.20204,0.07271,2025-12-12,35,13,10,3.1000000000000005,3100.0000000000005,237380.0,0.013059229926699807,0.31999999999999995,-2780.0000000000005,26.0,-2806.0000000000005,SL,0.10322580645161288
2025-11-14,2025-12-11,608.86,625.58,644.0,665.0,0.20785,0.08035,2025-12-19,35,27,10,3.0700000000000003,3070.0,232994.0,0.013176304969226676,0.44999999999999996,-2620.0,26.0,-2646.0,SL,0.14657980456026057
2025-11-28,2025-12-12,619.25,613.62,647.0,665.0,0.21816,0.07828,2026-01-02,35,14,10,2.63,2630.0,233982.0,0.011240180868613826,0.38,-2250.0,26.0,-2276.0,SL,0.14448669201520914
2025-11-21,2025-12-15,590.07,610.54,625.0,647.0,0.20144,0.07093,2025-12-26,35,24,10,3.3299999999999996,3329.9999999999995,228375.0,0.014581280788177338,1.52,-1809.9999999999998,26.0,-1835.9999999999998,END,0.4564564564564565
