date,action,asset,price,shares,pnl,reason
2016-02-23,BUY,QQQ,95.27733215522096,1049.5675911357919,,"QQQ RT10/RT15 crossover, RT <= 1.12"
2016-03-02,SELL,QQQ,98.04248361811275,1049.5675911357919,2902.2133600329544,"QLD entry: Confirmed Up, RT <= 1.40"
2016-03-02,BUY,QLD,4.234810309502618,24299.131682268646,,"QLD entry: Confirmed Up, RT <= 1.40"
2016-04-28,SELL,QLD,4.402702725156106,24299.131682268646,4079.639916418295,QLD Confirmed-Down proxy exit
2016-05-11,BUY,QLD,4.354733210194942,24566.798495483985,,"QLD entry: Confirmed Up, RT <= 1.40"
2016-05-12,SELL,QLD,4.3122984910850635,24566.798495483985,-1042.485193584842,QLD Confirmed-Down proxy exit
2016-05-17,BUY,QQQ,99.32911669963958,1066.5489798244707,,"QQQ RT10/RT15 crossover, RT <= 1.12"
2016-05-25,SELL,QQQ,101.32070027837891,1066.5489798244707,2124.121434139597,"QLD entry: Confirmed Up, RT <= 1.40"
2016-05-25,BUY,QLD,4.4863404224123675,24087.224629043812,,"QLD entry: Confirmed Up, RT <= 1.40"
2016-06-14,SELL,QLD,4.395322258916851,24087.224629043812,-2192.374949439545,QLD Confirmed-Down proxy exit
2016-06-24,BUY,QLD,4.169496258746906,25391.82385533182,,"QLD entry: Confirmed Up, RT <= 1.40"
2016-06-27,SELL,QLD,4.073504594576389,25391.82385533182,-2437.4034281979402,QLD Confirmed-Down proxy exit
2016-07-01,BUY,QLD,4.3774795223383585,23628.599656844628,,"QLD entry: Confirmed Up, RT <= 1.40"
2016-09-12,SELL,QLD,4.86851615922151,23628.599656844628,11602.508109755392,QLD Confirmed-Down proxy exit
2016-09-13,BUY,QLD,5.045731099083788,22798.721729347086,,"QLD entry: Confirmed Up, RT <= 1.40"
2016-11-01,SELL,QLD,5.181104077313319,22798.721729347086,3086.330860328031,QLD Confirmed-Down proxy exit
2016-11-09,BUY,QLD,5.04203892719159,23427.53632313705,,"QLD entry: Confirmed Up, RT <= 1.40"
2016-11-11,SELL,QLD,5.0020432925030205,23427.53632313705,-936.9991844333854,QLD Confirmed-Down proxy exit
2016-11-17,BUY,QLD,5.14172372700807,22791.10219584045,,"QLD entry: Confirmed Up, RT <= 1.40"
2016-12-02,SELL,QLD,5.021733719208974,22791.10219584045,-2734.7045302288752,QLD Confirmed-Down proxy exit
2016-12-08,BUY,QLD,5.270327441044123,21716.078872722836,,"QLD entry: Confirmed Up, RT <= 1.40"
2017-04-26,SELL,QLD,6.876619767870059,21716.078872722836,34882.37086200151,QLD 30% profit exit
2017-06-30,BUY,QQQ,130.08118351920157,1148.0001428088774,,"QQQ RT10/RT15 crossover, RT <= 1.12"
2017-07-11,SELL,QQQ,130.53362277876877,1148.0001428088774,519.4003345954989,"QLD entry: Confirmed Up, RT <= 1.40"
2017-07-11,BUY,QLD,7.1911296685806025,20838.536432755613,,"QLD entry: Confirmed Up, RT <= 1.40"
2017-08-11,SELL,QLD,7.4633522991269885,20838.536432755613,5672.721204461413,QLD Confirmed-Down proxy exit
2017-08-14,BUY,QLD,7.671525498046816,20273.065485534153,,"QLD entry: Confirmed Up, RT <= 1.40"
2017-08-18,SELL,QLD,7.474439996444179,20273.065485534153,-3995.527280239592,QLD Confirmed-Down proxy exit
2017-08-23,BUY,QLD,7.58529966876911,19976.773249908758,,"QLD entry: Confirmed Up, RT <= 1.40"
2017-09-26,SELL,QLD,7.706013721012373,19976.773249908758,2411.4772497413214,QLD Confirmed-Down proxy exit
2017-09-28,BUY,QLD,7.772530010978199,19805.814650817385,,"QLD entry: Confirmed Up, RT <= 1.40"
2018-01-18,SELL,QLD,10.185588572250648,19805.814650817385,47792.590606130165,QLD 30% profit exit
2018-02-07,BUY,QLD,9.684253085974916,20831.124257134325,,"QLD entry: Confirmed Up, RT <= 1.40"
2018-02-08,SELL,QLD,9.536437295149776,20831.124257134325,-3079.169105845067,QLD Confirmed-Down proxy exit
2018-02-15,BUY,QLD,9.924449428109664,20016.698327160826,,"QLD entry: Confirmed Up, RT <= 1.40"
2018-03-23,SELL,QLD,9.718743401214626,20016.698327160826,-4117.555484436802,QLD Confirmed-Down proxy exit
2018-04-12,BUY,QQQ,152.91808878054334,1272.1657479016976,,"QQQ RT10/RT15 crossover, RT <= 1.12"
2018-04-18,SELL,QQQ,157.51744589436908,1272.1657479016976,5851.144582577108,"QLD entry: Confirmed Up, RT <= 1.40"
2018-04-18,BUY,QLD,10.058714306729563,19921.86011583109,,"QLD entry: Confirmed Up, RT <= 1.40"
2018-04-23,SELL,QLD,9.680556393882272,19921.86011583109,-7533.60904143838,QLD Confirmed-Down proxy exit
2018-05-02,BUY,QLD,9.662082076993645,19959.951570018493,,"QLD entry: Confirmed Up, RT <= 1.40"
2018-05-03,SELL,QLD,9.421885828222583,19959.951570018493,-4794.305492770509,QLD Confirmed-Down proxy exit
2018-05-07,BUY,QLD,9.961403043072846,18878.905312474373,,"QLD entry: Confirmed Up, RT <= 1.40"
2018-06-28,SELL,QLD,10.40238123005818,18878.905312474373,8325.185436962784,QLD Confirmed-Down proxy exit
2018-06-29,BUY,QLD,10.717714493400216,18323.45603043074,,"QLD entry: Confirmed Up, RT <= 1.40"
2018-10-08,SELL,QLD,11.53685097047102,18323.45603043074,15009.411220528826,QLD Confirmed-Down proxy exit
2018-10-25,BUY,QQQ,159.86191966261035,1322.3598336189661,,"QQQ RT10/RT15 crossover, RT <= 1.12"
2018-11-08,SELL,QQQ,166.3835704991917,1322.3598336189661,8623.9691151827,"QLD entry: Confirmed Up, RT <= 1.40"
2018-11-08,BUY,QLD,10.802705402741728,20367.023111303195,,"QLD entry: Confirmed Up, RT <= 1.40"
2018-11-09,SELL,QLD,10.557586048268945,20367.023111303195,-4992.351557574875,QLD Confirmed-Down proxy exit
2018-12-04,BUY,QLD,10.307532288100063,20861.113313504895,,"QLD entry: Confirmed Up, RT <= 1.40"
2018-12-06,SELL,QLD,9.23835002488223,20861.113313504895,-22304.332345776842,QLD 5% loss exit
2019-01-08,BUY,QQQ,152.32767912162282,1265.1821901981052,,"QQQ RT10/RT15 crossover, RT <= 1.12"
2019-01-16,SELL,QQQ,155.29709216888463,1265.1821901981052,3756.848502737528,"QLD entry: Confirmed Up, RT <= 1.40"
2019-01-16,BUY,QLD,9.158382306933689,21453.47383597153,,"QLD entry: Confirmed Up, RT <= 1.40"
2019-01-30,SELL,QLD,9.2175487347605,21453.47383597153,1269.325411350408,QLD Confirmed-Down proxy exit
2019-01-31,BUY,QLD,9.579940008151434,20641.928910276638,,"QLD entry: Confirmed Up, RT <= 1.40"
2019-04-30,SELL,QLD,12.288035262058521,20641.928910276638,55900.30971340765,QLD 30% profit exit
2019-05-16,BUY,QLD,11.427059881812893,22197.201463001642,,"QLD entry: Confirmed Up, RT <= 1.40"
2019-05-21,SELL,QLD,11.212432516129683,22197.201463001642,-4764.12687554353,QLD Confirmed-Down proxy exit
2019-06-10,BUY,QLD,11.251904599282144,22119.332887582383,,"QLD entry: Confirmed Up, RT <= 1.40"
2019-08-05,SELL,QLD,11.365227903184238,22119.332887582383,2506.635882931063,QLD Confirmed-Down proxy exit
2019-08-09,BUY,QLD,11.823046428710228,21262.815878258905,,"QLD entry: Confirmed Up, RT <= 1.40"
2019-08-12,SELL,QLD,11.568840080890826,21262.815878258905,-5405.142768768594,QLD Confirmed-Down proxy exit
2019-08-14,BUY,QLD,11.55279784313923,21292.341466105143,,"QLD entry: Confirmed Up, RT <= 1.40"
2019-08-15,SELL,QLD,11.265274146474178,21292.341466105143,-6122.052728989103,QLD Confirmed-Down proxy exit
2019-08-20,BUY,QLD,11.871170298340772,20205.595388479942,,"QLD entry: Confirmed Up, RT <= 1.40"
2019-08-21,SELL,QLD,11.95385213728988,20205.595388479942,1670.635783781152,QLD Confirmed-Down proxy exit
2019-08-22,BUY,QLD,11.992105827633539,20141.141438497358,,"QLD entry: Confirmed Up, RT <= 1.40"
2019-08-26,SELL,QLD,11.368931415728694,20141.141438497358,-12551.443971027882,QLD 5% loss exit
2019-08-30,BUY,QLD,11.952616973623329,19157.583327072298,,"QLD entry: Confirmed Up, RT <= 1.40"
2019-09-04,SELL,QLD,11.761346183142024,19157.583327072298,-3664.286106680578,QLD Confirmed-Down proxy exit
2019-09-05,BUY,QLD,12.130314385092731,18574.866437013996,,"QLD entry: Confirmed Up, RT <= 1.40"
2019-09-25,SELL,QLD,11.819344269672383,18574.866437013996,-5776.228359835804,QLD Confirmed-Down proxy exit
2019-09-26,BUY,QLD,12.085892500370692,18165.207176509102,,"QLD entry: Confirmed Up, RT <= 1.40"
2019-09-30,SELL,QLD,11.804535950123492,18165.207176509102,-5110.900025708252,QLD Confirmed-Down proxy exit
2019-10-01,BUY,QLD,12.024189512502812,17833.37171570489,,"QLD entry: Confirmed Up, RT <= 1.40"
2019-10-02,SELL,QLD,11.589819700575665,17833.37171570489,-7746.278318177618,QLD Confirmed-Down proxy exit
2019-10-07,BUY,QLD,11.855129909998158,17434.272286131152,,"QLD entry: Confirmed Up, RT <= 1.40"
2019-10-08,SELL,QLD,11.699642861274617,17434.272286131152,-2710.803544413153,QLD Confirmed-Down proxy exit
2019-10-11,BUY,QLD,12.167335611394726,16764.126987910942,,"QLD entry: Confirmed Up, RT <= 1.40"
2020-01-10,SELL,QLD,16.07097015397308,16764.126987910942,65441.02518617912,QLD 30% profit exit
2020-03-16,BUY,QQQ,167.64747559955362,1607.0375263130338,,"QQQ RT10/RT15 crossover, RT <= 1.12"
2020-04-09,SELL,QQQ,195.20959807599692,1607.0375263130338,44293.36512448033,"QLD entry: Confirmed Up, RT <= 1.40"
2020-04-09,BUY,QLD,12.382318815817058,25335.250551284673,,"QLD entry: Confirmed Up, RT <= 1.40"
2020-06-01,SELL,QLD,16.154175907976143,25335.250551284673,95560.94447349047,QLD 30% profit exit
2020-09-10,BUY,QLD,23.15217945381358,17677.389504282197,,"QLD entry: Confirmed Up, RT <= 1.40"
2020-09-11,SELL,QLD,22.07063072736606,17677.389504282197,-19118.958105273196,QLD 5% loss exit
2020-09-15,BUY,QLD,22.78919589844826,17120.004484203622,,"QLD entry: Confirmed Up, RT <= 1.40"
2020-09-18,SELL,QLD,21.594051698719806,17120.004484203622,-20460.874058621062,QLD 5% loss exit
2020-09-23,BUY,QLD,21.734800969082386,17009.139510414192,,"QLD entry: Confirmed Up, RT <= 1.40"
2020-09-24,SELL,QLD,20.045798549259185,17009.139510414192,-28728.477792199992,QLD 5% loss exit
2020-09-28,BUY,QLD,22.396574607833994,15223.836238008667,,"QLD entry: Confirmed Up, RT <= 1.40"
2020-10-29,SELL,QLD,21.67801176103592,15223.836238008667,-10939.283106371178,QLD Confirmed-Down proxy exit
2020-11-05,BUY,QLD,24.939956377612823,13232.681566030287,,"QLD entry: Confirmed Up, RT <= 1.40"
2020-11-11,SELL,QLD,23.623819095171978,13232.681566030287,-17416.025555720204,QLD 5% loss exit
2021-03-02,BUY,QLD,30.071169998841864,10395.55412948535,,"QLD entry: Confirmed Up, RT <= 1.40"
2021-03-03,SELL,QLD,28.784666187091393,10395.55412948535,-13373.920012841234,QLD Confirmed-Down proxy exit
2021-03-12,BUY,QLD,28.021645381504943,10678.621878663022,,"QLD entry: Confirmed Up, RT <= 1.40"
2021-03-15,SELL,QLD,28.372288480881444,10678.621878663022,3744.385072604113,QLD Confirmed-Down proxy exit
2021-03-16,BUY,QLD,29.325441500718348,10331.538930530944,,"QLD entry: Confirmed Up, RT <= 1.40"
2021-03-19,SELL,QLD,27.643843223084446,10331.538930530944,-17373.498070888454,QLD 5% loss exit
2021-03-23,BUY,QLD,29.093324305775788,9816.803313607279,,"QLD entry: Confirmed Up, RT <= 1.40"
2021-03-25,SELL,QLD,27.33765146387731,9816.803313607279,-17235.094971959246,QLD Confirmed-Down proxy exit
2021-04-01,BUY,QLD,29.68842901833932,9039.493039899604,,"QLD entry: Confirmed Up, RT <= 1.40"
2021-05-11,SELL,QLD,28.9056570786861,9039.493039899604,-7075.861500323983,QLD Confirmed-Down proxy exit
2021-05-21,BUY,QLD,30.841595373854528,8472.080734124871,,"QLD entry: Confirmed Up, RT <= 1.40"
2021-05-24,SELL,QLD,30.64157873384816,8472.080734124871,-1694.557122302329,QLD Confirmed-Down proxy exit
2021-05-25,BUY,QLD,31.513244448018693,8237.74046123413,,"QLD entry: Confirmed Up, RT <= 1.40"
2021-09-08,SELL,QLD,40.990423459598134,8237.74046123413,78070.54100204684,QLD 30% profit exit
2021-09-23,BUY,QLD,38.6445882544696,8737.794478045647,,"QLD entry: Confirmed Up, RT <= 1.40"
2021-09-29,SELL,QLD,36.649390926038855,8737.794478045647,-17433.624198973645,QLD 5% loss exit
2021-10-15,BUY,QLD,37.9383665081413,8440.923401078917,,"QLD entry: Confirmed Up, RT <= 1.40"
2021-12-06,SELL,QLD,41.03487780255561,8440.923401078917,26137.414646726917,QLD Confirmed-Down proxy exit
2021-12-07,BUY,QLD,43.03995695223883,8047.690677023041,,"QLD entry: Confirmed Up, RT <= 1.40"
2021-12-17,SELL,QLD,40.81264097070573,8047.690677023041,-17924.75005936838,QLD Confirmed-Down proxy exit
2021-12-20,BUY,QQQ,369.2481385657117,889.5034962679609,,"QQQ RT10/RT15 crossover, RT <= 1.12"
2021-12-22,SELL,QQQ,378.33401801404176,889.5034962679609,8081.921535958769,"QLD entry: Confirmed Up, RT <= 1.40"
2021-12-22,BUY,QLD,42.09173213383395,7995.143338615152,,"QLD entry: Confirmed Up, RT <= 1.40"
2022-01-06,SELL,QLD,40.59040434510947,7995.143338615152,-12003.330869098369,QLD Confirmed-Down proxy exit
2022-02-07,BUY,QQQ,348.86774024734893,930.22674060206,,"QQQ RT10/RT15 crossover, RT <= 1.12"
2022-03-21,SELL,QQQ,341.0978630452481,930.22674060206,-7227.747544588463,"QLD entry: Confirmed Up, RT <= 1.40"
2022-03-21,BUY,QLD,33.301016690539434,9528.188172616696,,"QLD entry: Confirmed Up, RT <= 1.40"
2022-03-22,SELL,QLD,33.380027543134126,9528.188172616696,752.8302712010918,QLD Confirmed-Down proxy exit
2022-03-23,BUY,QLD,34.02699518504472,9347.025263573596,,"QLD entry: Confirmed Up, RT <= 1.40"
2022-04-07,SELL,QLD,33.557822363830134,9347.025263573596,-4385.370212874841,QLD Confirmed-Down proxy exit
2022-05-12,BUY,QQQ,279.9788270613995,1120.3197638814602,,"QQQ RT10/RT15 crossover, RT <= 1.12"
2022-07-20,SELL,QQQ,291.52497556868116,1120.3197638814602,12935.378369418031,"QLD entry: Confirmed Up, RT <= 1.40"
2022-07-20,BUY,QLD,23.132429192624915,14118.758954151705,,"QLD entry: Confirmed Up, RT <= 1.40"
2022-07-27,SELL,QLD,23.122551688836896,14118.758954151705,-139.45809505175566,QLD Confirmed-Down proxy exit
2022-07-28,BUY,QLD,24.27324680846638,13449.4464739564,,"QLD entry: Confirmed Up, RT <= 1.40"
2022-08-29,SELL,QLD,23.705303192138672,13449.4464739564,-7638.5272680247435,QLD Confirmed-Down proxy exit
2022-09-13,BUY,QLD,23.18181262507632,13753.16122116776,,"QLD entry: Confirmed Up, RT <= 1.40"
2022-09-14,SELL,QLD,22.090377087075325,13753.16122116776,-15010.6889166396,QLD 5% loss exit
2022-09-19,BUY,QQQ,279.7013441584104,1086.2032802490621,,"QQQ RT10/RT15 crossover, RT <= 1.12"
2022-11-11,SELL,QQQ,276.24055218615365,1086.2032802490621,-3759.1235925249057,"QLD entry: Confirmed Up, RT <= 1.40"
2022-11-11,BUY,QLD,19.7791146382606,15170.21360207857,,"QLD entry: Confirmed Up, RT <= 1.40"
2022-11-30,SELL,QLD,19.443289744808922,15170.21360207857,-5094.5353665572475,QLD Confirmed-Down proxy exit
2022-12-01,BUY,QLD,21.221186033802017,13899.26359846391,,"QLD entry: Confirmed Up, RT <= 1.40"
2022-12-07,SELL,QLD,19.3099486880366,13899.26359846391,-26564.79166802205,QLD 5% loss exit
2022-12-09,BUY,QLD,19.635892947906438,13668.544007643357,,"QLD entry: Confirmed Up, RT <= 1.40"
2022-12-12,SELL,QLD,19.5420603249995,13668.544007643357,-1282.5553355560987,QLD Confirmed-Down proxy exit
2022-12-13,BUY,QLD,21.56688686720862,12385.260478108534,,"QLD entry: Confirmed Up, RT <= 1.40"
2022-12-14,SELL,QLD,20.337177076279843,12385.260478108534,-15230.276073133311,QLD 5% loss exit
2023-01-10,BUY,QQQ,264.0935545337913,953.757602769949,,"QQQ RT10/RT15 crossover, RT <= 1.12"
2023-01-12,SELL,QQQ,272.55075772684324,953.757602769949,8066.121843543573,"QLD entry: Confirmed Up, RT <= 1.40"
2023-01-12,BUY,QLD,18.846600291253903,13792.798345880998,,"QLD entry: Confirmed Up, RT <= 1.40"
2023-01-20,SELL,QLD,18.633616191801018,13792.798345880998,-2937.6467346327263,QLD Confirmed-Down proxy exit
2023-01-23,BUY,QLD,19.530130636518184,13159.65138028764,,"QLD entry: Confirmed Up, RT <= 1.40"
2023-03-13,SELL,QLD,19.66386749508903,13159.65138028764,1759.9304354871565,QLD Confirmed-Down proxy exit
2023-03-14,BUY,QQQ,288.4165910413327,897.2078897723937,,"QQQ RT10/RT15 crossover, RT <= 1.12"
2023-03-15,SELL,QQQ,288.8084733222772,897.2078897723937,351.59987432541675,"QLD entry: Confirmed Up, RT <= 1.40"
2023-03-15,BUY,QLD,20.748596575850407,12488.615311912807,,"QLD entry: Confirmed Up, RT <= 1.40"
2023-05-26,SELL,QLD,27.311474672006707,12488.615311912807,81961.25988187472,QLD 30% profit exit
2023-08-24,BUY,QLD,32.007031822382125,10656.486445619958,,"QLD entry: Confirmed Up, RT <= 1.40"
2023-08-25,SELL,QLD,30.189234798556033,10656.486445619958,-19371.329345291015,QLD 5% loss exit
2023-08-29,BUY,QLD,30.932196292307253,10400.527928709005,,"QLD entry: Confirmed Up, RT <= 1.40"
2023-09-21,SELL,QLD,29.935471151321824,10400.527928709005,-10366.467666065379,QLD Confirmed-Down proxy exit
2023-10-09,BUY,QLD,30.06958251416561,10354.141219676483,,"QLD entry: Confirmed Up, RT <= 1.40"
2023-10-16,SELL,QLD,30.735146015025492,10354.141219676483,6891.338478565507,QLD Confirmed-Down proxy exit
2023-10-17,BUY,QLD,30.571236944186165,10409.655416558828,,"QLD entry: Confirmed Up, RT <= 1.40"
2023-10-19,SELL,QLD,30.382495099224926,10409.655416558828,-1964.73756873206,QLD Confirmed-Down proxy exit
2023-11-03,BUY,QLD,30.22355585252916,10464.397578544771,,"QLD entry: Confirmed Up, RT <= 1.40"
2024-01-22,SELL,QLD,40.19358356638597,10464.397578544771,104330.33386690746,QLD 30% profit exit
