date,time,action,symbol,price,shares,fee,branch
2023-10-10,10:30,BUY,TQQQ,18.758203772152232,1265,11.864563885886286,bull_trend
2023-10-26,10:30,SELL,TQQQ,15.358642973322455,1265,9.714341680626452,bear_relative_inverse
2023-10-26,10:30,BUY,TECS,1510.4425352761089,12,9.062655211656653,bear_relative_inverse
2023-10-27,10:30,SELL,TECS,1517.6565891759349,12,9.10593953505561,bear_tqqq_oversold
2023-10-27,10:30,BUY,TECL,37.778585431094875,521,9.841321504800215,bear_tqqq_oversold
2023-10-30,10:30,SELL,TECL,37.92746641955778,521,9.880105002294803,bear_spy_oversold
2023-10-30,10:30,BUY,SPXL,67.75318169382176,291,9.858087936451065,bear_spy_oversold
2023-10-31,10:30,SELL,SPXL,69.08971227825624,291,10.052553136486283,bear_relative_inverse
2023-10-31,10:30,BUY,TECS,1486.0951033641954,13,9.65961817186727,bear_relative_inverse
2023-11-02,10:30,SELL,TECS,1321.073620405671,13,8.586978532636861,bull_trend
2023-11-02,10:30,BUY,TQQQ,17.371221512219947,1039,9.024349575598263,bull_trend
2023-12-14,10:30,SELL,TQQQ,23.762977703815253,1039,12.344866917132023,bull_overbought
2023-12-14,10:30,BUY,UVXY,218.37498474121094,111,12.119811653137207,bull_overbought
2023-12-21,10:30,SELL,UVXY,241.75,111,13.417125,bull_trend
2023-12-21,10:30,BUY,TQQQ,24.102950259271744,1110,13.377137393895817,bull_trend
2024-06-14,10:30,SELL,TQQQ,35.93741583223448,1110,19.945265786890136,bull_overbought
2024-06-14,10:30,BUY,UVXY,124.5999984741211,314,19.56219976043701,bull_overbought
2024-06-21,10:30,SELL,UVXY,126.54999542236328,314,19.868349281311037,bull_trend
2024-06-21,10:30,BUY,TQQQ,36.32116069068883,1094,19.86767489780679,bull_trend
2024-07-08,10:30,SELL,TQQQ,40.09133202913564,1094,21.929958619937196,bull_overbought
2024-07-08,10:30,BUY,UVXY,107.60000610351562,405,21.789001235961916,bull_overbought
2024-07-12,10:30,SELL,UVXY,103.25,405,20.908125000000002,bull_trend
2024-07-12,10:30,BUY,TQQQ,39.61534259721531,1058,20.956516233926898,bull_trend
2025-03-11,10:30,SELL,TQQQ,28.885024053949568,1058,15.280177724539323,bear_tqqq_oversold
2025-03-11,10:30,BUY,TECL,56.29354491320432,552,15.537018396044392,bear_tqqq_oversold
2025-03-17,10:30,SELL,TECL,61.54449722900594,552,16.986281235205638,bear_relative_bond
2025-03-17,10:30,BUY,BSV,73.90202327884737,457,16.886612319216624,bear_relative_bond
2025-03-25,10:30,SELL,BSV,74.02784115164137,457,16.915361703150054,bull_trend
2025-03-25,10:30,BUY,TQQQ,33.088367216410155,1023,16.924699831193795,bull_trend
2025-03-27,10:30,SELL,TQQQ,31.454623608229376,1023,16.089039975609328,bear_relative_bond
2025-03-27,10:30,BUY,BSV,74.03960490557063,435,16.10361406696161,bear_relative_bond
2025-04-04,10:30,SELL,BSV,74.96406192501789,435,16.30468346869139,bear_tqqq_oversold
2025-04-04,10:30,BUY,TECL,38.90193080544127,837,16.28045804207717,bear_tqqq_oversold
2025-04-10,10:30,SELL,TECL,43.11919642102849,837,18.04538370220042,bear_relative_bond
2025-04-10,10:30,BUY,BSV,74.33390139759895,483,17.95163718752015,bear_relative_bond
2025-04-14,10:30,SELL,BSV,74.15780214130241,483,17.909109217124534,bear_relative_inverse
2025-04-14,10:30,BUY,TECS,522.4750899133626,68,17.76415305705433,bear_relative_inverse
2025-04-15,10:30,SELL,TECS,541.4523151355685,68,18.40937871460933,bear_relative_bond
2025-04-15,10:30,BUY,BSV,74.3291445099021,497,18.470792410710672,bear_relative_bond
2025-04-25,10:30,SELL,BSV,74.60034520801668,497,18.538185784192144,bear_trend_long
2025-04-25,10:30,BUY,TECL,48.2455182133155,768,18.526278993913152,bear_trend_long
2025-05-05,10:30,SELL,TECL,55.77099326779019,768,21.416061414831436,bear_trend_inverse
2025-05-05,10:30,BUY,TECS,424.81279967762777,100,21.24063998388139,bear_trend_inverse
2025-05-06,10:30,SELL,TECS,437.79665121736673,100,21.88983256086834,bear_trend_long
2025-05-06,10:30,BUY,TECL,54.07471760820036,808,21.846185913712947,bear_trend_long
2025-05-13,10:30,SELL,TECL,68.1791274519936,808,27.544367490605413,bull_trend
2025-05-13,10:30,BUY,TQQQ,33.98357615287762,1603,27.23783628653141,bull_trend
2025-07-07,10:30,SELL,TQQQ,41.4980229703368,1603,33.26066541072494,bull_overbought
2025-07-07,10:30,BUY,UVXY,93.5,704,32.912,bull_overbought
2025-07-08,10:30,SELL,UVXY,90.9000015258789,704,31.996800537109376,bull_trend
2025-07-08,10:30,BUY,TQQQ,41.14779634800283,1557,32.0335594569202,bull_trend
2025-07-28,10:30,SELL,TQQQ,44.67484214904122,1557,34.779364613028584,bull_overbought
2025-07-28,10:30,BUY,UVXY,74.7249984741211,926,34.59767429351807,bull_overbought
2025-07-29,10:30,SELL,UVXY,72.69999694824219,926,33.66009858703613,bull_trend
2025-07-29,10:30,BUY,TQQQ,44.99530902159091,1497,33.6789888026608,bull_trend
2026-03-23,10:30,SELL,TQQQ,45.689068988586946,1497,34.19826813795733,bear_spy_oversold
2026-03-23,10:30,BUY,SPXL,194.97046225434875,350,34.11983089451103,bear_spy_oversold
2026-03-24,10:30,SELL,SPXL,187.69573188263413,350,32.846753079460974,bear_relative_inverse
2026-03-24,10:30,BUY,TECS,197.04957230469992,334,32.907278574884884,bear_relative_inverse
2026-03-30,10:30,SELL,TECS,225.70951738299806,334,37.69348940296067,bear_tqqq_oversold
2026-03-30,10:30,BUY,TECL,79.7705095415342,938,37.412368974979536,bear_tqqq_oversold
2026-04-01,10:30,SELL,TECL,90.83437357603073,938,42.60132120715841,bear_relative_inverse
2026-04-01,10:30,BUY,TECS,194.1736511742526,435,42.23276913039994,bear_relative_inverse
2026-04-02,10:30,SELL,TECS,201.71051505684076,435,43.87203702486287,bear_relative_bond
2026-04-02,10:30,BUY,BSV,76.8826735560095,1140,43.82312392692542,bear_relative_bond
2026-04-09,10:30,SELL,BSV,76.95149406619126,1140,43.86235161772902,bull_trend
2026-04-09,10:30,BUY,TQQQ,47.32101709835315,1852,43.81926183307502,bull_trend
2026-04-20,10:30,SELL,TQQQ,57.82682036790047,1852,53.54763566067584,bull_overbought
2026-04-20,10:30,BUY,UVXY,39.26499938964844,2700,53.00774917602539,bull_overbought
2026-04-21,10:30,SELL,UVXY,39.251399993896484,2700,52.989389991760255,bull_trend
2026-04-21,10:30,BUY,TQQQ,58.53020226726909,1809,52.9405679507449,bull_trend
2026-05-07,10:30,SELL,TQQQ,72.60578704059647,1809,65.6719343782195,bull_overbought
2026-05-07,10:30,BUY,UVXY,35.88999938964844,3620,64.96089889526367,bull_overbought
2026-05-13,10:30,SELL,UVXY,35.79499816894531,3620,64.78894668579102,bull_trend
2026-05-13,10:30,BUY,TQQQ,75.26655975249506,1720,64.72924138714575,bull_trend
2026-05-14,10:30,SELL,TQQQ,78.26475116918783,1720,67.30768600550154,bull_overbought
2026-05-14,10:30,BUY,UVXY,36.77000045776367,3651,67.12363583564759,bull_overbought
2026-05-18,10:30,SELL,UVXY,35.0,3651,63.8925,bull_trend
2026-05-18,10:30,BUY,TQQQ,74.54831188284886,1717,63.99972575142575,bull_trend
2026-06-03,10:30,SELL,TQQQ,87.14928831412935,1717,74.81766401768004,bull_overbought
2026-06-03,10:30,BUY,UVXY,29.059999465942383,5107,74.20470863628388,bull_overbought
2026-06-04,10:30,SELL,UVXY,28.549999237060547,5107,72.9024230518341,bull_trend
2026-06-04,10:30,BUY,TQQQ,83.86684706227301,1738,72.88029009711525,bull_trend
