date,from_symbol,to_symbol,fee
2012-01-03,CASH,QQQ,0.0
2012-02-01,QQQ,UVXY,0.0
2012-02-10,UVXY,QQQ,0.0
2012-02-13,QQQ,UVXY,0.0
2012-02-15,UVXY,QQQ,0.0
2012-02-28,QQQ,UVXY,0.0
2012-02-29,UVXY,QQQ,0.0
2012-03-06,QQQ,XLU,0.0
2012-03-07,XLU,QQQ,0.0
2012-03-19,QQQ,UVXY,0.0
2012-03-22,UVXY,QQQ,0.0
2012-03-26,QQQ,UVXY,0.0
2012-03-28,UVXY,QQQ,0.0
2012-04-09,QQQ,XLU,0.0
2012-04-17,XLU,QQQ,0.0
2012-04-18,QQQ,XLU,0.0
2012-04-26,XLU,QQQ,0.0
2012-05-04,QQQ,XLU,0.0
2012-05-14,XLU,TQQQ,0.0
2012-05-21,TQQQ,XLU,0.0
2012-06-01,XLU,TQQQ,0.0
2012-06-04,TQQQ,XLU,0.0
2012-06-14,XLU,QQQ,0.0
2012-06-25,QQQ,XLU,0.0
2012-06-26,XLU,QQQ,0.0
2012-07-24,QQQ,XLU,0.0
2012-07-26,XLU,QQQ,0.0
2012-08-16,QQQ,UVXY,0.0
2012-08-21,UVXY,QQQ,0.0
2012-10-10,QQQ,TQQQ,0.0
2012-10-15,TQQQ,XLU,0.0
2012-10-16,XLU,QQQ,0.0
2012-10-19,QQQ,TQQQ,0.0
2012-10-22,TQQQ,XLU,0.0
2012-10-23,XLU,TQQQ,0.0
2012-10-26,TQQQ,XLU,0.0
2012-10-31,XLU,TQQQ,0.0
2012-11-01,TQQQ,XLU,0.0
2012-11-08,XLU,TQQQ,0.0
2012-11-19,TQQQ,XLU,0.0
2012-11-23,XLU,QQQ,0.0
2012-11-27,QQQ,XLU,0.0
2012-11-28,XLU,QQQ,0.0
2012-12-28,QQQ,XLU,0.0
2012-12-31,XLU,QQQ,0.0
2013-02-25,QQQ,XLU,0.0
2013-02-27,XLU,QQQ,0.0
2013-04-15,QQQ,XLU,0.0
2013-04-16,XLU,QQQ,0.0
2013-04-17,QQQ,XLU,0.0
2013-04-22,XLU,QQQ,0.0
2013-05-15,QQQ,UVXY,0.0
2013-05-16,UVXY,QQQ,0.0
2013-05-17,QQQ,UVXY,0.0
2013-05-20,UVXY,QQQ,0.0
2013-05-21,QQQ,UVXY,0.0
2013-05-22,UVXY,QQQ,0.0
2013-06-05,QQQ,XLU,0.0
2013-06-07,XLU,QQQ,0.0
2013-06-11,QQQ,XLU,0.0
2013-06-13,XLU,QQQ,0.0
2013-06-14,QQQ,XLU,0.0
2013-06-17,XLU,QQQ,0.0
2013-06-19,QQQ,XLU,0.0
2013-06-24,XLU,TQQQ,0.0
2013-06-25,TQQQ,XLU,0.0
2013-07-05,XLU,QQQ,0.0
2013-08-15,QQQ,XLU,0.0
2013-09-09,XLU,QQQ,0.0
2013-10-07,QQQ,XLU,0.0
2013-10-10,XLU,QQQ,0.0
2013-12-11,QQQ,XLU,0.0
2013-12-16,XLU,QQQ,0.0
2013-12-17,QQQ,XLU,0.0
2013-12-18,XLU,QQQ,0.0
2014-01-24,QQQ,XLU,0.0
2014-02-11,XLU,QQQ,0.0
2014-03-26,QQQ,XLU,0.0
2014-03-28,XLU,QQQ,0.0
2014-04-07,QQQ,XLU,0.0
2014-04-09,XLU,QQQ,0.0
2014-04-10,QQQ,XLU,0.0
2014-04-16,XLU,QQQ,0.0
2014-06-06,QQQ,UVXY,0.0
2014-06-11,UVXY,QQQ,0.0
2014-06-27,QQQ,UVXY,0.0
2014-07-08,UVXY,QQQ,0.0
2014-07-31,QQQ,XLU,0.0
2014-08-18,XLU,QQQ,0.0
2014-08-26,QQQ,UVXY,0.0
2014-08-28,UVXY,QQQ,0.0
2014-08-29,QQQ,UVXY,0.0
2014-09-03,UVXY,QQQ,0.0
2014-09-23,QQQ,XLU,0.0
2014-09-24,XLU,QQQ,0.0
2014-09-25,QQQ,XLU,0.0
2014-10-13,XLU,TQQQ,0.0
2014-10-17,TQQQ,GLD,0.0
2014-10-20,GLD,XLU,0.0
2014-10-23,XLU,QQQ,0.0
2014-11-26,QQQ,UVXY,0.0
2014-12-01,UVXY,QQQ,0.0
2014-12-10,QQQ,XLU,0.0
2014-12-16,XLU,TQQQ,0.0
2014-12-17,TQQQ,XLU,0.0
2014-12-18,XLU,QQQ,0.0
2015-01-05,QQQ,XLU,0.0
2015-01-06,XLU,TQQQ,0.0
2015-01-07,TQQQ,XLU,0.0
2015-01-08,XLU,QQQ,0.0
2015-01-09,QQQ,XLU,0.0
2015-01-22,XLU,QQQ,0.0
2015-01-27,QQQ,XLU,0.0
2015-02-03,XLU,QQQ,0.0
2015-03-10,QQQ,XLU,0.0
2015-03-16,XLU,QQQ,0.0
2015-03-17,QQQ,XLU,0.0
2015-03-18,XLU,QQQ,0.0
2015-03-25,QQQ,XLU,0.0
2015-04-08,XLU,QQQ,0.0
2015-04-30,QQQ,XLU,0.0
2015-05-01,XLU,QQQ,0.0
2015-05-06,QQQ,XLU,0.0
2015-05-08,XLU,QQQ,0.0
2015-05-26,QQQ,XLU,0.0
2015-05-27,XLU,QQQ,0.0
2015-06-04,QQQ,XLU,0.0
2015-06-11,XLU,QQQ,0.0
2015-06-12,QQQ,XLU,0.0
2015-06-18,XLU,QQQ,0.0
2015-06-25,QQQ,XLU,0.0
2015-07-13,XLU,QQQ,0.0
2015-07-24,QQQ,XLU,0.0
2015-07-28,XLU,QQQ,0.0
2015-08-06,QQQ,XLU,0.0
2015-08-10,XLU,QQQ,0.0
2015-08-11,QQQ,XLU,0.0
2015-08-14,XLU,QQQ,0.0
2015-08-19,QQQ,XLU,0.0
2015-08-20,XLU,TQQQ,0.0
2015-08-26,TQQQ,GLD,0.0
2015-09-28,GLD,TQQQ,0.0
2015-09-30,TQQQ,GLD,0.0
2015-10-02,GLD,QQQ,0.0
2015-10-28,QQQ,UVXY,0.0
2015-10-29,UVXY,QQQ,0.0
2015-11-13,QQQ,GLD,0.0
2015-11-16,GLD,QQQ,0.0
2015-12-03,QQQ,XLU,0.0
2015-12-04,XLU,QQQ,0.0
2015-12-08,QQQ,XLU,0.0
2015-12-11,XLU,GLD,0.0
2015-12-16,GLD,QQQ,0.0
2015-12-17,QQQ,GLD,0.0
2015-12-23,GLD,QQQ,0.0
2015-12-28,QQQ,XLU,0.0
2015-12-29,XLU,QQQ,0.0
2015-12-31,QQQ,GLD,0.0
2016-01-07,GLD,TQQQ,0.0
2016-01-12,TQQQ,GLD,0.0
2016-01-13,GLD,TQQQ,0.0
2016-01-14,TQQQ,GLD,0.0
2016-01-15,GLD,TQQQ,0.0
2016-01-22,TQQQ,GLD,0.0
2016-02-08,GLD,TQQQ,0.0
2016-02-12,TQQQ,GLD,0.0
2016-02-17,GLD,QQQ,0.0
2016-04-28,QQQ,TQQQ,0.0
2016-05-02,TQQQ,QQQ,0.0
2016-05-03,QQQ,XLU,0.0
2016-05-04,XLU,TQQQ,0.0
2016-05-06,TQQQ,XLU,0.0
2016-05-10,XLU,QQQ,0.0
2016-05-11,QQQ,XLU,0.0
2016-05-24,XLU,QQQ,0.0
2016-06-15,QQQ,XLU,0.0
2016-06-16,XLU,QQQ,0.0
2016-06-17,QQQ,XLU,0.0
2016-06-20,XLU,QQQ,0.0
2016-06-24,QQQ,XLU,0.0
2016-06-27,XLU,TQQQ,0.0
2016-06-28,TQQQ,XLU,0.0
2016-06-30,XLU,QQQ,0.0
2016-08-01,QQQ,UVXY,0.0
2016-08-02,UVXY,QQQ,0.0
2016-08-26,QQQ,XLU,0.0
2016-08-29,XLU,QQQ,0.0
2016-08-31,QQQ,XLU,0.0
2016-09-02,XLU,QQQ,0.0
2016-09-09,QQQ,TQQQ,0.0
2016-09-12,TQQQ,XLU,0.0
2016-09-22,XLU,QQQ,0.0
2016-09-23,QQQ,XLU,0.0
2016-09-28,XLU,QQQ,0.0
2016-09-29,QQQ,XLU,0.0
2016-09-30,XLU,QQQ,0.0
2016-10-04,QQQ,XLU,0.0
2016-10-05,XLU,QQQ,0.0
2016-10-07,QQQ,XLU,0.0
2016-10-10,XLU,QQQ,0.0
2016-10-11,QQQ,XLU,0.0
2016-10-24,XLU,QQQ,0.0
2016-10-25,QQQ,XLU,0.0
2016-11-02,XLU,TQQQ,0.0
2016-11-07,TQQQ,XLU,0.0
2016-11-08,XLU,QQQ,0.0
2017-01-25,QQQ,UVXY,0.0
2017-01-30,UVXY,QQQ,0.0
2017-02-10,QQQ,UVXY,0.0
2017-02-28,UVXY,QQQ,0.0
2017-03-01,QQQ,UVXY,0.0
2017-03-02,UVXY,QQQ,0.0
2017-03-21,QQQ,XLU,0.0
2017-03-30,XLU,QQQ,0.0
2017-03-31,QQQ,XLU,0.0
2017-04-20,XLU,QQQ,0.0
2017-04-21,QQQ,XLU,0.0
2017-04-24,XLU,QQQ,0.0
2017-04-28,QQQ,UVXY,0.0
2017-05-03,UVXY,QQQ,0.0
2017-05-05,QQQ,UVXY,0.0
2017-05-17,UVXY,XLU,0.0
2017-05-19,XLU,QQQ,0.0
2017-06-02,QQQ,UVXY,0.0
2017-06-06,UVXY,QQQ,0.0
2017-06-29,QQQ,XLU,0.0
2017-07-03,XLU,QQQ,0.0
2017-07-06,QQQ,XLU,0.0
2017-07-10,XLU,QQQ,0.0
2017-07-11,QQQ,XLU,0.0
2017-07-12,XLU,QQQ,0.0
2017-08-10,QQQ,XLU,0.0
2017-08-14,XLU,QQQ,0.0
2017-08-17,QQQ,XLU,0.0
2017-08-30,XLU,QQQ,0.0
2017-11-07,QQQ,UVXY,0.0
2017-11-09,UVXY,QQQ,0.0
2017-11-15,QQQ,XLU,0.0
2017-11-16,XLU,QQQ,0.0
2018-01-08,QQQ,UVXY,0.0
2018-01-09,UVXY,QQQ,0.0
2018-01-12,QQQ,UVXY,0.0
2018-01-16,UVXY,QQQ,0.0
2018-01-17,QQQ,UVXY,0.0
2018-01-24,UVXY,QQQ,0.0
2018-01-26,QQQ,UVXY,0.0
2018-01-29,UVXY,QQQ,0.0
2018-02-02,QQQ,XLU,0.0
2018-02-05,XLU,TQQQ,0.0
2018-02-06,TQQQ,XLU,0.0
2018-02-08,XLU,TQQQ,0.0
2018-02-09,TQQQ,XLU,0.0
2018-02-26,XLU,QQQ,0.0
2018-02-27,QQQ,XLU,0.0
2018-03-08,XLU,QQQ,0.0
2018-03-21,QQQ,XLU,0.0
2018-03-23,XLU,TQQQ,0.0
2018-03-26,TQQQ,XLU,0.0
2018-04-16,XLU,QQQ,0.0
2018-04-20,QQQ,XLU,0.0
2018-04-23,XLU,QQQ,0.0
2018-04-24,QQQ,XLU,0.0
2018-04-26,XLU,QQQ,0.0
2018-04-30,QQQ,XLU,0.0
2018-05-01,XLU,QQQ,0.0
2018-05-02,QQQ,XLU,0.0
2018-05-04,XLU,QQQ,0.0
2018-06-06,QQQ,UVXY,0.0
2018-06-07,UVXY,QQQ,0.0
2018-06-25,QQQ,XLU,0.0
2018-07-06,XLU,QQQ,0.0
2018-10-05,QQQ,XLU,0.0
2018-10-08,XLU,TQQQ,0.0
2018-10-09,TQQQ,XLU,0.0
2018-10-10,XLU,TQQQ,0.0
2018-10-12,TQQQ,XLU,0.0
2018-10-23,XLU,GLD,0.0
2018-10-24,GLD,TQQQ,0.0
2018-10-25,TQQQ,GLD,0.0
2018-11-06,GLD,XLU,0.0
2018-11-07,XLU,QQQ,0.0
2018-11-12,QQQ,GLD,0.0
2018-11-28,GLD,QQQ,0.0
2018-12-04,QQQ,GLD,0.0
2018-12-20,GLD,TQQQ,0.0
2018-12-26,TQQQ,GLD,0.0
2019-01-09,GLD,QQQ,0.0
2019-03-21,QQQ,UVXY,0.0
2019-03-22,UVXY,QQQ,0.0
2019-04-22,QQQ,UVXY,0.0
2019-04-30,UVXY,QQQ,0.0
2019-05-07,QQQ,XLU,0.0
2019-05-13,XLU,TQQQ,0.0
2019-05-14,TQQQ,XLU,0.0
2019-05-29,XLU,TQQQ,0.0
2019-05-30,TQQQ,XLU,0.0
2019-05-31,XLU,TQQQ,0.0
2019-06-04,TQQQ,XLU,0.0
2019-06-07,XLU,QQQ,0.0
2019-08-01,QQQ,XLU,0.0
2019-08-05,XLU,TQQQ,0.0
2019-08-06,TQQQ,XLU,0.0
2019-08-29,XLU,QQQ,0.0
2019-09-03,QQQ,XLU,0.0
2019-09-04,XLU,QQQ,0.0
2019-10-01,QQQ,XLU,0.0
2019-10-11,XLU,QQQ,0.0
2019-12-19,QQQ,UVXY,0.0
2019-12-30,UVXY,QQQ,0.0
2020-01-02,QQQ,UVXY,0.0
2020-01-03,UVXY,QQQ,0.0
2020-01-09,QQQ,UVXY,0.0
2020-01-10,UVXY,QQQ,0.0
2020-01-13,QQQ,UVXY,0.0
2020-01-14,UVXY,QQQ,0.0
2020-01-16,QQQ,UVXY,0.0
2020-01-24,UVXY,QQQ,0.0
2020-01-27,QQQ,XLU,0.0
2020-01-28,XLU,QQQ,0.0
2020-01-31,QQQ,XLU,0.0
2020-02-04,XLU,QQQ,0.0
2020-02-19,QQQ,UVXY,0.0
2020-02-20,UVXY,QQQ,0.0
2020-02-24,QQQ,XLU,0.0
2020-02-25,XLU,TQQQ,0.0
2020-03-02,TQQQ,XLU,0.0
2020-03-03,XLU,GLD,0.0
2020-03-04,GLD,XLU,0.0
2020-03-05,XLU,GLD,0.0
2020-03-09,GLD,TQQQ,0.0
2020-03-10,TQQQ,GLD,0.0
2020-03-12,GLD,TQQQ,0.0
2020-03-13,TQQQ,GLD,0.0
2020-03-16,GLD,TQQQ,0.0
2020-03-17,TQQQ,GLD,0.0
2020-04-08,GLD,QQQ,0.0
2020-06-10,QQQ,UVXY,0.0
2020-06-11,UVXY,QQQ,0.0
2020-06-26,QQQ,XLU,0.0
2020-06-30,XLU,QQQ,0.0
2020-08-26,QQQ,UVXY,0.0
2020-08-27,UVXY,QQQ,0.0
2020-08-31,QQQ,UVXY,0.0
2020-09-03,UVXY,QQQ,0.0
2020-09-08,QQQ,XLU,0.0
2020-09-09,XLU,QQQ,0.0
2020-09-10,QQQ,XLU,0.0
2020-09-15,XLU,QQQ,0.0
2020-09-16,QQQ,XLU,0.0
2020-10-05,XLU,QQQ,0.0
2020-10-06,QQQ,XLU,0.0
2020-10-07,XLU,QQQ,0.0
2020-10-27,QQQ,XLU,0.0
2020-11-04,XLU,QQQ,0.0
2021-01-27,QQQ,XLU,0.0
2021-01-28,XLU,QQQ,0.0
2021-01-29,QQQ,XLU,0.0
2021-02-01,XLU,QQQ,0.0
2021-02-25,QQQ,TQQQ,0.0
2021-02-26,TQQQ,XLU,0.0
2021-03-01,XLU,QQQ,0.0
2021-03-03,QQQ,XLU,0.0
2021-03-04,XLU,TQQQ,0.0
2021-03-05,TQQQ,XLU,0.0
2021-03-08,XLU,TQQQ,0.0
2021-03-09,TQQQ,QQQ,0.0
2021-03-24,QQQ,XLU,0.0
2021-03-25,XLU,QQQ,0.0
2021-05-12,QQQ,TQQQ,0.0
2021-05-13,TQQQ,XLU,0.0
2021-05-14,XLU,QQQ,0.0
2021-05-18,QQQ,XLU,0.0
2021-05-20,XLU,QQQ,0.0
2021-05-21,QQQ,XLU,0.0
2021-05-24,XLU,QQQ,0.0
2021-06-18,QQQ,XLU,0.0
2021-06-21,XLU,QQQ,0.0
2021-07-02,QQQ,UVXY,0.0
2021-07-08,UVXY,QQQ,0.0
2021-07-19,QQQ,XLU,0.0
2021-07-20,XLU,QQQ,0.0
2021-09-10,QQQ,XLU,0.0
2021-09-13,XLU,QQQ,0.0
2021-09-14,QQQ,XLU,0.0
2021-09-15,XLU,QQQ,0.0
2021-09-17,QQQ,XLU,0.0
2021-09-20,XLU,TQQQ,0.0
2021-09-22,TQQQ,XLU,0.0
2021-09-28,XLU,TQQQ,0.0
2021-10-01,TQQQ,XLU,0.0
2021-10-04,XLU,TQQQ,0.0
2021-10-05,TQQQ,XLU,0.0
2021-10-14,XLU,QQQ,0.0
2021-11-03,QQQ,UVXY,0.0
2021-11-09,UVXY,QQQ,0.0
2021-11-26,QQQ,XLU,0.0
2021-11-29,XLU,QQQ,0.0
2021-11-30,QQQ,XLU,0.0
2021-12-07,XLU,QQQ,0.0
2021-12-14,QQQ,XLU,0.0
2021-12-15,XLU,QQQ,0.0
2021-12-17,QQQ,XLU,0.0
2021-12-21,XLU,QQQ,0.0
2022-01-10,QQQ,XLU,0.0
2022-01-11,XLU,QQQ,0.0
2022-01-13,QQQ,XLU,0.0
2022-01-19,XLU,TQQQ,0.0
2022-01-28,TQQQ,XLU,0.0
2022-02-09,XLU,QQQ,0.0
2022-02-10,QQQ,XLU,0.0
2022-02-11,XLU,GLD,0.0
2022-02-15,GLD,XLU,0.0
2022-02-17,XLU,GLD,0.0
2022-02-23,GLD,TQQQ,0.0
2022-02-24,TQQQ,GLD,0.0
2022-03-17,GLD,QQQ,0.0
2022-04-11,QQQ,GLD,0.0
2022-04-13,GLD,QQQ,0.0
2022-04-14,QQQ,GLD,0.0
2022-04-19,GLD,QQQ,0.0
2022-04-21,QQQ,GLD,0.0
2022-04-26,GLD,TQQQ,0.0
2022-04-28,TQQQ,GLD,0.0
2022-05-09,GLD,TQQQ,0.0
2022-05-10,TQQQ,GLD,0.0
2022-05-11,GLD,TQQQ,0.0
2022-05-13,TQQQ,GLD,0.0
2022-05-27,GLD,QQQ,0.0
2022-06-01,QQQ,GLD,0.0
2022-06-02,GLD,QQQ,0.0
2022-06-09,QQQ,GLD,0.0
2022-06-13,GLD,TQQQ,0.0
2022-06-15,TQQQ,GLD,0.0
2022-06-16,GLD,TQQQ,0.0
2022-06-17,TQQQ,GLD,0.0
2022-07-19,GLD,QQQ,0.0
2022-08-26,QQQ,GLD,0.0
2022-09-02,GLD,TQQQ,0.0
2022-09-07,TQQQ,GLD,0.0
2022-09-22,GLD,TQQQ,0.0
2022-09-28,TQQQ,GLD,0.0
2022-09-29,GLD,TQQQ,0.0
2022-10-03,TQQQ,GLD,0.0
2022-10-11,GLD,TQQQ,0.0
2022-10-13,TQQQ,GLD,0.0
2022-10-21,GLD,QQQ,0.0
2022-12-15,QQQ,GLD,0.0
2022-12-28,GLD,TQQQ,0.0
2022-12-29,TQQQ,GLD,0.0
2023-01-10,GLD,QQQ,0.0
2023-02-21,QQQ,XLU,0.0
2023-03-10,XLU,GLD,0.0
2023-03-14,GLD,XLU,0.0
2023-03-15,XLU,GLD,0.0
2023-03-16,GLD,XLU,0.0
2023-03-21,XLU,QQQ,0.0
2023-03-22,QQQ,XLU,0.0
2023-03-29,XLU,QQQ,0.0
2023-04-26,QQQ,XLU,0.0
2023-04-27,XLU,QQQ,0.0
2023-05-04,QQQ,XLU,0.0
2023-05-05,XLU,QQQ,0.0
2023-05-16,QQQ,XLU,0.0
2023-05-17,XLU,QQQ,0.0
2023-05-24,QQQ,XLU,0.0
2023-05-25,XLU,QQQ,0.0
2023-06-14,QQQ,UVXY,0.0
2023-06-16,UVXY,QQQ,0.0
2023-07-18,QQQ,UVXY,0.0
2023-07-20,UVXY,QQQ,0.0
2023-08-04,QQQ,XLU,0.0
2023-08-07,XLU,QQQ,0.0
2023-08-09,QQQ,XLU,0.0
2023-08-17,XLU,TQQQ,0.0
2023-08-21,TQQQ,XLU,0.0
2023-08-29,XLU,QQQ,0.0
2023-09-06,QQQ,XLU,0.0
2023-09-11,XLU,QQQ,0.0
2023-09-15,QQQ,XLU,0.0
2023-09-18,XLU,QQQ,0.0
2023-09-19,QQQ,XLU,0.0
2023-09-21,XLU,TQQQ,0.0
2023-09-25,TQQQ,XLU,0.0
2023-09-26,XLU,TQQQ,0.0
2023-09-28,TQQQ,XLU,0.0
2023-10-16,XLU,QQQ,0.0
2023-10-18,QQQ,XLU,0.0
2023-10-25,XLU,GLD,0.0
2023-10-26,GLD,TQQQ,0.0
2023-10-27,TQQQ,GLD,0.0
2023-11-01,GLD,XLU,0.0
2023-11-02,XLU,QQQ,0.0
2023-12-13,QQQ,UVXY,0.0
2023-12-14,UVXY,QQQ,0.0
2023-12-15,QQQ,UVXY,0.0
2023-12-20,UVXY,QQQ,0.0
2024-01-24,QQQ,UVXY,0.0
2024-01-26,UVXY,QQQ,0.0
2024-04-04,QQQ,XLU,0.0
2024-04-05,XLU,QQQ,0.0
2024-04-10,QQQ,XLU,0.0
2024-04-11,XLU,QQQ,0.0
2024-04-12,QQQ,XLU,0.0
2024-04-18,XLU,TQQQ,0.0
2024-04-22,TQQQ,XLU,0.0
2024-05-03,XLU,QQQ,0.0
2024-06-12,QQQ,UVXY,0.0
2024-06-20,UVXY,QQQ,0.0
2024-07-05,QQQ,UVXY,0.0
2024-07-11,UVXY,QQQ,0.0
2024-07-24,QQQ,TQQQ,0.0
2024-07-26,TQQQ,XLU,0.0
2024-07-30,XLU,TQQQ,0.0
2024-07-31,TQQQ,QQQ,0.0
2024-08-01,QQQ,XLU,0.0
2024-08-05,XLU,TQQQ,0.0
2024-08-08,TQQQ,XLU,0.0
2024-08-15,XLU,QQQ,0.0
2024-09-06,QQQ,XLU,0.0
2024-09-10,XLU,QQQ,0.0
2024-10-31,QQQ,XLU,0.0
2024-11-05,XLU,QQQ,0.0
2024-12-18,QQQ,XLU,0.0
2024-12-24,XLU,QQQ,0.0
2024-12-27,QQQ,XLU,0.0
2025-01-17,XLU,QQQ,0.0
2025-02-21,QQQ,XLU,0.0
2025-02-27,XLU,TQQQ,0.0
2025-02-28,TQQQ,XLU,0.0
2025-03-03,XLU,TQQQ,0.0
2025-03-05,TQQQ,XLU,0.0
2025-03-06,XLU,TQQQ,0.0
2025-03-07,TQQQ,XLU,0.0
2025-03-10,XLU,TQQQ,0.0
2025-03-14,TQQQ,GLD,0.0
2025-03-24,GLD,XLU,0.0
2025-03-26,XLU,GLD,0.0
2025-04-03,GLD,TQQQ,0.0
2025-04-09,TQQQ,GLD,0.0
2025-04-24,GLD,QQQ,0.0
2025-05-16,QQQ,UVXY,0.0
2025-05-20,UVXY,QQQ,0.0
2025-08-01,QQQ,XLU,0.0
2025-08-04,XLU,QQQ,0.0
2025-09-22,QQQ,UVXY,0.0
2025-09-23,UVXY,QQQ,0.0
2025-10-10,QQQ,XLU,0.0
2025-10-13,XLU,QQQ,0.0
2025-10-16,QQQ,XLU,0.0
2025-10-17,XLU,QQQ,0.0
2025-11-06,QQQ,XLU,0.0
2025-11-10,XLU,QQQ,0.0
2025-11-13,QQQ,XLU,0.0
2025-11-20,XLU,TQQQ,0.0
2025-11-21,TQQQ,XLU,0.0
2025-11-25,XLU,QQQ,0.0
2025-12-17,QQQ,XLU,0.0
2025-12-18,XLU,QQQ,0.0
2026-01-20,QQQ,XLU,0.0
2026-01-22,XLU,QQQ,0.0
2026-02-04,QQQ,XLU,0.0
2026-02-05,XLU,TQQQ,0.0
2026-02-06,TQQQ,QQQ,0.0
2026-02-12,QQQ,XLU,0.0
2026-02-20,XLU,QQQ,0.0
2026-02-23,QQQ,XLU,0.0
2026-02-25,XLU,QQQ,0.0
2026-02-27,QQQ,XLU,0.0
2026-03-20,XLU,GLD,0.0
2026-03-27,GLD,TQQQ,0.0
2026-03-31,TQQQ,GLD,0.0
2026-04-08,GLD,QQQ,0.0
2026-04-16,QQQ,UVXY,0.0
2026-04-20,UVXY,QQQ,0.0
2026-04-22,QQQ,UVXY,0.0
2026-04-23,UVXY,QQQ,0.0
2026-04-24,QQQ,UVXY,0.0
2026-04-28,UVXY,QQQ,0.0
2026-05-05,QQQ,UVXY,0.0
2026-05-15,UVXY,QQQ,0.0
2026-06-01,QQQ,UVXY,0.0
2026-06-03,UVXY,QQQ,0.0
2026-06-09,QQQ,XLU,0.0
2026-06-12,XLU,QQQ,0.0
2026-06-17,QQQ,XLU,0.0
2026-06-18,XLU,QQQ,0.0
2026-06-23,QQQ,XLU,0.0
2026-06-30,XLU,QQQ,0.0
2026-07-17,QQQ,XLU,0.0
2026-07-21,XLU,QQQ,0.0
2026-07-23,QQQ,XLU,0.0
2026-07-29,XLU,TQQQ,0.0
2026-07-30,TQQQ,XLU,0.0
2026-07-31,XLU,QQQ,0.0
